DATE_TIME,PLANT_ID,SOURCE_KEY,DC_POWER,AC_POWER,DAILY_YIELD,TOTAL_YIELD
2026-08-01 00:00:00,4135001,INV01,23.688,22.978,0.006,649816.053
2026-08-01 00:00:00,4135001,INV02,11.512,11.166,0.003,880285.725
2026-08-01 00:00:00,4135001,INV03,0.0,0.0,0.0,792797.577
2026-08-01 00:00:00,4135001,INV04,0.0,0.0,0.0,739463.394
2026-08-01 00:15:00,4135001,INV01,0.0,0.0,0.006,649816.053
2026-08-01 00:15:00,4135001,INV02,0.0,0.0,0.003,880285.725
2026-08-01 00:15:00,4135001,INV03,0.0,0.0,0.0,792797.577
2026-08-01 00:15:00,4135001,INV04,1.664,1.614,0.0,739463.394
2026-08-01 00:30:00,4135001,INV01,0.0,0.0,0.006,649816.053
2026-08-01 00:30:00,4135001,INV02,0.0,0.0,0.003,880285.725
2026-08-01 00:30:00,4135001,INV03,3.133,3.039,0.001,792797.577
2026-08-01 00:30:00,4135001,INV04,0.0,0.0,0.0,739463.394
2026-08-01 00:45:00,4135001,INV01,0.0,0.0,0.006,649816.053
2026-08-01 00:45:00,4135001,INV02,0.0,0.0,0.003,880285.725
2026-08-01 00:45:00,4135001,INV03,5.154,5.0,0.002,792797.579
2026-08-01 00:45:00,4135001,INV04,0.0,0.0,0.0,739463.394
2026-08-01 01:00:00,4135001,INV01,15.465,15.001,0.009,649816.057
2026-08-01 01:00:00,4135001,INV02,13.969,13.55,0.006,880285.729
2026-08-01 01:00:00,4135001,INV03,4.969,4.82,0.003,792797.58
2026-08-01 01:00:00,4135001,INV04,14.633,14.194,0.004,739463.398
2026-08-01 01:15:00,4135001,INV01,0.0,0.0,0.009,649816.057
2026-08-01 01:15:00,4135001,INV02,15.053,14.601,0.01,880285.732
2026-08-01 01:15:00,4135001,INV03,0.0,0.0,0.003,792797.58
2026-08-01 01:15:00,4135001,INV04,23.47,22.766,0.01,739463.403
2026-08-01 01:30:00,4135001,INV01,0.0,0.0,0.009,649816.057
2026-08-01 01:30:00,4135001,INV02,5.357,5.196,0.011,880285.734
2026-08-01 01:30:00,4135001,INV03,0.0,0.0,0.003,792797.58
2026-08-01 01:30:00,4135001,INV04,0.0,0.0,0.01,739463.403
2026-08-01 01:45:00,4135001,INV01,1.456,1.412,0.01,649816.057
2026-08-01 01:45:00,4135001,INV02,14.53,14.094,0.015,880285.737
2026-08-01 01:45:00,4135001,INV03,0.0,0.0,0.003,792797.58
2026-08-01 01:45:00,4135001,INV04,0.0,0.0,0.01,739463.403
2026-08-01 02:00:00,4135001,INV01,0.0,0.0,0.01,649816.057
2026-08-01 02:00:00,4135001,INV02,0.0,0.0,0.015,880285.737
2026-08-01 02:00:00,4135001,INV03,3.863,3.747,0.004,792797.581
2026-08-01 02:00:00,4135001,INV04,0.0,0.0,0.01,739463.403
2026-08-01 02:15:00,4135001,INV01,0.903,0.876,0.01,649816.058
2026-08-01 02:15:00,4135001,INV02,36.949,35.84,0.024,880285.746
2026-08-01 02:15:00,4135001,INV03,0.0,0.0,0.004,792797.581
2026-08-01 02:15:00,4135001,INV04,0.0,0.0,0.01,739463.403
2026-08-01 02:30:00,4135001,INV01,21.042,20.411,0.015,649816.063
2026-08-01 02:30:00,4135001,INV02,0.0,0.0,0.024,880285.746
2026-08-01 02:30:00,4135001,INV03,0.0,0.0,0.004,792797.581
2026-08-01 02:30:00,4135001,INV04,0.0,0.0,0.01,739463.403
2026-08-01 02:45:00,4135001,INV01,0.0,0.0,0.015,649816.063
2026-08-01 02:45:00,4135001,INV02,23.249,22.552,0.029,880285.752
2026-08-01 02:45:00,4135001,INV03,12.203,11.837,0.007,792797.584
2026-08-01 02:45:00,4135001,INV04,0.0,0.0,0.01,739463.403
2026-08-01 03:00:00,4135001,INV01,3.898,3.781,0.016,649816.064
2026-08-01 03:00:00,4135001,INV02,11.727,11.376,0.032,880285.755
2026-08-01 03:00:00,4135001,INV03,3.757,3.645,0.008,792797.585
2026-08-01 03:00:00,4135001,INV04,5.197,5.041,0.011,739463.405
2026-08-01 03:15:00,4135001,INV01,27.987,27.147,0.023,649816.07
2026-08-01 03:15:00,4135001,INV02,7.107,6.894,0.034,880285.756
2026-08-01 03:15:00,4135001,INV03,17.379,16.858,0.012,792797.589
2026-08-01 03:15:00,4135001,INV04,0.0,0.0,0.011,739463.405
2026-08-01 03:30:00,4135001,INV01,0.0,0.0,0.023,649816.07
2026-08-01 03:30:00,4135001,INV02,0.0,0.0,0.034,880285.756
2026-08-01 03:30:00,4135001,INV03,0.195,0.189,0.012,792797.589
2026-08-01 03:30:00,4135001,INV04,21.803,21.149,0.016,739463.41
2026-08-01 03:45:00,4135001,INV01,0.0,0.0,0.023,649816.07
2026-08-01 03:45:00,4135001,INV02,7.237,7.02,0.036,880285.758
2026-08-01 03:45:00,4135001,INV03,7.099,6.886,0.014,792797.591
2026-08-01 03:45:00,4135001,INV04,0.0,0.0,0.016,739463.41
2026-08-01 04:00:00,4135001,INV01,3.211,3.115,0.024,649816.071
2026-08-01 04:00:00,4135001,INV02,0.0,0.0,0.036,880285.758
2026-08-01 04:00:00,4135001,INV03,0.873,0.847,0.014,792797.591
2026-08-01 04:00:00,4135001,INV04,0.0,0.0,0.016,739463.41
2026-08-01 04:15:00,4135001,INV01,7.726,7.494,0.026,649816.073
2026-08-01 04:15:00,4135001,INV02,7.707,7.476,0.037,880285.76
2026-08-01 04:15:00,4135001,INV03,8.563,8.306,0.016,792797.593
2026-08-01 04:15:00,4135001,INV04,17.033,16.522,0.02,739463.414
2026-08-01 04:30:00,4135001,INV01,0.0,0.0,0.026,649816.073
2026-08-01 04:30:00,4135001,INV02,1.228,1.191,0.038,880285.76
2026-08-01 04:30:00,4135001,INV03,0.0,0.0,0.016,792797.593
2026-08-01 04:30:00,4135001,INV04,16.334,15.844,0.024,739463.418
2026-08-01 04:45:00,4135001,INV01,0.684,0.663,0.026,649816.073
2026-08-01 04:45:00,4135001,INV02,0.0,0.0,0.038,880285.76
2026-08-01 04:45:00,4135001,INV03,0.0,0.0,0.016,792797.593
2026-08-01 04:45:00,4135001,INV04,2.797,2.713,0.025,739463.419
2026-08-01 05:00:00,4135001,INV01,7.575,7.348,0.028,649816.075
2026-08-01 05:00:00,4135001,INV02,12.986,12.597,0.041,880285.763
2026-08-01 05:00:00,4135001,INV03,26.482,25.687,0.023,792797.599
2026-08-01 05:00:00,4135001,INV04,6.075,5.892,0.026,739463.42
2026-08-01 05:15:00,4135001,INV01,19.004,18.434,0.032,649816.08
2026-08-01 05:15:00,4135001,INV02,0.0,0.0,0.041,880285.763
2026-08-01 05:15:00,4135001,INV03,6.657,6.458,0.024,792797.601
2026-08-01 05:15:00,4135001,INV04,11.62,11.271,0.029,739463.423
2026-08-01 05:30:00,4135001,INV01,24.486,23.752,0.038,649816.086
2026-08-01 05:30:00,4135001,INV02,0.0,0.0,0.041,880285.763
2026-08-01 05:30:00,4135001,INV03,17.447,16.924,0.029,792797.605
2026-08-01 05:30:00,4135001,INV04,0.153,0.149,0.029,739463.423
2026-08-01 05:45:00,4135001,INV01,1.703,1.652,0.039,649816.086
2026-08-01 05:45:00,4135001,INV02,9.932,9.634,0.043,880285.766
2026-08-01 05:45:00,4135001,INV03,0.0,0.0,0.029,792797.605
2026-08-01 05:45:00,4135001,INV04,8.825,8.56,0.031,739463.425
2026-08-01 06:00:00,4135001,INV01,2729.734,2647.842,0.7,649816.748
2026-08-01 06:00:00,4135001,INV02,2735.743,2653.67,0.707,880286.429
2026-08-01 06:00:00,4135001,INV03,2678.859,2598.493,0.678,792798.255
2026-08-01 06:00:00,4135001,INV04,2700.348,2619.338,0.686,739464.08
2026-08-01 06:15:00,4135001,INV01,2023.149,1962.455,1.191,649817.239
2026-08-01 06:15:00,4135001,INV02,1890.872,1834.146,1.165,880286.888
2026-08-01 06:15:00,4135001,INV03,1995.172,1935.317,1.162,792798.739
2026-08-01 06:15:00,4135001,INV04,1873.815,1817.6,1.141,739464.534
2026-08-01 06:30:00,4135001,INV01,2383.332,2311.832,1.769,649817.817
2026-08-01 06:30:00,4135001,INV02,5015.257,4864.799,2.381,880288.104
2026-08-01 06:30:00,4135001,INV03,5156.2,5001.514,2.412,792799.989
2026-08-01 06:30:00,4135001,INV04,5100.252,4947.244,2.377,739465.771
2026-08-01 06:45:00,4135001,INV01,4889.376,4742.694,2.955,649819.002
2026-08-01 06:45:00,4135001,INV02,4730.421,4588.509,3.529,880289.251
2026-08-01 06:45:00,4135001,INV03,4973.611,4824.402,3.618,792801.195
2026-08-01 06:45:00,4135001,INV04,5007.679,4857.448,3.592,739466.986
2026-08-01 07:00:00,4135001,INV01,6093.392,5910.59,4.432,649820.48
2026-08-01 07:00:00,4135001,INV02,6317.438,6127.915,5.061,880290.783
2026-08-01 07:00:00,4135001,INV03,6274.853,6086.608,5.14,792802.717
2026-08-01 07:00:00,4135001,INV04,6110.574,5927.256,5.074,739468.467
2026-08-01 07:15:00,4135001,INV01,6469.793,6275.7,6.001,649822.049
2026-08-01 07:15:00,4135001,INV02,3333.096,3233.103,5.869,880291.591
2026-08-01 07:15:00,4135001,INV03,6297.433,6108.51,6.667,792804.244
2026-08-01 07:15:00,4135001,INV04,6310.965,6121.636,6.604,739469.998
2026-08-01 07:30:00,4135001,INV01,6352.786,6162.203,7.542,649823.589
2026-08-01 07:30:00,4135001,INV02,6440.051,6246.85,7.431,880293.153
2026-08-01 07:30:00,4135001,INV03,6232.341,6045.371,8.179,792805.755
2026-08-01 07:30:00,4135001,INV04,6331.865,6141.909,8.14,739471.533
2026-08-01 07:45:00,4135001,INV01,7394.679,7172.838,9.335,649825.383
2026-08-01 07:45:00,4135001,INV02,7792.793,7559.01,9.32,880295.043
2026-08-01 07:45:00,4135001,INV03,7789.996,7556.296,10.068,792807.644
2026-08-01 07:45:00,4135001,INV04,7826.563,7591.766,10.037,739473.431
2026-08-01 08:00:00,4135001,INV01,10495.638,10180.768,11.88,649827.928
2026-08-01 08:00:00,4135001,INV02,10340.875,10030.649,11.828,880297.551
2026-08-01 08:00:00,4135001,INV03,9698.922,9407.955,12.42,792809.996
2026-08-01 08:00:00,4135001,INV04,10343.509,10033.204,12.546,739475.939
2026-08-01 08:15:00,4135001,INV01,9565.314,9278.355,14.2,649830.247
2026-08-01 08:15:00,4135001,INV02,9393.648,9111.839,14.106,880299.828
2026-08-01 08:15:00,4135001,INV03,9702.605,9411.527,14.773,792812.349
2026-08-01 08:15:00,4135001,INV04,9608.111,9319.868,14.876,739478.269
2026-08-01 08:30:00,4135001,INV01,12878.584,12492.226,17.323,649833.37
2026-08-01 08:30:00,4135001,INV02,12090.759,11728.036,17.038,880302.76
2026-08-01 08:30:00,4135001,INV03,12693.578,12312.771,17.851,792815.427
2026-08-01 08:30:00,4135001,INV04,3269.282,3171.204,15.669,739479.062
2026-08-01 08:45:00,4135001,INV01,13947.74,13529.308,20.705,649836.753
2026-08-01 08:45:00,4135001,INV02,14297.579,13868.652,20.505,880306.228
2026-08-01 08:45:00,4135001,INV03,14662.998,14223.108,21.407,792818.983
2026-08-01 08:45:00,4135001,INV04,13860.97,13445.141,19.03,739482.424
2026-08-01 09:00:00,4135001,INV01,13074.286,12682.058,23.876,649839.923
2026-08-01 09:00:00,4135001,INV02,12955.271,12566.612,23.647,880309.369
2026-08-01 09:00:00,4135001,INV03,13220.927,12824.299,24.613,792822.189
2026-08-01 09:00:00,4135001,INV04,13350.021,12949.521,22.267,739485.661
2026-08-01 09:15:00,4135001,INV01,13579.573,13172.186,27.169,649843.216
2026-08-01 09:15:00,4135001,INV02,13921.631,13503.982,27.023,880312.745
2026-08-01 09:15:00,4135001,INV03,14314.98,13885.53,28.084,792825.661
2026-08-01 09:15:00,4135001,INV04,13611.005,13202.675,25.568,739488.962
2026-08-01 09:30:00,4135001,INV01,16970.695,16461.574,31.284,649847.332
2026-08-01 09:30:00,4135001,INV02,17351.217,16830.68,31.23,880316.953
2026-08-01 09:30:00,4135001,INV03,17708.636,17177.377,32.378,792829.955
2026-08-01 09:30:00,4135001,INV04,17024.848,16514.102,29.696,739493.09
2026-08-01 09:45:00,4135001,INV01,18838.038,18272.897,35.852,649851.9
2026-08-01 09:45:00,4135001,INV02,18725.982,18164.202,35.771,880321.494
2026-08-01 09:45:00,4135001,INV03,18640.851,18081.626,36.899,792834.475
2026-08-01 09:45:00,4135001,INV04,19544.065,18957.743,34.436,739497.83
2026-08-01 10:00:00,4135001,INV01,20472.282,19858.114,40.817,649856.864
2026-08-01 10:00:00,4135001,INV02,20820.837,20196.212,40.821,880326.543
2026-08-01 10:00:00,4135001,INV03,20166.331,19561.341,41.789,792839.366
2026-08-01 10:00:00,4135001,INV04,20530.015,19914.115,39.414,739502.808
2026-08-01 10:15:00,4135001,INV01,19774.925,19181.677,45.612,649861.66
2026-08-01 10:15:00,4135001,INV02,19998.921,19398.954,45.67,880331.393
2026-08-01 10:15:00,4135001,INV03,21005.888,20375.711,46.883,792844.46
2026-08-01 10:15:00,4135001,INV04,21199.027,20563.056,44.555,739507.949
2026-08-01 10:30:00,4135001,INV01,21527.556,20881.729,50.833,649866.88
2026-08-01 10:30:00,4135001,INV02,22305.984,21636.804,51.079,880336.802
2026-08-01 10:30:00,4135001,INV03,21588.158,20940.514,52.118,792849.695
2026-08-01 10:30:00,4135001,INV04,21397.938,20756.0,49.744,739513.138
2026-08-01 10:45:00,4135001,INV01,18726.834,18165.029,55.374,649871.422
2026-08-01 10:45:00,4135001,INV02,18547.537,17991.111,55.577,880341.3
2026-08-01 10:45:00,4135001,INV03,17870.027,17333.927,56.452,792854.028
2026-08-01 10:45:00,4135001,INV04,18865.032,18299.081,54.319,739517.713
2026-08-01 11:00:00,4135001,INV01,23255.501,22557.836,61.013,649877.061
2026-08-01 11:00:00,4135001,INV02,23339.996,22639.796,61.237,880346.96
2026-08-01 11:00:00,4135001,INV03,21871.345,21215.205,61.755,792859.332
2026-08-01 11:00:00,4135001,INV04,22916.448,22228.954,59.876,739523.27
2026-08-01 11:15:00,4135001,INV01,23834.432,23119.399,66.793,649882.841
2026-08-01 11:15:00,4135001,INV02,24575.998,23838.718,67.197,880352.919
2026-08-01 11:15:00,4135001,INV03,25280.143,24521.739,67.886,792865.463
2026-08-01 11:15:00,4135001,INV04,24281.497,23553.052,65.764,739529.158
2026-08-01 11:30:00,4135001,INV01,27422.805,26600.121,73.443,649889.491
2026-08-01 11:30:00,4135001,INV02,26621.924,25823.266,73.653,880359.375
2026-08-01 11:30:00,4135001,INV03,27515.901,26690.424,74.558,792872.135
2026-08-01 11:30:00,4135001,INV04,26181.398,25395.956,72.113,739535.507
2026-08-01 11:45:00,4135001,INV01,27954.83,27116.185,80.222,649896.27
2026-08-01 11:45:00,4135001,INV02,27857.312,27021.593,80.408,880366.131
2026-08-01 11:45:00,4135001,INV03,27468.168,26644.123,81.219,792878.796
2026-08-01 11:45:00,4135001,INV04,28057.979,27216.239,78.917,739542.311
2026-08-01 12:00:00,4135001,INV01,28176.42,27331.127,87.055,649903.103
2026-08-01 12:00:00,4135001,INV02,27973.197,27134.001,87.192,880372.914
2026-08-01 12:00:00,4135001,INV03,27320.578,26500.961,87.845,792885.421
2026-08-01 12:00:00,4135001,INV04,28600.722,27742.701,85.853,739549.247
2026-08-01 12:15:00,4135001,INV01,10373.019,10061.829,89.571,649905.618
2026-08-01 12:15:00,4135001,INV02,22953.197,22264.601,92.758,880378.48
2026-08-01 12:15:00,4135001,INV03,22990.457,22300.743,93.42,792890.997
2026-08-01 12:15:00,4135001,INV04,22449.872,21776.376,91.297,739554.691
2026-08-01 12:30:00,4135001,INV01,24595.877,23858.0,95.535,649911.583
2026-08-01 12:30:00,4135001,INV02,23473.643,22769.433,98.45,880384.173
2026-08-01 12:30:00,4135001,INV03,24445.112,23711.759,99.348,792896.925
2026-08-01 12:30:00,4135001,INV04,24076.528,23354.232,97.136,739560.529
2026-08-01 12:45:00,4135001,INV01,27045.433,26234.07,102.094,649918.141
2026-08-01 12:45:00,4135001,INV02,28885.986,28019.406,105.455,880391.177
2026-08-01 12:45:00,4135001,INV03,28105.018,27261.867,106.163,792903.74
2026-08-01 12:45:00,4135001,INV04,26940.134,26131.93,103.669,739567.062
2026-08-01 13:00:00,4135001,INV01,28035.319,27194.259,108.892,649924.94
2026-08-01 13:00:00,4135001,INV02,28023.779,27183.065,112.251,880397.973
2026-08-01 13:00:00,4135001,INV03,28877.31,28010.991,113.166,792910.743
2026-08-01 13:00:00,4135001,INV04,29350.12,28469.616,110.786,739574.18
2026-08-01 13:15:00,4135001,INV01,25155.524,24400.858,114.992,649931.04
2026-08-01 13:15:00,4135001,INV02,26220.744,25434.122,118.609,880404.332
2026-08-01 13:15:00,4135001,INV03,24910.173,24162.867,119.207,792916.784
2026-08-01 13:15:00,4135001,INV04,24918.904,24171.337,116.829,739580.223
2026-08-01 13:30:00,4135001,INV01,24867.43,24121.408,121.023,649937.07
2026-08-01 13:30:00,4135001,INV02,23738.894,23026.728,124.366,880410.088
2026-08-01 13:30:00,4135001,INV03,25229.8,24472.906,125.325,792922.902
2026-08-01 13:30:00,4135001,INV04,24900.364,24153.354,122.867,739586.261
2026-08-01 13:45:00,4135001,INV01,21921.559,21263.913,126.339,649942.386
2026-08-01 13:45:00,4135001,INV02,21647.135,20997.721,129.615,880415.338
2026-08-01 13:45:00,4135001,INV03,22220.83,21554.205,130.714,792928.29
2026-08-01 13:45:00,4135001,INV04,22196.002,21530.122,128.25,739591.644
2026-08-01 14:00:00,4135001,INV01,22381.086,21709.654,131.766,649947.814
2026-08-01 14:00:00,4135001,INV02,22416.832,21744.327,135.051,880420.774
2026-08-01 14:00:00,4135001,INV03,21289.197,20650.522,135.876,792933.453
2026-08-01 14:00:00,4135001,INV04,21952.555,21293.979,133.573,739596.967
2026-08-01 14:15:00,4135001,INV01,19379.462,18798.078,136.466,649952.513
2026-08-01 14:15:00,4135001,INV02,19531.807,18945.852,139.788,880425.51
2026-08-01 14:15:00,4135001,INV03,20176.799,19571.495,140.769,792938.346
2026-08-01 14:15:00,4135001,INV04,20103.192,19500.096,138.448,739601.842
2026-08-01 14:30:00,4135001,INV01,15787.485,15313.86,140.294,649956.342
2026-08-01 14:30:00,4135001,INV02,15664.947,15194.999,143.587,880429.309
2026-08-01 14:30:00,4135001,INV03,15931.642,15453.693,144.632,792942.209
2026-08-01 14:30:00,4135001,INV04,16520.864,16025.238,142.455,739605.848
2026-08-01 14:45:00,4135001,INV01,21733.722,21081.71,145.565,649961.612
2026-08-01 14:45:00,4135001,INV02,21324.351,20684.62,148.758,880434.48
2026-08-01 14:45:00,4135001,INV03,21033.837,20402.822,149.733,792947.31
2026-08-01 14:45:00,4135001,INV04,21690.411,21039.698,147.715,739611.108
2026-08-01 15:00:00,4135001,INV01,16864.695,16358.754,149.654,649965.702
2026-08-01 15:00:00,4135001,INV02,16976.135,16466.851,152.875,880438.597
2026-08-01 15:00:00,4135001,INV03,16734.871,16232.825,153.791,792951.368
2026-08-01 15:00:00,4135001,INV04,17718.462,17186.908,152.011,739615.405
2026-08-01 15:15:00,4135001,INV01,15990.982,15511.252,153.532,649969.58
2026-08-01 15:15:00,4135001,INV02,15893.657,15416.848,156.729,880442.451
2026-08-01 15:15:00,4135001,INV03,16874.12,16367.896,157.883,792955.46
2026-08-01 15:15:00,4135001,INV04,16918.251,16410.704,156.114,739619.508
2026-08-01 15:30:00,4135001,INV01,13137.115,12743.001,156.718,649972.765
2026-08-01 15:30:00,4135001,INV02,12816.611,12432.113,159.837,880445.559
2026-08-01 15:30:00,4135001,INV03,12862.889,12477.003,161.003,792958.579
2026-08-01 15:30:00,4135001,INV04,13156.956,12762.247,159.305,739622.698
2026-08-01 15:45:00,4135001,INV01,11252.215,10914.648,159.447,649975.494
2026-08-01 15:45:00,4135001,INV02,11179.902,10844.505,162.548,880448.27
2026-08-01 15:45:00,4135001,INV03,11774.174,11420.948,163.858,792961.435
2026-08-01 15:45:00,4135001,INV04,11854.561,11498.924,162.179,739625.573
2026-08-01 16:00:00,4135001,INV01,10324.56,10014.823,161.95,649977.998
2026-08-01 16:00:00,4135001,INV02,10265.701,9957.73,165.037,880450.76
2026-08-01 16:00:00,4135001,INV03,9792.122,9498.358,166.232,792963.809
2026-08-01 16:00:00,4135001,INV04,9881.614,9585.166,164.576,739627.969
2026-08-01 16:15:00,4135001,INV01,8363.313,8112.413,163.978,649980.026
2026-08-01 16:15:00,4135001,INV02,8739.014,8476.843,167.157,880452.879
2026-08-01 16:15:00,4135001,INV03,8511.973,8256.614,168.297,792965.873
2026-08-01 16:15:00,4135001,INV04,8512.877,8257.49,166.64,739630.034
2026-08-01 16:30:00,4135001,INV01,7629.405,7400.523,165.828,649981.876
2026-08-01 16:30:00,4135001,INV02,7210.131,6993.827,168.905,880454.628
2026-08-01 16:30:00,4135001,INV03,7577.2,7349.884,170.134,792967.711
2026-08-01 16:30:00,4135001,INV04,7663.327,7433.427,168.498,739631.892
2026-08-01 16:45:00,4135001,INV01,4944.623,4796.285,167.028,649983.075
2026-08-01 16:45:00,4135001,INV02,5288.723,5130.061,170.187,880455.91
2026-08-01 16:45:00,4135001,INV03,5293.04,5134.248,171.418,792968.994
2026-08-01 16:45:00,4135001,INV04,4982.045,4832.584,169.706,739633.1
2026-08-01 17:00:00,4135001,INV01,4216.348,4089.857,168.05,649984.098
2026-08-01 17:00:00,4135001,INV02,4407.033,4274.822,171.256,880456.979
2026-08-01 17:00:00,4135001,INV03,4351.789,4221.235,172.473,792970.05
2026-08-01 17:00:00,4135001,INV04,4468.667,4334.607,170.79,739634.184
2026-08-01 17:15:00,4135001,INV01,8305.267,8056.109,170.064,649986.112
2026-08-01 17:15:00,4135001,INV02,8233.163,7986.168,173.253,880458.975
2026-08-01 17:15:00,4135001,INV03,8169.866,7924.77,174.454,792972.031
2026-08-01 17:15:00,4135001,INV04,7983.396,7743.894,172.726,739636.12
2026-08-01 17:30:00,4135001,INV01,4966.896,4817.889,171.269,649987.316
2026-08-01 17:30:00,4135001,INV02,5189.852,5034.157,174.511,880460.234
2026-08-01 17:30:00,4135001,INV03,5228.788,5071.924,175.722,792973.299
2026-08-01 17:30:00,4135001,INV04,5284.045,5125.524,174.007,739637.401
2026-08-01 17:45:00,4135001,INV01,6246.525,6059.129,172.783,649988.831
2026-08-01 17:45:00,4135001,INV02,6085.194,5902.638,175.987,880461.709
2026-08-01 17:45:00,4135001,INV03,5979.803,5800.409,177.172,792974.749
2026-08-01 17:45:00,4135001,INV04,5927.892,5750.056,175.445,739638.839
2026-08-01 18:00:00,4135001,INV01,2514.522,2439.087,173.393,649989.441
2026-08-01 18:00:00,4135001,INV02,2409.203,2336.927,176.571,880462.294
2026-08-01 18:00:00,4135001,INV03,2375.229,2303.972,177.748,792975.325
2026-08-01 18:00:00,4135001,INV04,2521.31,2445.671,176.056,739639.45
2026-08-01 18:15:00,4135001,INV01,2001.554,1941.507,173.878,649989.926
2026-08-01 18:15:00,4135001,INV02,1905.346,1848.185,177.033,880462.756
2026-08-01 18:15:00,4135001,INV03,1902.609,1845.53,178.21,792975.786
2026-08-01 18:15:00,4135001,INV04,1986.37,1926.779,176.538,739639.932
2026-08-01 18:30:00,4135001,INV01,488.283,473.635,173.997,649990.044
2026-08-01 18:30:00,4135001,INV02,476.305,462.016,177.149,880462.871
2026-08-01 18:30:00,4135001,INV03,470.405,456.293,178.324,792975.9
2026-08-01 18:30:00,4135001,INV04,442.82,429.535,176.646,739640.039
2026-08-01 18:45:00,4135001,INV01,21.602,20.954,174.002,649990.05
2026-08-01 18:45:00,4135001,INV02,0.0,0.0,177.149,880462.871
2026-08-01 18:45:00,4135001,INV03,0.0,0.0,178.324,792975.9
2026-08-01 18:45:00,4135001,INV04,0.0,0.0,176.646,739640.039
2026-08-01 19:00:00,4135001,INV01,0.0,0.0,174.002,649990.05
2026-08-01 19:00:00,4135001,INV02,0.0,0.0,177.149,880462.871
2026-08-01 19:00:00,4135001,INV03,0.0,0.0,178.324,792975.9
2026-08-01 19:00:00,4135001,INV04,22.551,21.874,176.651,739640.045
2026-08-01 19:15:00,4135001,INV01,0.403,0.391,174.002,649990.05
2026-08-01 19:15:00,4135001,INV02,0.0,0.0,177.149,880462.871
2026-08-01 19:15:00,4135001,INV03,0.0,0.0,178.324,792975.9
2026-08-01 19:15:00,4135001,INV04,20.99,20.361,176.656,739640.05
2026-08-01 19:30:00,4135001,INV01,0.0,0.0,174.002,649990.05
2026-08-01 19:30:00,4135001,INV02,15.743,15.271,177.153,880462.875
2026-08-01 19:30:00,4135001,INV03,0.0,0.0,178.324,792975.9
2026-08-01 19:30:00,4135001,INV04,31.129,30.195,176.664,739640.057
2026-08-01 19:45:00,4135001,INV01,2.969,2.88,174.003,649990.05
2026-08-01 19:45:00,4135001,INV02,0.0,0.0,177.153,880462.875
2026-08-01 19:45:00,4135001,INV03,6.362,6.172,178.325,792975.902
2026-08-01 19:45:00,4135001,INV04,0.0,0.0,176.664,739640.057
2026-08-01 20:00:00,4135001,INV01,6.545,6.349,174.004,649990.052
2026-08-01 20:00:00,4135001,INV02,9.203,8.927,177.155,880462.877
2026-08-01 20:00:00,4135001,INV03,0.0,0.0,178.325,792975.902
2026-08-01 20:00:00,4135001,INV04,5.988,5.809,176.665,739640.059
2026-08-01 20:15:00,4135001,INV01,23.61,22.902,174.01,649990.058
2026-08-01 20:15:00,4135001,INV02,3.367,3.266,177.156,880462.878
2026-08-01 20:15:00,4135001,INV03,15.706,15.235,178.329,792975.906
2026-08-01 20:15:00,4135001,INV04,0.0,0.0,176.665,739640.059
2026-08-01 20:30:00,4135001,INV01,0.0,0.0,174.01,649990.058
2026-08-01 20:30:00,4135001,INV02,0.0,0.0,177.156,880462.878
2026-08-01 20:30:00,4135001,INV03,5.937,5.759,178.33,792975.907
2026-08-01 20:30:00,4135001,INV04,0.0,0.0,176.665,739640.059
2026-08-01 20:45:00,4135001,INV01,0.0,0.0,174.01,649990.058
2026-08-01 20:45:00,4135001,INV02,0.0,0.0,177.156,880462.878
2026-08-01 20:45:00,4135001,INV03,0.0,0.0,178.33,792975.907
2026-08-01 20:45:00,4135001,INV04,0.0,0.0,176.665,739640.059
2026-08-01 21:00:00,4135001,INV01,7.156,6.941,174.012,649990.059
2026-08-01 21:00:00,4135001,INV02,14.944,14.496,177.159,880462.882
2026-08-01 21:00:00,4135001,INV03,0.0,0.0,178.33,792975.907
2026-08-01 21:00:00,4135001,INV04,0.0,0.0,176.665,739640.059
2026-08-01 21:15:00,4135001,INV01,31.151,30.217,174.019,649990.067
2026-08-01 21:15:00,4135001,INV02,0.0,0.0,177.159,880462.882
2026-08-01 21:15:00,4135001,INV03,0.0,0.0,178.33,792975.907
2026-08-01 21:15:00,4135001,INV04,10.99,10.66,176.668,739640.061
2026-08-01 21:30:00,4135001,INV01,0.0,0.0,174.019,649990.067
2026-08-01 21:30:00,4135001,INV02,13.745,13.333,177.163,880462.885
2026-08-01 21:30:00,4135001,INV03,5.197,5.041,178.332,792975.908
2026-08-01 21:30:00,4135001,INV04,16.623,16.124,176.672,739640.065
2026-08-01 21:45:00,4135001,INV01,0.0,0.0,174.019,649990.067
2026-08-01 21:45:00,4135001,INV02,0.0,0.0,177.163,880462.885
2026-08-01 21:45:00,4135001,INV03,3.261,3.164,178.333,792975.909
2026-08-01 21:45:00,4135001,INV04,36.051,34.97,176.681,739640.074
2026-08-01 22:00:00,4135001,INV01,15.76,15.287,174.023,649990.071
2026-08-01 22:00:00,4135001,INV02,9.581,9.294,177.165,880462.887
2026-08-01 22:00:00,4135001,INV03,0.0,0.0,178.333,792975.909
2026-08-01 22:00:00,4135001,INV04,0.0,0.0,176.681,739640.074
2026-08-01 22:15:00,4135001,INV01,6.329,6.139,174.025,649990.072
2026-08-01 22:15:00,4135001,INV02,17.842,17.307,177.169,880462.892
2026-08-01 22:15:00,4135001,INV03,0.0,0.0,178.333,792975.909
2026-08-01 22:15:00,4135001,INV04,0.0,0.0,176.681,739640.074
2026-08-01 22:30:00,4135001,INV01,0.234,0.227,174.025,649990.072
2026-08-01 22:30:00,4135001,INV02,0.0,0.0,177.169,880462.892
2026-08-01 22:30:00,4135001,INV03,0.0,0.0,178.333,792975.909
2026-08-01 22:30:00,4135001,INV04,24.63,23.891,176.686,739640.08
2026-08-01 22:45:00,4135001,INV01,33.787,32.773,174.033,649990.081
2026-08-01 22:45:00,4135001,INV02,0.0,0.0,177.169,880462.892
2026-08-01 22:45:00,4135001,INV03,0.0,0.0,178.333,792975.909
2026-08-01 22:45:00,4135001,INV04,8.921,8.654,176.689,739640.082
2026-08-01 23:00:00,4135001,INV01,4.218,4.091,174.034,649990.082
2026-08-01 23:00:00,4135001,INV02,0.0,0.0,177.169,880462.892
2026-08-01 23:00:00,4135001,INV03,0.0,0.0,178.333,792975.909
2026-08-01 23:00:00,4135001,INV04,2.698,2.617,176.689,739640.083
2026-08-01 23:15:00,4135001,INV01,0.0,0.0,174.034,649990.082
2026-08-01 23:15:00,4135001,INV02,8.251,8.003,177.171,880462.894
2026-08-01 23:15:00,4135001,INV03,0.0,0.0,178.333,792975.909
2026-08-01 23:15:00,4135001,INV04,0.0,0.0,176.689,739640.083
2026-08-01 23:30:00,4135001,INV01,8.287,8.039,174.036,649990.084
2026-08-01 23:30:00,4135001,INV02,1.834,1.779,177.172,880462.894
2026-08-01 23:30:00,4135001,INV03,8.149,7.905,178.334,792975.911
2026-08-01 23:30:00,4135001,INV04,0.0,0.0,176.689,739640.083
2026-08-01 23:45:00,4135001,INV01,0.0,0.0,174.036,649990.084
2026-08-01 23:45:00,4135001,INV02,0.0,0.0,177.172,880462.894
2026-08-01 23:45:00,4135001,INV03,4.185,4.059,178.336,792975.912
2026-08-01 23:45:00,4135001,INV04,9.507,9.221,176.692,739640.085
2026-08-02 00:00:00,4135001,INV01,0.0,0.0,0.0,649990.084
2026-08-02 00:00:00,4135001,INV02,0.0,0.0,0.0,880462.894
2026-08-02 00:00:00,4135001,INV03,0.0,0.0,0.0,792975.912
2026-08-02 00:00:00,4135001,INV04,0.0,0.0,0.0,739640.085
2026-08-02 00:15:00,4135001,INV01,0.0,0.0,0.0,649990.084
2026-08-02 00:15:00,4135001,INV02,8.535,8.279,0.002,880462.896
2026-08-02 00:15:00,4135001,INV03,24.426,23.693,0.006,792975.918
2026-08-02 00:15:00,4135001,INV04,0.0,0.0,0.0,739640.085
2026-08-02 00:30:00,4135001,INV01,0.0,0.0,0.0,649990.084
2026-08-02 00:30:00,4135001,INV02,3.507,3.402,0.003,880462.897
2026-08-02 00:30:00,4135001,INV03,0.0,0.0,0.006,792975.918
2026-08-02 00:30:00,4135001,INV04,18.415,17.863,0.004,739640.09
2026-08-02 00:45:00,4135001,INV01,6.285,6.097,0.002,649990.085
2026-08-02 00:45:00,4135001,INV02,8.081,7.839,0.005,880462.899
2026-08-02 00:45:00,4135001,INV03,0.0,0.0,0.006,792975.918
2026-08-02 00:45:00,4135001,INV04,0.0,0.0,0.004,739640.09
2026-08-02 01:00:00,4135001,INV01,9.137,8.863,0.004,649990.087
2026-08-02 01:00:00,4135001,INV02,18.196,17.651,0.009,880462.903
2026-08-02 01:00:00,4135001,INV03,2.126,2.062,0.006,792975.919
2026-08-02 01:00:00,4135001,INV04,2.003,1.943,0.005,739640.09
2026-08-02 01:15:00,4135001,INV01,14.351,13.92,0.007,649990.091
2026-08-02 01:15:00,4135001,INV02,0.0,0.0,0.009,880462.903
2026-08-02 01:15:00,4135001,INV03,7.62,7.391,0.008,792975.921
2026-08-02 01:15:00,4135001,INV04,0.0,0.0,0.005,739640.09
2026-08-02 01:30:00,4135001,INV01,0.0,0.0,0.007,649990.091
2026-08-02 01:30:00,4135001,INV02,0.0,0.0,0.009,880462.903
2026-08-02 01:30:00,4135001,INV03,14.881,14.434,0.012,792975.924
2026-08-02 01:30:00,4135001,INV04,0.423,0.41,0.005,739640.09
2026-08-02 01:45:00,4135001,INV01,7.12,6.907,0.009,649990.093
2026-08-02 01:45:00,4135001,INV02,20.853,20.228,0.014,880462.909
2026-08-02 01:45:00,4135001,INV03,8.367,8.116,0.014,792975.926
2026-08-02 01:45:00,4135001,INV04,0.0,0.0,0.005,739640.09
2026-08-02 02:00:00,4135001,INV01,7.945,7.707,0.011,649990.095
2026-08-02 02:00:00,4135001,INV02,0.0,0.0,0.014,880462.909
2026-08-02 02:00:00,4135001,INV03,0.0,0.0,0.014,792975.926
2026-08-02 02:00:00,4135001,INV04,0.0,0.0,0.005,739640.09
2026-08-02 02:15:00,4135001,INV01,0.0,0.0,0.011,649990.095
2026-08-02 02:15:00,4135001,INV02,0.0,0.0,0.014,880462.909
2026-08-02 02:15:00,4135001,INV03,0.0,0.0,0.014,792975.926
2026-08-02 02:15:00,4135001,INV04,6.554,6.357,0.007,739640.092
2026-08-02 02:30:00,4135001,INV01,0.0,0.0,0.011,649990.095
2026-08-02 02:30:00,4135001,INV02,0.0,0.0,0.014,880462.909
2026-08-02 02:30:00,4135001,INV03,0.0,0.0,0.014,792975.926
2026-08-02 02:30:00,4135001,INV04,0.0,0.0,0.007,739640.092
2026-08-02 02:45:00,4135001,INV01,5.877,5.701,0.012,649990.096
2026-08-02 02:45:00,4135001,INV02,0.0,0.0,0.014,880462.909
2026-08-02 02:45:00,4135001,INV03,8.689,8.429,0.016,792975.928
2026-08-02 02:45:00,4135001,INV04,0.0,0.0,0.007,739640.092
2026-08-02 03:00:00,4135001,INV01,0.0,0.0,0.012,649990.096
2026-08-02 03:00:00,4135001,INV02,22.068,21.406,0.02,880462.914
2026-08-02 03:00:00,4135001,INV03,0.0,0.0,0.016,792975.928
2026-08-02 03:00:00,4135001,INV04,0.0,0.0,0.007,739640.092
2026-08-02 03:15:00,4135001,INV01,0.0,0.0,0.012,649990.096
2026-08-02 03:15:00,4135001,INV02,11.131,10.797,0.022,880462.917
2026-08-02 03:15:00,4135001,INV03,4.489,4.355,0.017,792975.929
2026-08-02 03:15:00,4135001,INV04,6.9,6.693,0.008,739640.094
2026-08-02 03:30:00,4135001,INV01,2.048,1.987,0.013,649990.096
2026-08-02 03:30:00,4135001,INV02,0.0,0.0,0.022,880462.917
2026-08-02 03:30:00,4135001,INV03,0.0,0.0,0.017,792975.929
2026-08-02 03:30:00,4135001,INV04,17.786,17.252,0.013,739640.098
2026-08-02 03:45:00,4135001,INV01,0.0,0.0,0.013,649990.096
2026-08-02 03:45:00,4135001,INV02,19.923,19.325,0.027,880462.921
2026-08-02 03:45:00,4135001,INV03,8.343,8.093,0.019,792975.931
2026-08-02 03:45:00,4135001,INV04,0.0,0.0,0.013,739640.098
2026-08-02 04:00:00,4135001,INV01,4.029,3.908,0.014,649990.097
2026-08-02 04:00:00,4135001,INV02,0.0,0.0,0.027,880462.921
2026-08-02 04:00:00,4135001,INV03,0.0,0.0,0.019,792975.931
2026-08-02 04:00:00,4135001,INV04,30.843,29.918,0.02,739640.105
2026-08-02 04:15:00,4135001,INV01,0.0,0.0,0.014,649990.097
2026-08-02 04:15:00,4135001,INV02,0.0,0.0,0.027,880462.921
2026-08-02 04:15:00,4135001,INV03,4.239,4.112,0.02,792975.932
2026-08-02 04:15:00,4135001,INV04,9.943,9.645,0.023,739640.108
2026-08-02 04:30:00,4135001,INV01,0.0,0.0,0.014,649990.097
2026-08-02 04:30:00,4135001,INV02,5.995,5.815,0.029,880462.923
2026-08-02 04:30:00,4135001,INV03,0.0,0.0,0.02,792975.932
2026-08-02 04:30:00,4135001,INV04,4.632,4.494,0.024,739640.109
2026-08-02 04:45:00,4135001,INV01,39.025,37.854,0.023,649990.107
2026-08-02 04:45:00,4135001,INV02,19.346,18.766,0.033,880462.928
2026-08-02 04:45:00,4135001,INV03,10.098,9.795,0.023,792975.935
2026-08-02 04:45:00,4135001,INV04,0.0,0.0,0.024,739640.109
2026-08-02 05:00:00,4135001,INV01,8.829,8.564,0.025,649990.109
2026-08-02 05:00:00,4135001,INV02,17.949,17.411,0.038,880462.932
2026-08-02 05:00:00,4135001,INV03,0.0,0.0,0.023,792975.935
2026-08-02 05:00:00,4135001,INV04,0.0,0.0,0.024,739640.109
2026-08-02 05:15:00,4135001,INV01,0.0,0.0,0.025,649990.109
2026-08-02 05:15:00,4135001,INV02,8.836,8.571,0.04,880462.934
2026-08-02 05:15:00,4135001,INV03,5.081,4.928,0.024,792975.936
2026-08-02 05:15:00,4135001,INV04,17.498,16.973,0.028,739640.113
2026-08-02 05:30:00,4135001,INV01,0.0,0.0,0.025,649990.109
2026-08-02 05:30:00,4135001,INV02,27.92,27.082,0.047,880462.941
2026-08-02 05:30:00,4135001,INV03,28.299,27.45,0.031,792975.943
2026-08-02 05:30:00,4135001,INV04,0.0,0.0,0.028,739640.113
2026-08-02 05:45:00,4135001,INV01,0.0,0.0,0.025,649990.109
2026-08-02 05:45:00,4135001,INV02,0.0,0.0,0.047,880462.941
2026-08-02 05:45:00,4135001,INV03,0.0,0.0,0.031,792975.943
2026-08-02 05:45:00,4135001,INV04,2.848,2.762,0.029,739640.114
2026-08-02 06:00:00,4135001,INV01,3177.251,3081.933,0.796,649990.88
2026-08-02 06:00:00,4135001,INV02,3052.123,2960.559,0.787,880463.681
2026-08-02 06:00:00,4135001,INV03,3087.979,2995.34,0.78,792976.692
2026-08-02 06:00:00,4135001,INV04,2947.08,2858.668,0.743,739640.829
2026-08-02 06:15:00,4135001,INV01,2046.92,1985.513,1.292,649991.376
2026-08-02 06:15:00,4135001,INV02,1954.857,1896.212,1.261,880464.155
2026-08-02 06:15:00,4135001,INV03,2027.709,1966.878,1.271,792977.183
2026-08-02 06:15:00,4135001,INV04,1972.236,1913.069,1.222,739641.307
2026-08-02 06:30:00,4135001,INV01,2795.216,2711.359,1.97,649992.054
2026-08-02 06:30:00,4135001,INV02,2637.883,2558.747,1.901,880464.795
2026-08-02 06:30:00,4135001,INV03,2758.697,2675.936,1.94,792977.852
2026-08-02 06:30:00,4135001,INV04,2666.429,2586.436,1.868,739641.953
2026-08-02 06:45:00,4135001,INV01,2789.188,2705.512,2.646,649992.73
2026-08-02 06:45:00,4135001,INV02,2702.054,2620.993,2.556,880465.45
2026-08-02 06:45:00,4135001,INV03,2666.336,2586.346,2.587,792978.499
2026-08-02 06:45:00,4135001,INV04,2797.109,2713.196,2.546,739642.632
2026-08-02 07:00:00,4135001,INV01,4590.696,4452.975,3.76,649993.843
2026-08-02 07:00:00,4135001,INV02,4931.759,4783.806,3.752,880466.646
2026-08-02 07:00:00,4135001,INV03,4795.931,4652.053,3.75,792979.662
2026-08-02 07:00:00,4135001,INV04,4978.087,4828.744,3.754,739643.839
2026-08-02 07:15:00,4135001,INV01,4172.281,4047.113,4.771,649994.855
2026-08-02 07:15:00,4135001,INV02,4286.35,4157.759,4.791,880467.685
2026-08-02 07:15:00,4135001,INV03,4345.225,4214.868,4.804,792980.716
2026-08-02 07:15:00,4135001,INV04,4101.206,3978.17,4.748,739644.833
2026-08-02 07:30:00,4135001,INV01,6187.138,6001.524,6.272,649996.356
2026-08-02 07:30:00,4135001,INV02,6251.32,6063.781,6.307,880469.201
2026-08-02 07:30:00,4135001,INV03,6213.073,6026.681,6.31,792982.222
2026-08-02 07:30:00,4135001,INV04,6127.154,5943.339,6.234,739646.319
2026-08-02 07:45:00,4135001,INV01,9268.558,8990.501,8.519,649998.603
2026-08-02 07:45:00,4135001,INV02,9266.466,8988.472,8.554,880471.448
2026-08-02 07:45:00,4135001,INV03,9187.43,8911.807,8.538,792984.45
2026-08-02 07:45:00,4135001,INV04,8659.98,8400.181,8.334,739648.419
2026-08-02 08:00:00,4135001,INV01,9796.971,9503.062,10.895,650000.979
2026-08-02 08:00:00,4135001,INV02,10016.277,9715.789,10.983,880473.877
2026-08-02 08:00:00,4135001,INV03,9675.437,9385.174,10.884,792986.797
2026-08-02 08:00:00,4135001,INV04,9780.002,9486.602,10.706,739650.791
2026-08-02 08:15:00,4135001,INV01,10813.021,10488.63,13.517,650003.601
2026-08-02 08:15:00,4135001,INV02,10471.179,10157.044,13.522,880476.417
2026-08-02 08:15:00,4135001,INV03,11073.474,10741.27,13.57,792989.482
2026-08-02 08:15:00,4135001,INV04,10377.914,10066.576,13.222,739653.308
2026-08-02 08:30:00,4135001,INV01,11975.454,11616.19,16.421,650006.505
2026-08-02 08:30:00,4135001,INV02,11867.405,11511.383,16.4,880479.294
2026-08-02 08:30:00,4135001,INV03,11794.602,11440.764,16.43,792992.342
2026-08-02 08:30:00,4135001,INV04,11550.016,11203.516,16.023,739656.108
2026-08-02 08:45:00,4135001,INV01,10361.353,10050.512,18.934,650009.018
2026-08-02 08:45:00,4135001,INV02,10665.992,10346.012,18.987,880481.881
2026-08-02 08:45:00,4135001,INV03,10659.371,10339.59,19.015,792994.927
2026-08-02 08:45:00,4135001,INV04,10372.345,10061.174,18.538,739658.624
2026-08-02 09:00:00,4135001,INV01,10446.256,10132.869,21.467,650011.551
2026-08-02 09:00:00,4135001,INV02,10306.377,9997.186,21.486,880484.38
2026-08-02 09:00:00,4135001,INV03,10857.996,10532.256,21.648,792997.56
2026-08-02 09:00:00,4135001,INV04,10438.881,10125.715,21.07,739661.155
2026-08-02 09:15:00,4135001,INV01,16338.517,15848.361,25.429,650015.513
2026-08-02 09:15:00,4135001,INV02,16507.479,16012.254,25.489,880488.383
2026-08-02 09:15:00,4135001,INV03,15625.215,15156.459,25.437,793001.349
2026-08-02 09:15:00,4135001,INV04,15293.221,14834.424,24.779,739664.864
2026-08-02 09:30:00,4135001,INV01,17084.352,16571.822,29.572,650019.656
2026-08-02 09:30:00,4135001,INV02,16508.933,16013.665,29.493,880492.387
2026-08-02 09:30:00,4135001,INV03,16646.574,16147.177,29.474,793005.386
2026-08-02 09:30:00,4135001,INV04,17154.557,16639.92,28.939,739669.024
2026-08-02 09:45:00,4135001,INV01,17854.174,17318.549,33.902,650023.986
2026-08-02 09:45:00,4135001,INV02,18479.578,17925.191,33.974,880496.868
2026-08-02 09:45:00,4135001,INV03,17348.401,16827.949,33.681,793009.593
2026-08-02 09:45:00,4135001,INV04,17243.375,16726.074,33.12,739673.205
2026-08-02 10:00:00,4135001,INV01,20177.492,19572.167,38.795,650028.879
2026-08-02 10:00:00,4135001,INV02,19133.901,18559.884,38.614,880501.508
2026-08-02 10:00:00,4135001,INV03,18853.658,18288.048,38.253,793014.165
2026-08-02 10:00:00,4135001,INV04,5993.0,5813.21,34.573,739674.659
2026-08-02 10:15:00,4135001,INV01,21754.862,21102.217,44.071,650034.154
2026-08-02 10:15:00,4135001,INV02,22069.116,21407.043,43.966,880506.86
2026-08-02 10:15:00,4135001,INV03,22061.685,21399.835,43.603,793019.515
2026-08-02 10:15:00,4135001,INV04,20590.805,19973.081,39.567,739679.652
2026-08-02 10:30:00,4135001,INV01,22311.32,21641.98,49.481,650039.565
2026-08-02 10:30:00,4135001,INV02,23814.113,23099.689,49.741,880512.635
2026-08-02 10:30:00,4135001,INV03,23101.505,22408.46,49.205,793025.117
2026-08-02 10:30:00,4135001,INV04,23577.015,22869.705,45.284,739685.369
2026-08-02 10:45:00,4135001,INV01,22512.054,21836.693,54.94,650045.024
2026-08-02 10:45:00,4135001,INV02,21829.657,21174.767,55.034,880517.928
2026-08-02 10:45:00,4135001,INV03,22286.171,21617.586,54.609,793030.522
2026-08-02 10:45:00,4135001,INV04,23160.468,22465.654,50.9,739690.986
2026-08-02 11:00:00,4135001,INV01,25409.002,24646.732,61.102,650051.186
2026-08-02 11:00:00,4135001,INV02,25170.31,24415.201,61.138,880524.032
2026-08-02 11:00:00,4135001,INV03,26947.86,26139.424,61.144,793037.056
2026-08-02 11:00:00,4135001,INV04,26187.602,25401.973,57.251,739697.336
2026-08-02 11:15:00,4135001,INV01,25073.997,24321.777,67.182,650057.266
2026-08-02 11:15:00,4135001,INV02,24491.728,23756.976,67.077,880529.971
2026-08-02 11:15:00,4135001,INV03,23636.442,22927.349,66.876,793042.788
2026-08-02 11:15:00,4135001,INV04,23697.047,22986.135,62.997,739703.083
2026-08-02 11:30:00,4135001,INV01,26073.616,25291.408,73.505,650063.589
2026-08-02 11:30:00,4135001,INV02,24869.347,24123.267,73.108,880536.002
2026-08-02 11:30:00,4135001,INV03,25882.62,25106.141,73.153,793049.065
2026-08-02 11:30:00,4135001,INV04,25744.751,24972.408,69.241,739709.326
2026-08-02 11:45:00,4135001,INV01,24038.543,23317.386,79.335,650069.418
2026-08-02 11:45:00,4135001,INV02,24728.846,23986.981,79.105,880541.999
2026-08-02 11:45:00,4135001,INV03,25327.305,24567.486,79.294,793055.207
2026-08-02 11:45:00,4135001,INV04,23956.653,23237.953,75.05,739715.135
2026-08-02 12:00:00,4135001,INV01,9938.194,9640.048,81.745,650071.828
2026-08-02 12:00:00,4135001,INV02,27290.586,26471.869,85.723,880548.617
2026-08-02 12:00:00,4135001,INV03,25619.696,24851.105,85.507,793061.419
2026-08-02 12:00:00,4135001,INV04,7630.021,7401.121,76.9,739716.986
2026-08-02 12:15:00,4135001,INV01,24927.801,24179.967,87.79,650077.873
2026-08-02 12:15:00,4135001,INV02,25413.108,24650.715,91.885,880554.78
2026-08-02 12:15:00,4135001,INV03,26154.129,25369.505,91.85,793067.762
2026-08-02 12:15:00,4135001,INV04,26120.855,25337.229,83.235,739723.32
2026-08-02 12:30:00,4135001,INV01,25519.01,24753.44,93.978,650084.062
2026-08-02 12:30:00,4135001,INV02,24490.271,23755.563,97.824,880560.719
2026-08-02 12:30:00,4135001,INV03,24601.927,23863.869,97.816,793073.728
2026-08-02 12:30:00,4135001,INV04,24610.341,23872.031,89.203,739729.288
2026-08-02 12:45:00,4135001,INV01,23248.68,22551.22,99.616,650089.699
2026-08-02 12:45:00,4135001,INV02,24208.245,23481.998,103.695,880566.589
2026-08-02 12:45:00,4135001,INV03,23742.61,23030.332,103.573,793079.485
2026-08-02 12:45:00,4135001,INV04,24260.566,23532.749,95.086,739735.171
2026-08-02 13:00:00,4135001,INV01,24543.564,23807.257,105.568,650095.651
2026-08-02 13:00:00,4135001,INV02,24182.205,23456.739,109.559,880572.453
2026-08-02 13:00:00,4135001,INV03,23936.867,23218.761,109.378,793085.29
2026-08-02 13:00:00,4135001,INV04,23481.076,22776.644,100.78,739740.865
2026-08-02 13:15:00,4135001,INV01,23205.504,22509.339,111.195,650101.279
2026-08-02 13:15:00,4135001,INV02,23622.808,22914.124,115.288,880578.182
2026-08-02 13:15:00,4135001,INV03,24949.56,24201.073,115.428,793091.34
2026-08-02 13:15:00,4135001,INV04,24874.741,24128.499,106.812,739746.897
2026-08-02 13:30:00,4135001,INV01,21993.405,21333.603,116.528,650106.612
2026-08-02 13:30:00,4135001,INV02,21784.762,21131.219,120.57,880583.465
2026-08-02 13:30:00,4135001,INV03,21444.421,20801.089,120.628,793096.541
2026-08-02 13:30:00,4135001,INV04,21459.765,20815.972,112.016,739752.101
2026-08-02 13:45:00,4135001,INV01,19581.364,18993.923,121.277,650111.36
2026-08-02 13:45:00,4135001,INV02,19667.811,19077.777,125.34,880588.234
2026-08-02 13:45:00,4135001,INV03,19896.647,19299.748,125.453,793101.366
2026-08-02 13:45:00,4135001,INV04,19537.277,18951.159,116.754,739756.839
2026-08-02 14:00:00,4135001,INV01,19298.534,18719.578,125.957,650116.04
2026-08-02 14:00:00,4135001,INV02,18632.958,18073.969,129.858,880592.752
2026-08-02 14:00:00,4135001,INV03,18886.512,18319.917,130.033,793105.946
2026-08-02 14:00:00,4135001,INV04,19213.339,18636.939,121.413,739761.498
2026-08-02 14:15:00,4135001,INV01,18008.241,17467.994,130.324,650120.407
2026-08-02 14:15:00,4135001,INV02,17665.759,17135.786,134.142,880597.036
2026-08-02 14:15:00,4135001,INV03,18343.119,17792.825,134.481,793110.394
2026-08-02 14:15:00,4135001,INV04,18122.955,17579.266,125.808,739765.893
2026-08-02 14:30:00,4135001,INV01,19588.432,19000.779,135.074,650125.158
2026-08-02 14:30:00,4135001,INV02,19175.07,18599.818,138.792,880601.686
2026-08-02 14:30:00,4135001,INV03,18273.261,17725.063,138.913,793114.825
2026-08-02 14:30:00,4135001,INV04,19337.895,18757.758,130.497,739770.583
2026-08-02 14:45:00,4135001,INV01,15763.018,15290.127,138.896,650128.98
2026-08-02 14:45:00,4135001,INV02,15492.916,15028.128,142.549,880605.443
2026-08-02 14:45:00,4135001,INV03,6483.811,6289.296,140.485,793116.397
2026-08-02 14:45:00,4135001,INV04,16594.885,16097.039,134.522,739774.607
2026-08-02 15:00:00,4135001,INV01,15629.79,15160.896,142.687,650132.77
2026-08-02 15:00:00,4135001,INV02,15289.355,14830.675,146.257,880609.151
2026-08-02 15:00:00,4135001,INV03,15181.191,14725.756,144.167,793120.079
2026-08-02 15:00:00,4135001,INV04,14797.687,14353.757,138.11,739778.195
2026-08-02 15:15:00,4135001,INV01,14809.724,14365.433,146.278,650136.362
2026-08-02 15:15:00,4135001,INV02,15065.443,14613.48,149.91,880612.804
2026-08-02 15:15:00,4135001,INV03,14548.918,14112.45,147.695,793123.607
2026-08-02 15:15:00,4135001,INV04,14539.604,14103.416,141.636,739781.721
2026-08-02 15:30:00,4135001,INV01,14376.654,13945.355,149.764,650139.848
2026-08-02 15:30:00,4135001,INV02,14528.325,14092.475,153.433,880616.328
2026-08-02 15:30:00,4135001,INV03,14581.3,14143.861,151.231,793127.143
2026-08-02 15:30:00,4135001,INV04,14358.013,13927.273,145.118,739785.203
2026-08-02 15:45:00,4135001,INV01,11329.47,10989.586,152.512,650142.595
2026-08-02 15:45:00,4135001,INV02,11383.804,11042.29,156.194,880619.088
2026-08-02 15:45:00,4135001,INV03,11375.605,11034.337,153.989,793129.901
2026-08-02 15:45:00,4135001,INV04,11121.45,10787.806,147.815,739787.9
2026-08-02 16:00:00,4135001,INV01,9210.366,8934.055,154.745,650144.829
2026-08-02 16:00:00,4135001,INV02,9103.631,8830.522,158.402,880621.296
2026-08-02 16:00:00,4135001,INV03,9234.13,8957.106,156.228,793132.141
2026-08-02 16:00:00,4135001,INV04,9695.513,9404.648,150.166,739790.251
2026-08-02 16:15:00,4135001,INV01,9153.119,8878.525,156.965,650147.049
2026-08-02 16:15:00,4135001,INV02,1966.685,1907.685,158.879,880621.773
2026-08-02 16:15:00,4135001,INV03,9585.838,9298.263,158.553,793134.465
2026-08-02 16:15:00,4135001,INV04,9546.308,9259.919,152.481,739792.566
2026-08-02 16:30:00,4135001,INV01,7628.586,7399.728,158.815,650148.898
2026-08-02 16:30:00,4135001,INV02,7891.62,7654.871,160.792,880623.686
2026-08-02 16:30:00,4135001,INV03,7727.11,7495.297,160.427,793136.339
2026-08-02 16:30:00,4135001,INV04,8101.575,7858.528,154.445,739794.531
2026-08-02 16:45:00,4135001,INV01,7746.527,7514.132,160.693,650150.777
2026-08-02 16:45:00,4135001,INV02,7573.945,7346.727,162.629,880625.523
2026-08-02 16:45:00,4135001,INV03,7558.201,7331.455,162.26,793138.172
2026-08-02 16:45:00,4135001,INV04,7918.465,7680.911,156.366,739796.451
2026-08-02 17:00:00,4135001,INV01,8967.16,8698.145,162.868,650152.952
2026-08-02 17:00:00,4135001,INV02,8408.797,8156.533,164.668,880627.562
2026-08-02 17:00:00,4135001,INV03,8520.872,8265.246,164.326,793140.238
2026-08-02 17:00:00,4135001,INV04,8672.57,8412.393,158.469,739798.554
2026-08-02 17:15:00,4135001,INV01,9247.394,8969.972,165.11,650155.194
2026-08-02 17:15:00,4135001,INV02,9049.809,8778.315,166.863,880629.757
2026-08-02 17:15:00,4135001,INV03,8933.874,8665.857,166.492,793142.405
2026-08-02 17:15:00,4135001,INV04,3616.924,3508.417,159.346,739799.431
2026-08-02 17:30:00,4135001,INV01,4928.073,4780.231,166.305,650156.389
2026-08-02 17:30:00,4135001,INV02,5079.491,4927.106,168.094,880630.989
2026-08-02 17:30:00,4135001,INV03,4721.187,4579.552,167.637,793143.55
2026-08-02 17:30:00,4135001,INV04,4898.882,4751.916,160.534,739800.619
2026-08-02 17:45:00,4135001,INV01,3326.95,3227.141,167.112,650157.196
2026-08-02 17:45:00,4135001,INV02,3344.101,3243.778,168.905,880631.8
2026-08-02 17:45:00,4135001,INV03,3225.874,3129.098,168.42,793144.332
2026-08-02 17:45:00,4135001,INV04,3271.911,3173.754,161.327,739801.413
2026-08-02 18:00:00,4135001,INV01,1776.967,1723.658,167.543,650157.627
2026-08-02 18:00:00,4135001,INV02,1901.421,1844.378,169.366,880632.261
2026-08-02 18:00:00,4135001,INV03,1823.069,1768.377,168.862,793144.774
2026-08-02 18:00:00,4135001,INV04,1883.532,1827.026,161.784,739801.869
2026-08-02 18:15:00,4135001,INV01,1147.412,1112.989,167.821,650157.905
2026-08-02 18:15:00,4135001,INV02,1193.714,1157.902,169.656,880632.55
2026-08-02 18:15:00,4135001,INV03,1150.497,1115.982,169.141,793145.053
2026-08-02 18:15:00,4135001,INV04,1154.146,1119.522,162.064,739802.149
2026-08-02 18:30:00,4135001,INV01,472.11,457.947,167.936,650158.02
2026-08-02 18:30:00,4135001,INV02,477.074,462.762,169.772,880632.666
2026-08-02 18:30:00,4135001,INV03,487.947,473.308,169.259,793145.171
2026-08-02 18:30:00,4135001,INV04,469.929,455.831,162.178,739802.263
2026-08-02 18:45:00,4135001,INV01,0.0,0.0,167.936,650158.02
2026-08-02 18:45:00,4135001,INV02,0.0,0.0,169.772,880632.666
2026-08-02 18:45:00,4135001,INV03,3.482,3.378,169.26,793145.172
2026-08-02 18:45:00,4135001,INV04,0.0,0.0,162.178,739802.263
2026-08-02 19:00:00,4135001,INV01,0.0,0.0,167.936,650158.02
2026-08-02 19:00:00,4135001,INV02,0.0,0.0,169.772,880632.666
2026-08-02 19:00:00,4135001,INV03,0.0,0.0,169.26,793145.172
2026-08-02 19:00:00,4135001,INV04,0.0,0.0,162.178,739802.263
2026-08-02 19:15:00,4135001,INV01,0.0,0.0,167.936,650158.02
2026-08-02 19:15:00,4135001,INV02,0.0,0.0,169.772,880632.666
2026-08-02 19:15:00,4135001,INV03,17.879,17.343,169.264,793145.176
2026-08-02 19:15:00,4135001,INV04,0.0,0.0,162.178,739802.263
2026-08-02 19:30:00,4135001,INV01,0.0,0.0,167.936,650158.02
2026-08-02 19:30:00,4135001,INV02,0.489,0.474,169.772,880632.666
2026-08-02 19:30:00,4135001,INV03,0.0,0.0,169.264,793145.176
2026-08-02 19:30:00,4135001,INV04,29.751,28.858,162.185,739802.27
2026-08-02 19:45:00,4135001,INV01,21.166,20.531,167.941,650158.025
2026-08-02 19:45:00,4135001,INV02,0.0,0.0,169.772,880632.666
2026-08-02 19:45:00,4135001,INV03,0.0,0.0,169.264,793145.176
2026-08-02 19:45:00,4135001,INV04,0.0,0.0,162.185,739802.27
2026-08-02 20:00:00,4135001,INV01,0.0,0.0,167.941,650158.025
2026-08-02 20:00:00,4135001,INV02,14.366,13.935,169.775,880632.669
2026-08-02 20:00:00,4135001,INV03,1.642,1.593,169.265,793145.177
2026-08-02 20:00:00,4135001,INV04,15.788,15.314,162.189,739802.274
2026-08-02 20:15:00,4135001,INV01,0.0,0.0,167.941,650158.025
2026-08-02 20:15:00,4135001,INV02,0.0,0.0,169.775,880632.669
2026-08-02 20:15:00,4135001,INV03,18.261,17.713,169.269,793145.181
2026-08-02 20:15:00,4135001,INV04,12.308,11.939,162.192,739802.277
2026-08-02 20:30:00,4135001,INV01,0.0,0.0,167.941,650158.025
2026-08-02 20:30:00,4135001,INV02,0.0,0.0,169.775,880632.669
2026-08-02 20:30:00,4135001,INV03,21.896,21.239,169.274,793145.187
2026-08-02 20:30:00,4135001,INV04,0.0,0.0,162.192,739802.277
2026-08-02 20:45:00,4135001,INV01,8.527,8.271,167.943,650158.027
2026-08-02 20:45:00,4135001,INV02,1.58,1.532,169.776,880632.67
2026-08-02 20:45:00,4135001,INV03,14.556,14.119,169.278,793145.19
2026-08-02 20:45:00,4135001,INV04,12.05,11.689,162.195,739802.28
2026-08-02 21:00:00,4135001,INV01,16.229,15.742,167.947,650158.031
2026-08-02 21:00:00,4135001,INV02,14.933,14.485,169.779,880632.673
2026-08-02 21:00:00,4135001,INV03,0.0,0.0,169.278,793145.19
2026-08-02 21:00:00,4135001,INV04,10.149,9.845,162.197,739802.283
2026-08-02 21:15:00,4135001,INV01,15.873,15.397,167.951,650158.035
2026-08-02 21:15:00,4135001,INV02,14.063,13.641,169.783,880632.677
2026-08-02 21:15:00,4135001,INV03,6.813,6.608,169.28,793145.192
2026-08-02 21:15:00,4135001,INV04,0.0,0.0,162.197,739802.283
2026-08-02 21:30:00,4135001,INV01,2.898,2.811,167.952,650158.035
2026-08-02 21:30:00,4135001,INV02,19.795,19.201,169.787,880632.682
2026-08-02 21:30:00,4135001,INV03,0.0,0.0,169.28,793145.192
2026-08-02 21:30:00,4135001,INV04,4.035,3.914,162.198,739802.284
2026-08-02 21:45:00,4135001,INV01,0.0,0.0,167.952,650158.035
2026-08-02 21:45:00,4135001,INV02,0.0,0.0,169.787,880632.682
2026-08-02 21:45:00,4135001,INV03,16.674,16.173,169.284,793145.196
2026-08-02 21:45:00,4135001,INV04,29.021,28.15,162.205,739802.291
2026-08-02 22:00:00,4135001,INV01,18.747,18.184,167.956,650158.04
2026-08-02 22:00:00,4135001,INV02,0.0,0.0,169.787,880632.682
2026-08-02 22:00:00,4135001,INV03,0.0,0.0,169.284,793145.196
2026-08-02 22:00:00,4135001,INV04,13.98,13.56,162.209,739802.294
2026-08-02 22:15:00,4135001,INV01,20.809,20.185,167.961,650158.045
2026-08-02 22:15:00,4135001,INV02,17.199,16.683,169.792,880632.686
2026-08-02 22:15:00,4135001,INV03,0.0,0.0,169.284,793145.196
2026-08-02 22:15:00,4135001,INV04,0.0,0.0,162.209,739802.294
2026-08-02 22:30:00,4135001,INV01,22.704,22.023,167.967,650158.05
2026-08-02 22:30:00,4135001,INV02,0.0,0.0,169.792,880632.686
2026-08-02 22:30:00,4135001,INV03,0.0,0.0,169.284,793145.196
2026-08-02 22:30:00,4135001,INV04,0.0,0.0,162.209,739802.294
2026-08-02 22:45:00,4135001,INV01,0.0,0.0,167.967,650158.05
2026-08-02 22:45:00,4135001,INV02,2.785,2.702,169.792,880632.686
2026-08-02 22:45:00,4135001,INV03,17.849,17.313,169.288,793145.2
2026-08-02 22:45:00,4135001,INV04,15.205,14.749,162.212,739802.298
2026-08-02 23:00:00,4135001,INV01,0.0,0.0,167.967,650158.05
2026-08-02 23:00:00,4135001,INV02,4.152,4.027,169.793,880632.687
2026-08-02 23:00:00,4135001,INV03,0.657,0.637,169.288,793145.2
2026-08-02 23:00:00,4135001,INV04,0.0,0.0,162.212,739802.298
2026-08-02 23:15:00,4135001,INV01,0.0,0.0,167.967,650158.05
2026-08-02 23:15:00,4135001,INV02,0.0,0.0,169.793,880632.687
2026-08-02 23:15:00,4135001,INV03,25.162,24.407,169.294,793145.206
2026-08-02 23:15:00,4135001,INV04,0.0,0.0,162.212,739802.298
2026-08-02 23:30:00,4135001,INV01,5.388,5.226,167.968,650158.052
2026-08-02 23:30:00,4135001,INV02,8.519,8.264,169.795,880632.69
2026-08-02 23:30:00,4135001,INV03,25.575,24.808,169.3,793145.213
2026-08-02 23:30:00,4135001,INV04,0.0,0.0,162.212,739802.298
2026-08-02 23:45:00,4135001,INV01,0.0,0.0,167.968,650158.052
2026-08-02 23:45:00,4135001,INV02,3.102,3.009,169.796,880632.69
2026-08-02 23:45:00,4135001,INV03,0.0,0.0,169.3,793145.213
2026-08-02 23:45:00,4135001,INV04,0.0,0.0,162.212,739802.298
2026-08-03 00:00:00,4135001,INV01,16.604,16.106,0.004,650158.056
2026-08-03 00:00:00,4135001,INV02,9.618,9.329,0.002,880632.693
2026-08-03 00:00:00,4135001,INV03,0.0,0.0,0.0,793145.213
2026-08-03 00:00:00,4135001,INV04,0.0,0.0,0.0,739802.298
2026-08-03 00:15:00,4135001,INV01,0.0,0.0,0.004,650158.056
2026-08-03 00:15:00,4135001,INV02,0.061,0.06,0.002,880632.693
2026-08-03 00:15:00,4135001,INV03,26.238,25.451,0.006,793145.219
2026-08-03 00:15:00,4135001,INV04,0.0,0.0,0.0,739802.298
2026-08-03 00:30:00,4135001,INV01,0.0,0.0,0.004,650158.056
2026-08-03 00:30:00,4135001,INV02,4.95,4.801,0.004,880632.694
2026-08-03 00:30:00,4135001,INV03,0.0,0.0,0.006,793145.219
2026-08-03 00:30:00,4135001,INV04,7.992,7.753,0.002,739802.3
2026-08-03 00:45:00,4135001,INV01,0.0,0.0,0.004,650158.056
2026-08-03 00:45:00,4135001,INV02,0.0,0.0,0.004,880632.694
2026-08-03 00:45:00,4135001,INV03,15.973,15.494,0.01,793145.223
2026-08-03 00:45:00,4135001,INV04,0.0,0.0,0.002,739802.3
2026-08-03 01:00:00,4135001,INV01,0.0,0.0,0.004,650158.056
2026-08-03 01:00:00,4135001,INV02,23.864,23.148,0.009,880632.7
2026-08-03 01:00:00,4135001,INV03,0.0,0.0,0.01,793145.223
2026-08-03 01:00:00,4135001,INV04,11.157,10.823,0.005,739802.302
2026-08-03 01:15:00,4135001,INV01,0.0,0.0,0.004,650158.056
2026-08-03 01:15:00,4135001,INV02,6.374,6.183,0.011,880632.701
2026-08-03 01:15:00,4135001,INV03,0.0,0.0,0.01,793145.223
2026-08-03 01:15:00,4135001,INV04,8.998,8.728,0.007,739802.305
2026-08-03 01:30:00,4135001,INV01,0.0,0.0,0.004,650158.056
2026-08-03 01:30:00,4135001,INV02,21.193,20.557,0.016,880632.706
2026-08-03 01:30:00,4135001,INV03,0.007,0.006,0.01,793145.223
2026-08-03 01:30:00,4135001,INV04,0.0,0.0,0.007,739802.305
2026-08-03 01:45:00,4135001,INV01,0.0,0.0,0.004,650158.056
2026-08-03 01:45:00,4135001,INV02,0.0,0.0,0.016,880632.706
2026-08-03 01:45:00,4135001,INV03,0.0,0.0,0.01,793145.223
2026-08-03 01:45:00,4135001,INV04,2.651,2.572,0.007,739802.305
2026-08-03 02:00:00,4135001,INV01,0.0,0.0,0.004,650158.056
2026-08-03 02:00:00,4135001,INV02,12.574,12.196,0.019,880632.709
2026-08-03 02:00:00,4135001,INV03,5.422,5.259,0.012,793145.224
2026-08-03 02:00:00,4135001,INV04,5.075,4.923,0.009,739802.306
2026-08-03 02:15:00,4135001,INV01,0.0,0.0,0.004,650158.056
2026-08-03 02:15:00,4135001,INV02,15.351,14.89,0.023,880632.713
2026-08-03 02:15:00,4135001,INV03,0.0,0.0,0.012,793145.224
2026-08-03 02:15:00,4135001,INV04,14.11,13.687,0.012,739802.31
2026-08-03 02:30:00,4135001,INV01,0.0,0.0,0.004,650158.056
2026-08-03 02:30:00,4135001,INV02,20.193,19.587,0.028,880632.718
2026-08-03 02:30:00,4135001,INV03,0.0,0.0,0.012,793145.224
2026-08-03 02:30:00,4135001,INV04,0.0,0.0,0.012,739802.31
2026-08-03 02:45:00,4135001,INV01,0.0,0.0,0.004,650158.056
2026-08-03 02:45:00,4135001,INV02,31.652,30.702,0.035,880632.726
2026-08-03 02:45:00,4135001,INV03,20.949,20.32,0.017,793145.229
2026-08-03 02:45:00,4135001,INV04,6.22,6.033,0.014,739802.311
2026-08-03 03:00:00,4135001,INV01,0.0,0.0,0.004,650158.056
2026-08-03 03:00:00,4135001,INV02,7.932,7.694,0.037,880632.728
2026-08-03 03:00:00,4135001,INV03,8.121,7.877,0.019,793145.231
2026-08-03 03:00:00,4135001,INV04,21.626,20.977,0.019,739802.317
2026-08-03 03:15:00,4135001,INV01,0.0,0.0,0.004,650158.056
2026-08-03 03:15:00,4135001,INV02,13.998,13.579,0.041,880632.731
2026-08-03 03:15:00,4135001,INV03,12.76,12.377,0.022,793145.234
2026-08-03 03:15:00,4135001,INV04,0.0,0.0,0.019,739802.317
2026-08-03 03:30:00,4135001,INV01,16.625,16.126,0.008,650158.06
2026-08-03 03:30:00,4135001,INV02,8.952,8.683,0.043,880632.733
2026-08-03 03:30:00,4135001,INV03,0.0,0.0,0.022,793145.234
2026-08-03 03:30:00,4135001,INV04,16.576,16.079,0.023,739802.321
2026-08-03 03:45:00,4135001,INV01,15.668,15.198,0.012,650158.063
2026-08-03 03:45:00,4135001,INV02,8.058,7.816,0.045,880632.735
2026-08-03 03:45:00,4135001,INV03,0.0,0.0,0.022,793145.234
2026-08-03 03:45:00,4135001,INV04,21.521,20.875,0.028,739802.326
2026-08-03 04:00:00,4135001,INV01,0.0,0.0,0.012,650158.063
2026-08-03 04:00:00,4135001,INV02,17.47,16.946,0.049,880632.739
2026-08-03 04:00:00,4135001,INV03,0.0,0.0,0.022,793145.234
2026-08-03 04:00:00,4135001,INV04,9.669,9.379,0.03,739802.328
2026-08-03 04:15:00,4135001,INV01,0.0,0.0,0.012,650158.063
2026-08-03 04:15:00,4135001,INV02,0.0,0.0,0.049,880632.739
2026-08-03 04:15:00,4135001,INV03,0.0,0.0,0.022,793145.234
2026-08-03 04:15:00,4135001,INV04,9.608,9.32,0.033,739802.331
2026-08-03 04:30:00,4135001,INV01,16.071,15.589,0.016,650158.067
2026-08-03 04:30:00,4135001,INV02,30.301,29.392,0.056,880632.747
2026-08-03 04:30:00,4135001,INV03,26.532,25.736,0.028,793145.241
2026-08-03 04:30:00,4135001,INV04,0.0,0.0,0.033,739802.331
2026-08-03 04:45:00,4135001,INV01,0.0,0.0,0.016,650158.067
2026-08-03 04:45:00,4135001,INV02,2.118,2.054,0.057,880632.747
2026-08-03 04:45:00,4135001,INV03,10.377,10.066,0.031,793145.243
2026-08-03 04:45:00,4135001,INV04,23.961,23.242,0.039,739802.336
2026-08-03 05:00:00,4135001,INV01,0.021,0.02,0.016,650158.067
2026-08-03 05:00:00,4135001,INV02,0.0,0.0,0.057,880632.747
2026-08-03 05:00:00,4135001,INV03,6.062,5.88,0.032,793145.245
2026-08-03 05:00:00,4135001,INV04,0.0,0.0,0.039,739802.336
2026-08-03 05:15:00,4135001,INV01,7.846,7.611,0.018,650158.069
2026-08-03 05:15:00,4135001,INV02,19.963,19.364,0.062,880632.752
2026-08-03 05:15:00,4135001,INV03,0.0,0.0,0.032,793145.245
2026-08-03 05:15:00,4135001,INV04,45.929,44.551,0.05,739802.347
2026-08-03 05:30:00,4135001,INV01,0.0,0.0,0.018,650158.069
2026-08-03 05:30:00,4135001,INV02,16.694,16.193,0.066,880632.756
2026-08-03 05:30:00,4135001,INV03,13.974,13.554,0.036,793145.248
2026-08-03 05:30:00,4135001,INV04,3.919,3.801,0.051,739802.348
2026-08-03 05:45:00,4135001,INV01,0.0,0.0,0.018,650158.069
2026-08-03 05:45:00,4135001,INV02,14.94,14.492,0.069,880632.76
2026-08-03 05:45:00,4135001,INV03,4.33,4.2,0.037,793145.249
2026-08-03 05:45:00,4135001,INV04,1.122,1.088,0.051,739802.349
2026-08-03 06:00:00,4135001,INV01,2070.726,2008.605,0.52,650158.571
2026-08-03 06:00:00,4135001,INV02,1964.451,1905.517,0.546,880633.236
2026-08-03 06:00:00,4135001,INV03,1977.644,1918.314,0.516,793145.729
2026-08-03 06:00:00,4135001,INV04,1901.533,1844.487,0.512,739802.81
2026-08-03 06:15:00,4135001,INV01,2025.239,1964.482,1.011,650159.063
2026-08-03 06:15:00,4135001,INV02,2031.888,1970.932,1.039,880633.729
2026-08-03 06:15:00,4135001,INV03,1984.509,1924.974,0.997,793146.21
2026-08-03 06:15:00,4135001,INV04,2043.39,1982.088,1.008,739803.305
2026-08-03 06:30:00,4135001,INV01,508.943,493.675,1.134,650159.186
2026-08-03 06:30:00,4135001,INV02,499.291,484.312,1.16,880633.85
2026-08-03 06:30:00,4135001,INV03,531.64,515.691,1.126,793146.339
2026-08-03 06:30:00,4135001,INV04,500.907,485.879,1.129,739803.427
2026-08-03 06:45:00,4135001,INV01,571.444,554.301,1.273,650159.325
2026-08-03 06:45:00,4135001,INV02,583.611,566.103,1.301,880633.991
2026-08-03 06:45:00,4135001,INV03,575.189,557.934,1.266,793146.478
2026-08-03 06:45:00,4135001,INV04,561.723,544.871,1.265,739803.563
2026-08-03 07:00:00,4135001,INV01,15.537,15.071,1.277,650159.328
2026-08-03 07:00:00,4135001,INV02,0.0,0.0,1.301,880633.991
2026-08-03 07:00:00,4135001,INV03,5.174,5.019,1.267,793146.48
2026-08-03 07:00:00,4135001,INV04,0.0,0.0,1.265,739803.563
2026-08-03 07:15:00,4135001,INV01,9326.482,9046.688,3.538,650161.59
2026-08-03 07:15:00,4135001,INV02,9360.014,9079.213,3.571,880636.261
2026-08-03 07:15:00,4135001,INV03,9134.154,8860.129,3.482,793148.695
2026-08-03 07:15:00,4135001,INV04,9126.542,8852.746,3.478,739805.776
2026-08-03 07:30:00,4135001,INV01,6568.851,6371.786,5.131,650163.183
2026-08-03 07:30:00,4135001,INV02,6209.322,6023.043,5.077,880637.767
2026-08-03 07:30:00,4135001,INV03,6257.493,6069.768,5.0,793150.212
2026-08-03 07:30:00,4135001,INV04,6269.354,6081.273,4.999,739807.297
2026-08-03 07:45:00,4135001,INV01,8170.799,7925.675,7.113,650165.164
2026-08-03 07:45:00,4135001,INV02,7969.09,7730.017,7.009,880639.699
2026-08-03 07:45:00,4135001,INV03,8067.925,7825.888,6.956,793152.169
2026-08-03 07:45:00,4135001,INV04,8351.377,8100.835,7.024,739809.322
2026-08-03 08:00:00,4135001,INV01,10592.77,10274.987,9.681,650167.733
2026-08-03 08:00:00,4135001,INV02,11135.153,10801.099,9.709,880642.4
2026-08-03 08:00:00,4135001,INV03,10374.888,10063.642,9.472,793154.685
2026-08-03 08:00:00,4135001,INV04,10446.529,10133.133,9.557,739811.855
2026-08-03 08:15:00,4135001,INV01,9856.276,9560.587,12.072,650170.123
2026-08-03 08:15:00,4135001,INV02,9795.933,9502.055,12.085,880644.775
2026-08-03 08:15:00,4135001,INV03,9552.437,9265.864,11.788,793157.001
2026-08-03 08:15:00,4135001,INV04,9480.005,9195.604,11.856,739814.154
2026-08-03 08:30:00,4135001,INV01,11002.114,10672.051,14.74,650172.791
2026-08-03 08:30:00,4135001,INV02,11026.622,10695.823,14.759,880647.449
2026-08-03 08:30:00,4135001,INV03,10871.249,10545.111,14.425,793159.637
2026-08-03 08:30:00,4135001,INV04,11173.123,10837.93,14.566,739816.863
2026-08-03 08:45:00,4135001,INV01,11560.671,11213.851,17.543,650175.595
2026-08-03 08:45:00,4135001,INV02,11586.618,11239.02,17.569,880650.259
2026-08-03 08:45:00,4135001,INV03,11995.272,11635.414,17.333,793162.546
2026-08-03 08:45:00,4135001,INV04,11603.465,11255.361,17.38,739819.677
2026-08-03 09:00:00,4135001,INV01,14282.832,13854.347,21.007,650179.058
2026-08-03 09:00:00,4135001,INV02,14519.932,14084.334,21.09,880653.78
2026-08-03 09:00:00,4135001,INV03,15334.22,14874.193,21.052,793166.265
2026-08-03 09:00:00,4135001,INV04,14302.169,13873.104,20.848,739823.146
2026-08-03 09:15:00,4135001,INV01,15231.512,14774.567,24.7,650182.752
2026-08-03 09:15:00,4135001,INV02,15510.996,15045.666,24.851,880657.541
2026-08-03 09:15:00,4135001,INV03,15305.598,14846.43,24.764,793169.976
2026-08-03 09:15:00,4135001,INV04,3294.081,3195.258,21.647,739823.944
2026-08-03 09:30:00,4135001,INV01,15274.649,14816.409,28.404,650186.456
2026-08-03 09:30:00,4135001,INV02,14548.872,14112.406,28.379,880661.07
2026-08-03 09:30:00,4135001,INV03,14392.808,13961.024,28.254,793173.467
2026-08-03 09:30:00,4135001,INV04,14709.601,14268.313,25.214,739827.511
2026-08-03 09:45:00,4135001,INV01,16686.516,16185.92,32.451,650190.503
2026-08-03 09:45:00,4135001,INV02,16279.34,15790.96,32.327,880665.017
2026-08-03 09:45:00,4135001,INV03,16801.05,16297.019,32.328,793177.541
2026-08-03 09:45:00,4135001,INV04,16925.378,16417.616,29.318,739831.616
2026-08-03 10:00:00,4135001,INV01,19112.711,18539.33,37.086,650195.137
2026-08-03 10:00:00,4135001,INV02,18482.349,17927.878,36.809,880669.499
2026-08-03 10:00:00,4135001,INV03,19394.553,18812.717,37.031,793182.244
2026-08-03 10:00:00,4135001,INV04,18680.199,18119.793,33.848,739836.146
2026-08-03 10:15:00,4135001,INV01,21114.088,20480.665,42.206,650200.258
2026-08-03 10:15:00,4135001,INV02,20677.657,20057.327,41.823,880674.514
2026-08-03 10:15:00,4135001,INV03,21584.168,20936.643,42.265,793187.478
2026-08-03 10:15:00,4135001,INV04,20251.765,19644.212,38.759,739841.057
2026-08-03 10:30:00,4135001,INV01,20360.469,19749.655,47.143,650205.195
2026-08-03 10:30:00,4135001,INV02,20563.518,19946.613,46.81,880679.5
2026-08-03 10:30:00,4135001,INV03,20570.261,19953.153,47.254,793192.466
2026-08-03 10:30:00,4135001,INV04,21316.413,20676.921,43.928,739846.226
2026-08-03 10:45:00,4135001,INV01,18252.32,17704.751,51.57,650209.621
2026-08-03 10:45:00,4135001,INV02,18395.873,17843.997,51.271,880683.961
2026-08-03 10:45:00,4135001,INV03,19108.981,18535.712,51.888,793197.1
2026-08-03 10:45:00,4135001,INV04,18496.64,17941.741,48.414,739850.711
2026-08-03 11:00:00,4135001,INV01,20692.809,20072.025,56.588,650214.639
2026-08-03 11:00:00,4135001,INV02,20267.371,19659.35,56.186,880688.876
2026-08-03 11:00:00,4135001,INV03,20109.419,19506.136,56.764,793201.977
2026-08-03 11:00:00,4135001,INV04,20204.568,19598.431,53.313,739855.611
2026-08-03 11:15:00,4135001,INV01,21938.198,21280.052,61.908,650219.959
2026-08-03 11:15:00,4135001,INV02,20684.249,20063.721,61.202,880693.892
2026-08-03 11:15:00,4135001,INV03,21234.512,20597.477,61.914,793207.126
2026-08-03 11:15:00,4135001,INV04,21213.97,20577.551,58.458,739860.755
2026-08-03 11:30:00,4135001,INV01,24769.213,24026.137,67.914,650225.966
2026-08-03 11:30:00,4135001,INV02,25629.163,24860.288,67.417,880700.107
2026-08-03 11:30:00,4135001,INV03,26454.793,25661.15,68.329,793213.542
2026-08-03 11:30:00,4135001,INV04,26305.141,25515.987,64.837,739867.134
2026-08-03 11:45:00,4135001,INV01,27062.381,26250.51,74.477,650232.528
2026-08-03 11:45:00,4135001,INV02,27054.463,26242.829,73.978,880706.668
2026-08-03 11:45:00,4135001,INV03,25752.428,24979.855,74.574,793219.786
2026-08-03 11:45:00,4135001,INV04,26365.975,25574.996,71.23,739873.528
2026-08-03 12:00:00,4135001,INV01,25599.627,24831.638,80.685,650238.736
2026-08-03 12:00:00,4135001,INV02,25705.44,24934.277,80.211,880712.901
2026-08-03 12:00:00,4135001,INV03,26043.889,25262.572,80.89,793226.102
2026-08-03 12:00:00,4135001,INV04,25913.692,25136.281,77.515,739879.812
2026-08-03 12:15:00,4135001,INV01,27872.973,27036.784,87.444,650245.495
2026-08-03 12:15:00,4135001,INV02,27190.317,26374.607,86.805,880719.495
2026-08-03 12:15:00,4135001,INV03,27713.336,26881.936,87.61,793232.823
2026-08-03 12:15:00,4135001,INV04,26333.753,25543.741,83.9,739886.198
2026-08-03 12:30:00,4135001,INV01,24645.532,23906.166,93.42,650251.472
2026-08-03 12:30:00,4135001,INV02,23324.906,22625.158,92.461,880725.151
2026-08-03 12:30:00,4135001,INV03,23492.749,22787.966,93.307,793238.52
2026-08-03 12:30:00,4135001,INV04,23194.968,22499.119,89.525,739891.823
2026-08-03 12:45:00,4135001,INV01,24037.645,23316.516,99.249,650257.301
2026-08-03 12:45:00,4135001,INV02,24040.284,23319.076,98.291,880730.981
2026-08-03 12:45:00,4135001,INV03,23983.022,23263.531,99.123,793244.335
2026-08-03 12:45:00,4135001,INV04,25186.108,24430.525,95.633,739897.931
2026-08-03 13:00:00,4135001,INV01,24591.114,23853.38,105.213,650263.264
2026-08-03 13:00:00,4135001,INV02,24820.731,24076.109,104.31,880737.0
2026-08-03 13:00:00,4135001,INV03,25769.802,24996.708,105.372,793250.585
2026-08-03 13:00:00,4135001,INV04,24506.163,23770.978,101.576,739903.873
2026-08-03 13:15:00,4135001,INV01,22214.545,21548.109,110.6,650268.651
2026-08-03 13:15:00,4135001,INV02,22734.595,22052.558,109.823,880742.513
2026-08-03 13:15:00,4135001,INV03,23135.883,22441.807,110.982,793256.195
2026-08-03 13:15:00,4135001,INV04,23563.028,22856.137,107.29,739909.587
2026-08-03 13:30:00,4135001,INV01,23163.185,22468.29,116.217,650274.269
2026-08-03 13:30:00,4135001,INV02,21947.186,21288.77,115.145,880747.835
2026-08-03 13:30:00,4135001,INV03,23125.869,22432.093,116.591,793261.803
2026-08-03 13:30:00,4135001,INV04,23567.382,22860.361,113.005,739915.302
2026-08-03 13:45:00,4135001,INV01,21758.793,21106.03,121.493,650279.545
2026-08-03 13:45:00,4135001,INV02,21260.004,20622.204,120.301,880752.991
2026-08-03 13:45:00,4135001,INV03,21843.291,21187.992,121.888,793267.1
2026-08-03 13:45:00,4135001,INV04,20701.515,20080.47,118.025,739920.323
2026-08-03 14:00:00,4135001,INV01,22640.087,21960.884,126.984,650285.035
2026-08-03 14:00:00,4135001,INV02,22533.276,21857.277,125.765,880758.455
2026-08-03 14:00:00,4135001,INV03,23325.159,22625.404,127.544,793272.756
2026-08-03 14:00:00,4135001,INV04,23515.306,22809.847,123.727,739926.025
2026-08-03 14:15:00,4135001,INV01,22528.71,21852.848,132.447,650290.498
2026-08-03 14:15:00,4135001,INV02,21712.378,21061.006,131.03,880763.721
2026-08-03 14:15:00,4135001,INV03,22212.115,21545.751,132.93,793278.143
2026-08-03 14:15:00,4135001,INV04,21924.592,21266.854,129.044,739931.342
2026-08-03 14:30:00,4135001,INV01,18028.298,17487.449,136.819,650294.87
2026-08-03 14:30:00,4135001,INV02,17417.004,16894.494,135.254,880767.944
2026-08-03 14:30:00,4135001,INV03,18335.13,17785.076,137.377,793282.589
2026-08-03 14:30:00,4135001,INV04,18190.322,17644.613,133.455,739935.753
2026-08-03 14:45:00,4135001,INV01,16757.608,16254.88,140.882,650298.934
2026-08-03 14:45:00,4135001,INV02,17580.973,17053.543,139.517,880772.208
2026-08-03 14:45:00,4135001,INV03,17187.636,16672.007,141.545,793286.757
2026-08-03 14:45:00,4135001,INV04,17589.351,17061.67,137.721,739940.018
2026-08-03 15:00:00,4135001,INV01,13357.012,12956.302,144.122,650302.173
2026-08-03 15:00:00,4135001,INV02,13526.494,13120.699,142.797,880775.488
2026-08-03 15:00:00,4135001,INV03,14093.681,13670.871,144.962,793290.175
2026-08-03 15:00:00,4135001,INV04,13946.98,13528.57,141.103,739943.401
2026-08-03 15:15:00,4135001,INV01,5627.813,5458.978,145.486,650303.538
2026-08-03 15:15:00,4135001,INV02,13789.286,13375.608,146.141,880778.832
2026-08-03 15:15:00,4135001,INV03,13313.263,12913.865,148.191,793293.403
2026-08-03 15:15:00,4135001,INV04,13635.275,13226.217,144.409,739946.707
2026-08-03 15:30:00,4135001,INV01,12318.0,11948.46,148.473,650306.525
2026-08-03 15:30:00,4135001,INV02,13236.195,12839.109,149.351,880782.041
2026-08-03 15:30:00,4135001,INV03,12448.134,12074.69,151.209,793296.422
2026-08-03 15:30:00,4135001,INV04,12701.649,12320.599,147.489,739949.787
2026-08-03 15:45:00,4135001,INV01,10820.135,10495.531,151.097,650309.149
2026-08-03 15:45:00,4135001,INV02,11230.831,10893.906,152.075,880784.765
2026-08-03 15:45:00,4135001,INV03,11650.947,11301.419,154.035,793299.247
2026-08-03 15:45:00,4135001,INV04,11030.934,10700.006,150.164,739952.462
2026-08-03 16:00:00,4135001,INV01,12631.436,12252.493,154.16,650312.212
2026-08-03 16:00:00,4135001,INV02,12596.811,12218.907,155.129,880787.82
2026-08-03 16:00:00,4135001,INV03,12900.191,12513.186,157.163,793302.376
2026-08-03 16:00:00,4135001,INV04,12732.456,12350.482,153.252,739955.55
2026-08-03 16:15:00,4135001,INV01,6892.861,6686.075,155.832,650313.884
2026-08-03 16:15:00,4135001,INV02,7047.169,6835.754,156.838,880789.529
2026-08-03 16:15:00,4135001,INV03,6790.659,6586.939,158.81,793304.022
2026-08-03 16:15:00,4135001,INV04,6910.69,6703.369,154.928,739957.226
2026-08-03 16:30:00,4135001,INV01,11310.292,10970.984,158.575,650316.626
2026-08-03 16:30:00,4135001,INV02,11497.983,11153.043,159.627,880792.317
2026-08-03 16:30:00,4135001,INV03,11372.527,11031.352,161.568,793306.78
2026-08-03 16:30:00,4135001,INV04,10899.933,10572.935,157.571,739959.869
2026-08-03 16:45:00,4135001,INV01,8682.534,8422.058,160.68,650318.732
2026-08-03 16:45:00,4135001,INV02,8384.798,8133.254,161.66,880794.35
2026-08-03 16:45:00,4135001,INV03,8446.832,8193.427,163.616,793308.829
2026-08-03 16:45:00,4135001,INV04,8792.736,8528.954,159.703,739962.001
2026-08-03 17:00:00,4135001,INV01,6146.26,5961.872,162.171,650320.222
2026-08-03 17:00:00,4135001,INV02,6027.698,5846.867,163.122,880795.812
2026-08-03 17:00:00,4135001,INV03,6256.165,6068.48,165.133,793310.346
2026-08-03 17:00:00,4135001,INV04,6038.92,5857.752,161.168,739963.466
2026-08-03 17:15:00,4135001,INV01,4510.911,4375.584,163.265,650321.316
2026-08-03 17:15:00,4135001,INV02,4332.171,4202.206,164.172,880796.862
2026-08-03 17:15:00,4135001,INV03,4236.008,4108.928,166.16,793311.373
2026-08-03 17:15:00,4135001,INV04,4389.756,4258.063,162.232,739964.53
2026-08-03 17:30:00,4135001,INV01,4779.69,4636.299,164.424,650322.475
2026-08-03 17:30:00,4135001,INV02,4867.108,4721.094,165.352,880798.043
2026-08-03 17:30:00,4135001,INV03,4894.898,4748.051,167.347,793312.56
2026-08-03 17:30:00,4135001,INV04,4661.553,4521.707,163.363,739965.661
2026-08-03 17:45:00,4135001,INV01,2358.998,2288.228,164.996,650323.047
2026-08-03 17:45:00,4135001,INV02,2183.994,2118.474,165.882,880798.572
2026-08-03 17:45:00,4135001,INV03,2272.12,2203.957,167.898,793313.111
2026-08-03 17:45:00,4135001,INV04,2354.687,2284.046,163.934,739966.232
2026-08-03 18:00:00,4135001,INV01,4086.458,3963.864,165.987,650324.038
2026-08-03 18:00:00,4135001,INV02,4257.509,4129.784,166.914,880799.605
2026-08-03 18:00:00,4135001,INV03,4240.544,4113.328,168.927,793314.139
2026-08-03 18:00:00,4135001,INV04,4243.844,4116.529,164.963,739967.261
2026-08-03 18:15:00,4135001,INV01,3997.049,3877.137,166.956,650325.008
2026-08-03 18:15:00,4135001,INV02,4071.253,3949.116,167.902,880800.592
2026-08-03 18:15:00,4135001,INV03,3859.284,3743.505,169.863,793315.075
2026-08-03 18:15:00,4135001,INV04,3917.515,3799.99,165.913,739968.211
2026-08-03 18:30:00,4135001,INV01,4125.79,4002.016,167.956,650326.008
2026-08-03 18:30:00,4135001,INV02,4219.323,4092.743,168.925,880801.615
2026-08-03 18:30:00,4135001,INV03,4133.982,4009.963,170.865,793316.078
2026-08-03 18:30:00,4135001,INV04,3997.398,3877.477,166.882,739969.18
2026-08-03 18:45:00,4135001,INV01,1.984,1.925,167.957,650326.008
2026-08-03 18:45:00,4135001,INV02,0.0,0.0,168.925,880801.615
2026-08-03 18:45:00,4135001,INV03,0.0,0.0,170.865,793316.078
2026-08-03 18:45:00,4135001,INV04,0.0,0.0,166.882,739969.18
2026-08-03 19:00:00,4135001,INV01,2.837,2.752,167.958,650326.009
2026-08-03 19:00:00,4135001,INV02,15.202,14.746,168.929,880801.619
2026-08-03 19:00:00,4135001,INV03,2.655,2.575,170.866,793316.078
2026-08-03 19:00:00,4135001,INV04,31.555,30.608,166.89,739969.188
2026-08-03 19:15:00,4135001,INV01,12.315,11.945,167.961,650326.012
2026-08-03 19:15:00,4135001,INV02,0.0,0.0,168.929,880801.619
2026-08-03 19:15:00,4135001,INV03,1.794,1.74,170.866,793316.079
2026-08-03 19:15:00,4135001,INV04,0.0,0.0,166.89,739969.188
2026-08-03 19:30:00,4135001,INV01,1.531,1.485,167.961,650326.013
2026-08-03 19:30:00,4135001,INV02,0.0,0.0,168.929,880801.619
2026-08-03 19:30:00,4135001,INV03,0.0,0.0,170.866,793316.079
2026-08-03 19:30:00,4135001,INV04,1.656,1.606,166.89,739969.188
2026-08-03 19:45:00,4135001,INV01,17.014,16.504,167.965,650326.017
2026-08-03 19:45:00,4135001,INV02,9.311,9.032,168.931,880801.621
2026-08-03 19:45:00,4135001,INV03,15.603,15.135,170.87,793316.083
2026-08-03 19:45:00,4135001,INV04,0.0,0.0,166.89,739969.188
2026-08-03 20:00:00,4135001,INV01,0.0,0.0,167.965,650326.017
2026-08-03 20:00:00,4135001,INV02,0.0,0.0,168.931,880801.621
2026-08-03 20:00:00,4135001,INV03,16.169,15.683,170.874,793316.086
2026-08-03 20:00:00,4135001,INV04,5.096,4.943,166.892,739969.189
2026-08-03 20:15:00,4135001,INV01,0.0,0.0,167.965,650326.017
2026-08-03 20:15:00,4135001,INV02,2.359,2.288,168.931,880801.622
2026-08-03 20:15:00,4135001,INV03,0.093,0.09,170.874,793316.087
2026-08-03 20:15:00,4135001,INV04,20.521,19.906,166.897,739969.194
2026-08-03 20:30:00,4135001,INV01,0.0,0.0,167.965,650326.017
2026-08-03 20:30:00,4135001,INV02,38.549,37.392,168.941,880801.631
2026-08-03 20:30:00,4135001,INV03,0.0,0.0,170.874,793316.087
2026-08-03 20:30:00,4135001,INV04,18.07,17.528,166.901,739969.199
2026-08-03 20:45:00,4135001,INV01,6.506,6.311,167.967,650326.018
2026-08-03 20:45:00,4135001,INV02,0.0,0.0,168.941,880801.631
2026-08-03 20:45:00,4135001,INV03,36.623,35.524,170.883,793316.095
2026-08-03 20:45:00,4135001,INV04,0.0,0.0,166.901,739969.199
2026-08-03 21:00:00,4135001,INV01,0.0,0.0,167.967,650326.018
2026-08-03 21:00:00,4135001,INV02,0.0,0.0,168.941,880801.631
2026-08-03 21:00:00,4135001,INV03,0.0,0.0,170.883,793316.095
2026-08-03 21:00:00,4135001,INV04,0.0,0.0,166.901,739969.199
2026-08-03 21:15:00,4135001,INV01,2.772,2.689,167.967,650326.019
2026-08-03 21:15:00,4135001,INV02,2.165,2.1,168.941,880801.632
2026-08-03 21:15:00,4135001,INV03,12.4,12.028,170.886,793316.098
2026-08-03 21:15:00,4135001,INV04,7.838,7.603,166.903,739969.201
2026-08-03 21:30:00,4135001,INV01,27.941,27.103,167.974,650326.026
2026-08-03 21:30:00,4135001,INV02,0.0,0.0,168.941,880801.632
2026-08-03 21:30:00,4135001,INV03,1.412,1.37,170.886,793316.099
2026-08-03 21:30:00,4135001,INV04,16.026,15.545,166.907,739969.204
2026-08-03 21:45:00,4135001,INV01,0.0,0.0,167.974,650326.026
2026-08-03 21:45:00,4135001,INV02,0.0,0.0,168.941,880801.632
2026-08-03 21:45:00,4135001,INV03,15.107,14.654,170.89,793316.102
2026-08-03 21:45:00,4135001,INV04,0.0,0.0,166.907,739969.204
2026-08-03 22:00:00,4135001,INV01,0.01,0.01,167.974,650326.026
2026-08-03 22:00:00,4135001,INV02,0.0,0.0,168.941,880801.632
2026-08-03 22:00:00,4135001,INV03,0.0,0.0,170.89,793316.102
2026-08-03 22:00:00,4135001,INV04,10.393,10.081,166.909,739969.207
2026-08-03 22:15:00,4135001,INV01,0.0,0.0,167.974,650326.026
2026-08-03 22:15:00,4135001,INV02,0.0,0.0,168.941,880801.632
2026-08-03 22:15:00,4135001,INV03,0.704,0.683,170.89,793316.103
2026-08-03 22:15:00,4135001,INV04,0.0,0.0,166.909,739969.207
2026-08-03 22:30:00,4135001,INV01,0.0,0.0,167.974,650326.026
2026-08-03 22:30:00,4135001,INV02,0.0,0.0,168.941,880801.632
2026-08-03 22:30:00,4135001,INV03,5.551,5.384,170.891,793316.104
2026-08-03 22:30:00,4135001,INV04,0.0,0.0,166.909,739969.207
2026-08-03 22:45:00,4135001,INV01,0.0,0.0,167.974,650326.026
2026-08-03 22:45:00,4135001,INV02,6.121,5.937,168.943,880801.633
2026-08-03 22:45:00,4135001,INV03,8.262,8.014,170.893,793316.106
2026-08-03 22:45:00,4135001,INV04,0.108,0.104,166.909,739969.207
2026-08-03 23:00:00,4135001,INV01,33.188,32.192,167.982,650326.034
2026-08-03 23:00:00,4135001,INV02,17.891,17.354,168.947,880801.637
2026-08-03 23:00:00,4135001,INV03,0.0,0.0,170.893,793316.106
2026-08-03 23:00:00,4135001,INV04,15.442,14.979,166.913,739969.211
2026-08-03 23:15:00,4135001,INV01,12.302,11.933,167.985,650326.037
2026-08-03 23:15:00,4135001,INV02,17.876,17.339,168.952,880801.642
2026-08-03 23:15:00,4135001,INV03,0.0,0.0,170.893,793316.106
2026-08-03 23:15:00,4135001,INV04,9.046,8.775,166.915,739969.213
2026-08-03 23:30:00,4135001,INV01,3.972,3.852,167.986,650326.038
2026-08-03 23:30:00,4135001,INV02,18.273,17.725,168.956,880801.646
2026-08-03 23:30:00,4135001,INV03,15.861,15.385,170.897,793316.11
2026-08-03 23:30:00,4135001,INV04,13.997,13.577,166.919,739969.216
2026-08-03 23:45:00,4135001,INV01,21.789,21.136,167.991,650326.043
2026-08-03 23:45:00,4135001,INV02,0.0,0.0,168.956,880801.646
2026-08-03 23:45:00,4135001,INV03,20.283,19.675,170.902,793316.115
2026-08-03 23:45:00,4135001,INV04,0.0,0.0,166.919,739969.216
2026-08-04 00:00:00,4135001,INV01,14.138,13.714,0.003,650326.046
2026-08-04 00:00:00,4135001,INV02,3.222,3.126,0.001,880801.647
2026-08-04 00:00:00,4135001,INV03,0.0,0.0,0.0,793316.115
2026-08-04 00:00:00,4135001,INV04,7.653,7.424,0.002,739969.218
2026-08-04 00:15:00,4135001,INV01,27.409,26.587,0.01,650326.053
2026-08-04 00:15:00,4135001,INV02,13.449,13.045,0.004,880801.65
2026-08-04 00:15:00,4135001,INV03,0.0,0.0,0.0,793316.115
2026-08-04 00:15:00,4135001,INV04,0.0,0.0,0.002,739969.218
2026-08-04 00:30:00,4135001,INV01,10.194,9.888,0.013,650326.056
2026-08-04 00:30:00,4135001,INV02,0.0,0.0,0.004,880801.65
2026-08-04 00:30:00,4135001,INV03,11.106,10.773,0.003,793316.117
2026-08-04 00:30:00,4135001,INV04,21.834,21.179,0.007,739969.223
2026-08-04 00:45:00,4135001,INV01,0.0,0.0,0.013,650326.056
2026-08-04 00:45:00,4135001,INV02,17.076,16.564,0.008,880801.654
2026-08-04 00:45:00,4135001,INV03,0.42,0.408,0.003,793316.117
2026-08-04 00:45:00,4135001,INV04,4.831,4.686,0.008,739969.225
2026-08-04 01:00:00,4135001,INV01,12.349,11.979,0.016,650326.059
2026-08-04 01:00:00,4135001,INV02,0.0,0.0,0.008,880801.654
2026-08-04 01:00:00,4135001,INV03,19.553,18.966,0.008,793316.122
2026-08-04 01:00:00,4135001,INV04,15.027,14.577,0.012,739969.228
2026-08-04 01:15:00,4135001,INV01,0.0,0.0,0.016,650326.059
2026-08-04 01:15:00,4135001,INV02,0.0,0.0,0.008,880801.654
2026-08-04 01:15:00,4135001,INV03,0.0,0.0,0.008,793316.122
2026-08-04 01:15:00,4135001,INV04,0.0,0.0,0.012,739969.228
2026-08-04 01:30:00,4135001,INV01,0.0,0.0,0.016,650326.059
2026-08-04 01:30:00,4135001,INV02,2.716,2.634,0.009,880801.655
2026-08-04 01:30:00,4135001,INV03,19.549,18.963,0.012,793316.127
2026-08-04 01:30:00,4135001,INV04,3.858,3.742,0.013,739969.229
2026-08-04 01:45:00,4135001,INV01,0.0,0.0,0.016,650326.059
2026-08-04 01:45:00,4135001,INV02,0.0,0.0,0.009,880801.655
2026-08-04 01:45:00,4135001,INV03,3.181,3.086,0.013,793316.128
2026-08-04 01:45:00,4135001,INV04,0.0,0.0,0.013,739969.229
2026-08-04 02:00:00,4135001,INV01,7.704,7.473,0.017,650326.06
2026-08-04 02:00:00,4135001,INV02,0.0,0.0,0.009,880801.655
2026-08-04 02:00:00,4135001,INV03,6.303,6.114,0.015,793316.129
2026-08-04 02:00:00,4135001,INV04,0.0,0.0,0.013,739969.229
2026-08-04 02:15:00,4135001,INV01,0.0,0.0,0.017,650326.06
2026-08-04 02:15:00,4135001,INV02,0.0,0.0,0.009,880801.655
2026-08-04 02:15:00,4135001,INV03,2.738,2.655,0.015,793316.13
2026-08-04 02:15:00,4135001,INV04,17.728,17.197,0.017,739969.234
2026-08-04 02:30:00,4135001,INV01,0.0,0.0,0.017,650326.06
2026-08-04 02:30:00,4135001,INV02,18.565,18.008,0.013,880801.66
2026-08-04 02:30:00,4135001,INV03,5.697,5.526,0.017,793316.131
2026-08-04 02:30:00,4135001,INV04,14.683,14.243,0.021,739969.237
2026-08-04 02:45:00,4135001,INV01,12.423,12.051,0.02,650326.063
2026-08-04 02:45:00,4135001,INV02,0.0,0.0,0.013,880801.66
2026-08-04 02:45:00,4135001,INV03,7.405,7.183,0.018,793316.133
2026-08-04 02:45:00,4135001,INV04,0.0,0.0,0.021,739969.237
2026-08-04 03:00:00,4135001,INV01,8.87,8.604,0.023,650326.066
2026-08-04 03:00:00,4135001,INV02,0.0,0.0,0.013,880801.66
2026-08-04 03:00:00,4135001,INV03,0.0,0.0,0.018,793316.133
2026-08-04 03:00:00,4135001,INV04,4.793,4.649,0.022,739969.238
2026-08-04 03:15:00,4135001,INV01,14.942,14.494,0.026,650326.069
2026-08-04 03:15:00,4135001,INV02,0.0,0.0,0.013,880801.66
2026-08-04 03:15:00,4135001,INV03,0.0,0.0,0.018,793316.133
2026-08-04 03:15:00,4135001,INV04,14.25,13.823,0.025,739969.242
2026-08-04 03:30:00,4135001,INV01,0.0,0.0,0.026,650326.069
2026-08-04 03:30:00,4135001,INV02,0.0,0.0,0.013,880801.66
2026-08-04 03:30:00,4135001,INV03,8.044,7.803,0.02,793316.135
2026-08-04 03:30:00,4135001,INV04,10.393,10.081,0.028,739969.244
2026-08-04 03:45:00,4135001,INV01,0.0,0.0,0.026,650326.069
2026-08-04 03:45:00,4135001,INV02,20.902,20.275,0.018,880801.665
2026-08-04 03:45:00,4135001,INV03,10.658,10.338,0.023,793316.138
2026-08-04 03:45:00,4135001,INV04,25.036,24.285,0.034,739969.25
2026-08-04 04:00:00,4135001,INV01,0.0,0.0,0.026,650326.069
2026-08-04 04:00:00,4135001,INV02,0.0,0.0,0.018,880801.665
2026-08-04 04:00:00,4135001,INV03,3.278,3.18,0.024,793316.138
2026-08-04 04:00:00,4135001,INV04,0.0,0.0,0.034,739969.25
2026-08-04 04:15:00,4135001,INV01,0.0,0.0,0.026,650326.069
2026-08-04 04:15:00,4135001,INV02,0.0,0.0,0.018,880801.665
2026-08-04 04:15:00,4135001,INV03,0.0,0.0,0.024,793316.138
2026-08-04 04:15:00,4135001,INV04,14.405,13.972,0.037,739969.254
2026-08-04 04:30:00,4135001,INV01,2.584,2.506,0.027,650326.07
2026-08-04 04:30:00,4135001,INV02,0.901,0.874,0.019,880801.665
2026-08-04 04:30:00,4135001,INV03,5.825,5.65,0.025,793316.14
2026-08-04 04:30:00,4135001,INV04,0.0,0.0,0.037,739969.254
2026-08-04 04:45:00,4135001,INV01,18.453,17.9,0.031,650326.074
2026-08-04 04:45:00,4135001,INV02,8.064,7.823,0.021,880801.667
2026-08-04 04:45:00,4135001,INV03,6.423,6.23,0.027,793316.141
2026-08-04 04:45:00,4135001,INV04,32.761,31.779,0.045,739969.262
2026-08-04 05:00:00,4135001,INV01,0.0,0.0,0.031,650326.074
2026-08-04 05:00:00,4135001,INV02,0.0,0.0,0.021,880801.667
2026-08-04 05:00:00,4135001,INV03,28.357,27.506,0.034,793316.148
2026-08-04 05:00:00,4135001,INV04,0.0,0.0,0.045,739969.262
2026-08-04 05:15:00,4135001,INV01,0.0,0.0,0.031,650326.074
2026-08-04 05:15:00,4135001,INV02,5.213,5.057,0.022,880801.668
2026-08-04 05:15:00,4135001,INV03,1.3,1.261,0.034,793316.149
2026-08-04 05:15:00,4135001,INV04,8.522,8.266,0.047,739969.264
2026-08-04 05:30:00,4135001,INV01,24.609,23.871,0.037,650326.08
2026-08-04 05:30:00,4135001,INV02,8.297,8.048,0.024,880801.67
2026-08-04 05:30:00,4135001,INV03,0.0,0.0,0.034,793316.149
2026-08-04 05:30:00,4135001,INV04,0.0,0.0,0.047,739969.264
2026-08-04 05:45:00,4135001,INV01,11.266,10.928,0.04,650326.083
2026-08-04 05:45:00,4135001,INV02,0.0,0.0,0.024,880801.67
2026-08-04 05:45:00,4135001,INV03,0.0,0.0,0.034,793316.149
2026-08-04 05:45:00,4135001,INV04,35.861,34.786,0.056,739969.273
2026-08-04 06:00:00,4135001,INV01,2771.795,2688.641,0.712,650326.755
2026-08-04 06:00:00,4135001,INV02,2791.044,2707.313,0.701,880802.347
2026-08-04 06:00:00,4135001,INV03,2714.533,2633.097,0.692,793316.807
2026-08-04 06:00:00,4135001,INV04,2740.439,2658.226,0.721,739969.937
2026-08-04 06:15:00,4135001,INV01,2634.698,2555.657,1.351,650327.394
2026-08-04 06:15:00,4135001,INV02,2560.55,2483.733,1.322,880802.968
2026-08-04 06:15:00,4135001,INV03,2741.796,2659.542,1.357,793317.472
2026-08-04 06:15:00,4135001,INV04,2708.434,2627.181,1.378,739970.594
2026-08-04 06:30:00,4135001,INV01,4694.095,4553.272,2.489,650328.532
2026-08-04 06:30:00,4135001,INV02,4865.163,4719.208,2.501,880804.148
2026-08-04 06:30:00,4135001,INV03,4723.873,4582.157,2.503,793318.617
2026-08-04 06:30:00,4135001,INV04,4650.336,4510.826,2.505,739971.722
2026-08-04 06:45:00,4135001,INV01,4022.129,3901.465,3.465,650329.508
2026-08-04 06:45:00,4135001,INV02,4151.192,4026.657,3.508,880805.154
2026-08-04 06:45:00,4135001,INV03,4333.58,4203.573,3.554,793319.668
2026-08-04 06:45:00,4135001,INV04,4052.535,3930.959,3.488,739972.704
2026-08-04 07:00:00,4135001,INV01,6899.795,6692.801,5.138,650331.181
2026-08-04 07:00:00,4135001,INV02,6505.779,6310.605,5.086,880806.732
2026-08-04 07:00:00,4135001,INV03,6814.691,6610.25,5.206,793321.321
2026-08-04 07:00:00,4135001,INV04,6817.567,6613.04,5.141,739974.358
2026-08-04 07:15:00,4135001,INV01,6223.993,6037.273,6.647,650332.69
2026-08-04 07:15:00,4135001,INV02,6491.875,6297.119,6.66,880808.306
2026-08-04 07:15:00,4135001,INV03,6378.62,6187.262,6.753,793322.868
2026-08-04 07:15:00,4135001,INV04,6277.199,6088.883,6.663,739975.88
2026-08-04 07:30:00,4135001,INV01,5404.019,5241.899,7.958,650334.001
2026-08-04 07:30:00,4135001,INV02,5765.183,5592.227,8.058,880809.704
2026-08-04 07:30:00,4135001,INV03,5805.67,5631.5,8.161,793324.275
2026-08-04 07:30:00,4135001,INV04,5542.497,5376.222,8.008,739977.224
2026-08-04 07:45:00,4135001,INV01,6224.96,6038.211,9.467,650335.51
2026-08-04 07:45:00,4135001,INV02,6145.293,5960.935,9.548,880811.195
2026-08-04 07:45:00,4135001,INV03,5880.781,5704.358,9.587,793325.702
2026-08-04 07:45:00,4135001,INV04,6258.354,6070.604,9.525,739978.742
2026-08-04 08:00:00,4135001,INV01,7457.745,7234.013,11.276,650337.319
2026-08-04 08:00:00,4135001,INV02,7819.434,7584.851,11.445,880813.091
2026-08-04 08:00:00,4135001,INV03,7728.631,7496.772,11.461,793327.576
2026-08-04 08:00:00,4135001,INV04,7401.011,7178.981,11.32,739980.536
2026-08-04 08:15:00,4135001,INV01,7395.189,7173.334,13.069,650339.112
2026-08-04 08:15:00,4135001,INV02,7976.622,7737.323,13.379,880815.025
2026-08-04 08:15:00,4135001,INV03,7667.798,7437.764,13.32,793329.435
2026-08-04 08:15:00,4135001,INV04,7643.047,7413.756,13.173,739982.39
2026-08-04 08:30:00,4135001,INV01,10836.59,10511.493,15.697,650341.74
2026-08-04 08:30:00,4135001,INV02,10986.608,10657.009,16.043,880817.689
2026-08-04 08:30:00,4135001,INV03,11200.527,10864.511,16.037,793332.151
2026-08-04 08:30:00,4135001,INV04,11321.162,10981.528,15.919,739985.135
2026-08-04 08:45:00,4135001,INV01,11315.68,10976.21,18.441,650344.484
2026-08-04 08:45:00,4135001,INV02,11221.154,10884.52,18.764,880820.41
2026-08-04 08:45:00,4135001,INV03,10924.919,10597.171,18.686,793334.801
2026-08-04 08:45:00,4135001,INV04,10767.214,10444.198,18.53,739987.746
2026-08-04 09:00:00,4135001,INV01,12082.666,11720.186,21.371,650347.414
2026-08-04 09:00:00,4135001,INV02,12192.124,11826.36,21.721,880823.367
2026-08-04 09:00:00,4135001,INV03,12339.69,11969.499,21.678,793337.793
2026-08-04 09:00:00,4135001,INV04,12586.915,12209.307,21.582,739990.798
2026-08-04 09:15:00,4135001,INV01,13470.229,13066.122,24.638,650350.681
2026-08-04 09:15:00,4135001,INV02,12839.635,12454.446,24.834,880826.481
2026-08-04 09:15:00,4135001,INV03,13422.516,13019.84,24.933,793341.048
2026-08-04 09:15:00,4135001,INV04,13240.849,12843.624,24.793,739994.009
2026-08-04 09:30:00,4135001,INV01,17851.638,17316.089,28.967,650355.01
2026-08-04 09:30:00,4135001,INV02,17867.623,17331.594,29.167,880830.814
2026-08-04 09:30:00,4135001,INV03,17319.29,16799.711,29.133,793345.248
2026-08-04 09:30:00,4135001,INV04,17906.888,17369.682,29.135,739998.352
2026-08-04 09:45:00,4135001,INV01,16391.991,15900.231,32.942,650358.985
2026-08-04 09:45:00,4135001,INV02,16142.131,15657.867,33.082,880834.728
2026-08-04 09:45:00,4135001,INV03,16498.554,16003.597,33.134,793349.249
2026-08-04 09:45:00,4135001,INV04,15715.801,15244.327,32.947,740002.163
2026-08-04 10:00:00,4135001,INV01,19259.267,18681.489,37.612,650363.655
2026-08-04 10:00:00,4135001,INV02,18810.606,18246.287,37.643,880839.29
2026-08-04 10:00:00,4135001,INV03,19715.875,19124.399,37.915,793354.03
2026-08-04 10:00:00,4135001,INV04,18494.46,17939.626,37.431,740006.648
2026-08-04 10:15:00,4135001,INV01,19833.488,19238.483,42.422,650368.465
2026-08-04 10:15:00,4135001,INV02,20141.452,19537.209,42.528,880844.174
2026-08-04 10:15:00,4135001,INV03,20925.48,20297.716,42.99,793359.104
2026-08-04 10:15:00,4135001,INV04,20123.019,19519.328,42.311,740011.528
2026-08-04 10:30:00,4135001,INV01,19489.419,18904.737,47.148,650373.191
2026-08-04 10:30:00,4135001,INV02,21167.554,20532.527,47.661,880849.307
2026-08-04 10:30:00,4135001,INV03,20998.817,20368.853,48.082,793364.196
2026-08-04 10:30:00,4135001,INV04,20510.181,19894.875,47.285,740016.501
2026-08-04 10:45:00,4135001,INV01,22071.381,21409.24,52.5,650378.543
2026-08-04 10:45:00,4135001,INV02,22251.655,21584.106,53.057,880854.703
2026-08-04 10:45:00,4135001,INV03,22117.107,21453.594,53.445,793369.56
2026-08-04 10:45:00,4135001,INV04,21357.681,20716.95,52.464,740021.681
2026-08-04 11:00:00,4135001,INV01,22982.307,22292.838,58.073,650384.116
2026-08-04 11:00:00,4135001,INV02,23513.318,22807.919,58.759,880860.405
2026-08-04 11:00:00,4135001,INV03,23521.978,22816.319,59.149,793375.264
2026-08-04 11:00:00,4135001,INV04,24019.403,23298.821,58.289,740027.505
2026-08-04 11:15:00,4135001,INV01,24621.039,23882.408,64.044,650390.087
2026-08-04 11:15:00,4135001,INV02,24533.766,23797.753,64.708,880866.354
2026-08-04 11:15:00,4135001,INV03,26206.771,25420.568,65.504,793381.619
2026-08-04 11:15:00,4135001,INV04,26194.536,25408.7,64.641,740033.857
2026-08-04 11:30:00,4135001,INV01,24773.37,24030.169,70.052,650396.095
2026-08-04 11:30:00,4135001,INV02,23988.977,23269.307,70.526,880872.172
2026-08-04 11:30:00,4135001,INV03,24342.851,23612.566,71.408,793387.522
2026-08-04 11:30:00,4135001,INV04,24291.672,23562.922,70.532,740039.748
2026-08-04 11:45:00,4135001,INV01,24594.182,23856.356,76.016,650402.059
2026-08-04 11:45:00,4135001,INV02,23595.412,22887.549,76.247,880877.894
2026-08-04 11:45:00,4135001,INV03,7117.208,6903.692,73.133,793389.248
2026-08-04 11:45:00,4135001,INV04,23529.628,22823.74,76.238,740045.454
2026-08-04 12:00:00,4135001,INV01,27199.286,26383.308,82.611,650408.654
2026-08-04 12:00:00,4135001,INV02,27543.547,26717.241,82.927,880884.573
2026-08-04 12:00:00,4135001,INV03,26504.21,25709.084,79.561,793395.675
2026-08-04 12:00:00,4135001,INV04,27260.588,26442.77,82.848,740052.065
2026-08-04 12:15:00,4135001,INV01,27333.291,26513.293,89.24,650415.283
2026-08-04 12:15:00,4135001,INV02,26653.999,25854.379,89.39,880891.037
2026-08-04 12:15:00,4135001,INV03,27276.284,26457.996,86.175,793402.29
2026-08-04 12:15:00,4135001,INV04,26731.558,25929.611,89.331,740058.547
2026-08-04 12:30:00,4135001,INV01,27543.465,26717.161,95.919,650421.962
2026-08-04 12:30:00,4135001,INV02,27585.481,26757.917,96.08,880897.726
2026-08-04 12:30:00,4135001,INV03,27169.504,26354.419,92.764,793408.879
2026-08-04 12:30:00,4135001,INV04,27161.218,26346.381,95.917,740065.134
2026-08-04 12:45:00,4135001,INV01,23378.844,22677.479,101.588,650427.631
2026-08-04 12:45:00,4135001,INV02,22328.274,21658.426,101.494,880903.141
2026-08-04 12:45:00,4135001,INV03,22285.871,21617.295,98.168,793414.283
2026-08-04 12:45:00,4135001,INV04,23704.965,22993.816,101.666,740070.882
2026-08-04 13:00:00,4135001,INV01,24805.679,24061.509,107.604,650433.647
2026-08-04 13:00:00,4135001,INV02,26024.865,25244.119,107.805,880909.452
2026-08-04 13:00:00,4135001,INV03,24504.895,23769.748,104.111,793420.225
2026-08-04 13:00:00,4135001,INV04,24953.787,24205.173,107.717,740076.934
2026-08-04 13:15:00,4135001,INV01,23712.962,23001.573,113.354,650439.397
2026-08-04 13:15:00,4135001,INV02,23973.585,23254.378,113.619,880915.265
2026-08-04 13:15:00,4135001,INV03,23351.751,22651.198,109.773,793425.888
2026-08-04 13:15:00,4135001,INV04,23339.259,22639.082,113.377,740082.593
2026-08-04 13:30:00,4135001,INV01,25390.484,24628.769,119.511,650445.554
2026-08-04 13:30:00,4135001,INV02,24576.368,23839.077,119.579,880921.225
2026-08-04 13:30:00,4135001,INV03,25614.968,24846.519,115.985,793432.1
2026-08-04 13:30:00,4135001,INV04,23804.473,23090.339,119.15,740088.366
2026-08-04 13:45:00,4135001,INV01,22295.793,21626.92,124.918,650450.961
2026-08-04 13:45:00,4135001,INV02,21594.368,20946.537,124.815,880926.462
2026-08-04 13:45:00,4135001,INV03,21157.538,20522.812,121.116,793437.23
2026-08-04 13:45:00,4135001,INV04,22665.967,21985.988,124.646,740093.862
2026-08-04 14:00:00,4135001,INV01,18697.437,18136.514,129.452,650455.495
2026-08-04 14:00:00,4135001,INV02,18760.436,18197.623,129.365,880931.011
2026-08-04 14:00:00,4135001,INV03,18277.732,17729.4,125.548,793441.663
2026-08-04 14:00:00,4135001,INV04,17518.889,16993.322,128.894,740098.111
2026-08-04 14:15:00,4135001,INV01,17771.177,17238.041,133.762,650459.805
2026-08-04 14:15:00,4135001,INV02,16960.456,16451.642,133.478,880935.124
2026-08-04 14:15:00,4135001,INV03,16702.51,16201.435,129.598,793445.713
2026-08-04 14:15:00,4135001,INV04,17485.738,16961.166,133.135,740102.351
2026-08-04 14:30:00,4135001,INV01,16318.221,15828.675,137.719,650463.762
2026-08-04 14:30:00,4135001,INV02,17339.36,16819.179,137.683,880939.329
2026-08-04 14:30:00,4135001,INV03,16566.664,16069.664,133.616,793449.731
2026-08-04 14:30:00,4135001,INV04,17630.481,17101.566,137.41,740106.626
2026-08-04 14:45:00,4135001,INV01,18316.879,17767.372,142.161,650468.204
2026-08-04 14:45:00,4135001,INV02,17331.002,16811.071,141.885,880943.532
2026-08-04 14:45:00,4135001,INV03,18225.799,17679.026,138.036,793454.15
2026-08-04 14:45:00,4135001,INV04,18672.918,18112.73,141.938,740111.155
2026-08-04 15:00:00,4135001,INV01,16209.59,15723.302,146.092,650472.135
2026-08-04 15:00:00,4135001,INV02,16560.828,16064.003,145.901,880947.548
2026-08-04 15:00:00,4135001,INV03,16071.875,15589.719,141.933,793458.048
2026-08-04 15:00:00,4135001,INV04,16815.026,16310.576,146.016,740115.232
2026-08-04 15:15:00,4135001,INV01,14140.421,13716.209,149.521,650475.564
2026-08-04 15:15:00,4135001,INV02,13352.87,12952.284,149.139,880950.786
2026-08-04 15:15:00,4135001,INV03,14086.503,13663.908,145.349,793461.464
2026-08-04 15:15:00,4135001,INV04,14068.579,13646.522,149.428,740118.644
2026-08-04 15:30:00,4135001,INV01,13971.352,13552.212,152.909,650478.952
2026-08-04 15:30:00,4135001,INV02,13295.892,12897.015,152.364,880954.01
2026-08-04 15:30:00,4135001,INV03,13317.032,12917.521,148.578,793464.693
2026-08-04 15:30:00,4135001,INV04,13357.914,12957.177,152.667,740121.883
2026-08-04 15:45:00,4135001,INV01,11550.304,11203.795,155.71,650481.753
2026-08-04 15:45:00,4135001,INV02,11472.605,11128.427,155.146,880956.792
2026-08-04 15:45:00,4135001,INV03,11713.208,11361.812,151.419,793467.534
2026-08-04 15:45:00,4135001,INV04,11673.568,11323.361,155.498,740124.714
2026-08-04 16:00:00,4135001,INV01,9183.619,8908.11,157.937,650483.98
2026-08-04 16:00:00,4135001,INV02,9612.827,9324.442,157.477,880959.123
2026-08-04 16:00:00,4135001,INV03,9454.231,9170.604,153.712,793469.826
2026-08-04 16:00:00,4135001,INV04,9311.073,9031.741,157.756,740126.972
2026-08-04 16:15:00,4135001,INV01,9934.282,9636.253,160.346,650486.389
2026-08-04 16:15:00,4135001,INV02,9713.332,9421.932,159.832,880961.479
2026-08-04 16:15:00,4135001,INV03,10404.608,10092.47,156.235,793472.349
2026-08-04 16:15:00,4135001,INV04,10241.69,9934.439,160.239,740129.456
2026-08-04 16:30:00,4135001,INV01,9072.712,8800.531,162.546,650488.589
2026-08-04 16:30:00,4135001,INV02,9016.915,8746.407,162.019,880963.665
2026-08-04 16:30:00,4135001,INV03,8691.118,8430.385,158.342,793474.457
2026-08-04 16:30:00,4135001,INV04,8528.026,8272.186,162.307,740131.524
2026-08-04 16:45:00,4135001,INV01,6086.127,5903.543,164.022,650490.065
2026-08-04 16:45:00,4135001,INV02,6401.766,6209.713,163.571,880965.218
2026-08-04 16:45:00,4135001,INV03,6439.9,6246.703,159.904,793476.019
2026-08-04 16:45:00,4135001,INV04,6425.422,6232.66,163.865,740133.082
2026-08-04 17:00:00,4135001,INV01,7746.165,7513.78,165.9,650491.943
2026-08-04 17:00:00,4135001,INV02,7934.23,7696.204,165.495,880967.142
2026-08-04 17:00:00,4135001,INV03,7858.267,7622.519,161.81,793477.924
2026-08-04 17:00:00,4135001,INV04,7916.564,7679.067,165.785,740135.002
2026-08-04 17:15:00,4135001,INV01,3425.094,3322.341,166.731,650492.774
2026-08-04 17:15:00,4135001,INV02,7603.467,7375.363,167.339,880968.986
2026-08-04 17:15:00,4135001,INV03,7808.772,7574.509,163.703,793479.818
2026-08-04 17:15:00,4135001,INV04,8081.999,7839.539,167.745,740136.961
2026-08-04 17:30:00,4135001,INV01,2103.216,2040.12,167.241,650493.284
2026-08-04 17:30:00,4135001,INV02,5827.84,5653.005,168.753,880970.399
2026-08-04 17:30:00,4135001,INV03,6219.6,6033.012,165.211,793481.326
2026-08-04 17:30:00,4135001,INV04,6292.987,6104.198,169.271,740138.487
2026-08-04 17:45:00,4135001,INV01,2938.203,2850.056,167.953,650493.996
2026-08-04 17:45:00,4135001,INV02,3032.697,2941.716,169.488,880971.134
2026-08-04 17:45:00,4135001,INV03,2836.101,2751.018,165.899,793482.014
2026-08-04 17:45:00,4135001,INV04,2887.566,2800.939,169.971,740139.188
2026-08-04 18:00:00,4135001,INV01,9.56,9.273,167.956,650493.999
2026-08-04 18:00:00,4135001,INV02,24.245,23.517,169.494,880971.14
2026-08-04 18:00:00,4135001,INV03,0.0,0.0,165.899,793482.014
2026-08-04 18:00:00,4135001,INV04,9.399,9.117,169.974,740139.19
2026-08-04 18:15:00,4135001,INV01,3605.69,3497.519,168.83,650494.873
2026-08-04 18:15:00,4135001,INV02,3719.839,3608.244,170.396,880972.042
2026-08-04 18:15:00,4135001,INV03,3708.601,3597.343,166.799,793482.913
2026-08-04 18:15:00,4135001,INV04,3797.727,3683.795,170.895,740140.111
2026-08-04 18:30:00,4135001,INV01,2239.368,2172.187,169.373,650495.416
2026-08-04 18:30:00,4135001,INV02,2242.481,2175.207,170.94,880972.586
2026-08-04 18:30:00,4135001,INV03,2373.396,2302.194,167.374,793483.489
2026-08-04 18:30:00,4135001,INV04,2230.002,2163.102,171.435,740140.652
2026-08-04 18:45:00,4135001,INV01,0.0,0.0,169.373,650495.416
2026-08-04 18:45:00,4135001,INV02,0.0,0.0,170.94,880972.586
2026-08-04 18:45:00,4135001,INV03,0.0,0.0,167.374,793483.489
2026-08-04 18:45:00,4135001,INV04,3.646,3.537,171.436,740140.653
2026-08-04 19:00:00,4135001,INV01,0.0,0.0,169.373,650495.416
2026-08-04 19:00:00,4135001,INV02,1.855,1.799,170.94,880972.586
2026-08-04 19:00:00,4135001,INV03,0.0,0.0,167.374,793483.489
2026-08-04 19:00:00,4135001,INV04,18.65,18.09,171.441,740140.657
2026-08-04 19:15:00,4135001,INV01,7.351,7.131,169.375,650495.418
2026-08-04 19:15:00,4135001,INV02,8.215,7.968,170.942,880972.588
2026-08-04 19:15:00,4135001,INV03,1.896,1.839,167.375,793483.489
2026-08-04 19:15:00,4135001,INV04,0.0,0.0,171.441,740140.657
2026-08-04 19:30:00,4135001,INV01,0.0,0.0,169.375,650495.418
2026-08-04 19:30:00,4135001,INV02,31.685,30.735,170.95,880972.596
2026-08-04 19:30:00,4135001,INV03,0.0,0.0,167.375,793483.489
2026-08-04 19:30:00,4135001,INV04,23.828,23.113,171.447,740140.663
2026-08-04 19:45:00,4135001,INV01,0.332,0.322,169.375,650495.418
2026-08-04 19:45:00,4135001,INV02,8.346,8.096,170.952,880972.598
2026-08-04 19:45:00,4135001,INV03,0.0,0.0,167.375,793483.489
2026-08-04 19:45:00,4135001,INV04,1.93,1.872,171.447,740140.663
2026-08-04 20:00:00,4135001,INV01,8.77,8.507,169.377,650495.42
2026-08-04 20:00:00,4135001,INV02,0.0,0.0,170.952,880972.598
2026-08-04 20:00:00,4135001,INV03,17.764,17.231,167.379,793483.494
2026-08-04 20:00:00,4135001,INV04,0.0,0.0,171.447,740140.663
2026-08-04 20:15:00,4135001,INV01,3.918,3.8,169.378,650495.421
2026-08-04 20:15:00,4135001,INV02,15.348,14.888,170.956,880972.602
2026-08-04 20:15:00,4135001,INV03,0.0,0.0,167.379,793483.494
2026-08-04 20:15:00,4135001,INV04,3.982,3.862,171.448,740140.664
2026-08-04 20:30:00,4135001,INV01,16.178,15.693,169.382,650495.425
2026-08-04 20:30:00,4135001,INV02,0.0,0.0,170.956,880972.602
2026-08-04 20:30:00,4135001,INV03,0.0,0.0,167.379,793483.494
2026-08-04 20:30:00,4135001,INV04,17.502,16.977,171.452,740140.669
2026-08-04 20:45:00,4135001,INV01,0.0,0.0,169.382,650495.425
2026-08-04 20:45:00,4135001,INV02,0.0,0.0,170.956,880972.602
2026-08-04 20:45:00,4135001,INV03,0.0,0.0,167.379,793483.494
2026-08-04 20:45:00,4135001,INV04,0.0,0.0,171.452,740140.669
2026-08-04 21:00:00,4135001,INV01,0.0,0.0,169.382,650495.425
2026-08-04 21:00:00,4135001,INV02,5.648,5.478,170.957,880972.603
2026-08-04 21:00:00,4135001,INV03,9.934,9.636,167.381,793483.496
2026-08-04 21:00:00,4135001,INV04,0.0,0.0,171.452,740140.669
2026-08-04 21:15:00,4135001,INV01,0.0,0.0,169.382,650495.425
2026-08-04 21:15:00,4135001,INV02,6.222,6.036,170.958,880972.605
2026-08-04 21:15:00,4135001,INV03,0.0,0.0,167.381,793483.496
2026-08-04 21:15:00,4135001,INV04,0.0,0.0,171.452,740140.669
2026-08-04 21:30:00,4135001,INV01,15.099,14.646,169.386,650495.429
2026-08-04 21:30:00,4135001,INV02,19.232,18.655,170.963,880972.609
2026-08-04 21:30:00,4135001,INV03,0.758,0.735,167.381,793483.496
2026-08-04 21:30:00,4135001,INV04,22.347,21.677,171.458,740140.674
2026-08-04 21:45:00,4135001,INV01,0.0,0.0,169.386,650495.429
2026-08-04 21:45:00,4135001,INV02,0.0,0.0,170.963,880972.609
2026-08-04 21:45:00,4135001,INV03,0.0,0.0,167.381,793483.496
2026-08-04 21:45:00,4135001,INV04,0.0,0.0,171.458,740140.674
2026-08-04 22:00:00,4135001,INV01,1.654,1.604,169.386,650495.429
2026-08-04 22:00:00,4135001,INV02,9.251,8.974,170.965,880972.612
2026-08-04 22:00:00,4135001,INV03,0.0,0.0,167.381,793483.496
2026-08-04 22:00:00,4135001,INV04,6.233,6.046,171.459,740140.675
2026-08-04 22:15:00,4135001,INV01,0.0,0.0,169.386,650495.429
2026-08-04 22:15:00,4135001,INV02,0.0,0.0,170.965,880972.612
2026-08-04 22:15:00,4135001,INV03,0.0,0.0,167.381,793483.496
2026-08-04 22:15:00,4135001,INV04,2.264,2.196,171.46,740140.676
2026-08-04 22:30:00,4135001,INV01,13.03,12.639,169.389,650495.432
2026-08-04 22:30:00,4135001,INV02,0.0,0.0,170.965,880972.612
2026-08-04 22:30:00,4135001,INV03,8.762,8.499,167.384,793483.498
2026-08-04 22:30:00,4135001,INV04,9.208,8.932,171.462,740140.678
2026-08-04 22:45:00,4135001,INV01,2.573,2.495,169.39,650495.433
2026-08-04 22:45:00,4135001,INV02,5.864,5.688,170.967,880972.613
2026-08-04 22:45:00,4135001,INV03,3.015,2.925,167.384,793483.499
2026-08-04 22:45:00,4135001,INV04,0.0,0.0,171.462,740140.678
2026-08-04 23:00:00,4135001,INV01,0.0,0.0,169.39,650495.433
2026-08-04 23:00:00,4135001,INV02,0.0,0.0,170.967,880972.613
2026-08-04 23:00:00,4135001,INV03,18.134,17.59,167.389,793483.503
2026-08-04 23:00:00,4135001,INV04,0.0,0.0,171.462,740140.678
2026-08-04 23:15:00,4135001,INV01,0.0,0.0,169.39,650495.433
2026-08-04 23:15:00,4135001,INV02,9.051,8.779,170.969,880972.615
2026-08-04 23:15:00,4135001,INV03,19.981,19.382,167.394,793483.508
2026-08-04 23:15:00,4135001,INV04,0.0,0.0,171.462,740140.678
2026-08-04 23:30:00,4135001,INV01,13.358,12.957,169.393,650495.436
2026-08-04 23:30:00,4135001,INV02,5.489,5.324,170.97,880972.617
2026-08-04 23:30:00,4135001,INV03,12.979,12.589,167.397,793483.511
2026-08-04 23:30:00,4135001,INV04,12.149,11.785,171.465,740140.681
2026-08-04 23:45:00,4135001,INV01,0.0,0.0,169.393,650495.436
2026-08-04 23:45:00,4135001,INV02,0.0,0.0,170.97,880972.617
2026-08-04 23:45:00,4135001,INV03,14.543,14.107,167.4,793483.515
2026-08-04 23:45:00,4135001,INV04,7.07,6.858,171.467,740140.683
2026-08-05 00:00:00,4135001,INV01,5.838,5.662,0.001,650495.437
2026-08-05 00:00:00,4135001,INV02,0.011,0.01,0.0,880972.617
2026-08-05 00:00:00,4135001,INV03,33.083,32.09,0.008,793483.523
2026-08-05 00:00:00,4135001,INV04,17.99,17.45,0.004,740140.687
2026-08-05 00:15:00,4135001,INV01,22.934,22.246,0.007,650495.443
2026-08-05 00:15:00,4135001,INV02,5.481,5.316,0.001,880972.618
2026-08-05 00:15:00,4135001,INV03,7.192,6.976,0.01,793483.525
2026-08-05 00:15:00,4135001,INV04,0.0,0.0,0.004,740140.687
2026-08-05 00:30:00,4135001,INV01,0.0,0.0,0.007,650495.443
2026-08-05 00:30:00,4135001,INV02,12.467,12.093,0.004,880972.621
2026-08-05 00:30:00,4135001,INV03,0.0,0.0,0.01,793483.525
2026-08-05 00:30:00,4135001,INV04,0.0,0.0,0.004,740140.687
2026-08-05 00:45:00,4135001,INV01,0.0,0.0,0.007,650495.443
2026-08-05 00:45:00,4135001,INV02,17.113,16.6,0.009,880972.625
2026-08-05 00:45:00,4135001,INV03,2.174,2.108,0.01,793483.525
2026-08-05 00:45:00,4135001,INV04,4.214,4.088,0.005,740140.688
2026-08-05 01:00:00,4135001,INV01,0.0,0.0,0.007,650495.443
2026-08-05 01:00:00,4135001,INV02,0.0,0.0,0.009,880972.625
2026-08-05 01:00:00,4135001,INV03,4.69,4.549,0.011,793483.526
2026-08-05 01:00:00,4135001,INV04,26.737,25.935,0.012,740140.695
2026-08-05 01:15:00,4135001,INV01,0.0,0.0,0.007,650495.443
2026-08-05 01:15:00,4135001,INV02,0.0,0.0,0.009,880972.625
2026-08-05 01:15:00,4135001,INV03,0.0,0.0,0.011,793483.526
2026-08-05 01:15:00,4135001,INV04,0.0,0.0,0.012,740140.695
2026-08-05 01:30:00,4135001,INV01,0.642,0.622,0.007,650495.443
2026-08-05 01:30:00,4135001,INV02,7.413,7.19,0.01,880972.627
2026-08-05 01:30:00,4135001,INV03,0.0,0.0,0.011,793483.526
2026-08-05 01:30:00,4135001,INV04,0.0,0.0,0.012,740140.695
2026-08-05 01:45:00,4135001,INV01,7.366,7.145,0.009,650495.445
2026-08-05 01:45:00,4135001,INV02,14.83,14.385,0.014,880972.63
2026-08-05 01:45:00,4135001,INV03,3.487,3.383,0.012,793483.527
2026-08-05 01:45:00,4135001,INV04,13.522,13.117,0.015,740140.698
2026-08-05 02:00:00,4135001,INV01,0.0,0.0,0.009,650495.445
2026-08-05 02:00:00,4135001,INV02,14.44,14.007,0.017,880972.634
2026-08-05 02:00:00,4135001,INV03,0.0,0.0,0.012,793483.527
2026-08-05 02:00:00,4135001,INV04,0.0,0.0,0.015,740140.698
2026-08-05 02:15:00,4135001,INV01,0.0,0.0,0.009,650495.445
2026-08-05 02:15:00,4135001,INV02,11.108,10.775,0.02,880972.637
2026-08-05 02:15:00,4135001,INV03,14.1,13.677,0.016,793483.531
2026-08-05 02:15:00,4135001,INV04,0.0,0.0,0.015,740140.698
2026-08-05 02:30:00,4135001,INV01,4.597,4.459,0.01,650495.446
2026-08-05 02:30:00,4135001,INV02,0.048,0.047,0.02,880972.637
2026-08-05 02:30:00,4135001,INV03,0.0,0.0,0.016,793483.531
2026-08-05 02:30:00,4135001,INV04,13.343,12.943,0.018,740140.701
2026-08-05 02:45:00,4135001,INV01,0.0,0.0,0.01,650495.446
2026-08-05 02:45:00,4135001,INV02,3.322,3.223,0.021,880972.637
2026-08-05 02:45:00,4135001,INV03,7.379,7.157,0.017,793483.532
2026-08-05 02:45:00,4135001,INV04,0.617,0.598,0.019,740140.701
2026-08-05 03:00:00,4135001,INV01,9.404,9.122,0.012,650495.448
2026-08-05 03:00:00,4135001,INV02,0.0,0.0,0.021,880972.637
2026-08-05 03:00:00,4135001,INV03,0.0,0.0,0.017,793483.532
2026-08-05 03:00:00,4135001,INV04,0.0,0.0,0.019,740140.701
2026-08-05 03:15:00,4135001,INV01,10.592,10.274,0.015,650495.451
2026-08-05 03:15:00,4135001,INV02,17.861,17.325,0.025,880972.642
2026-08-05 03:15:00,4135001,INV03,0.487,0.473,0.018,793483.532
2026-08-05 03:15:00,4135001,INV04,12.084,11.721,0.021,740140.704
2026-08-05 03:30:00,4135001,INV01,9.676,9.385,0.017,650495.453
2026-08-05 03:30:00,4135001,INV02,0.0,0.0,0.025,880972.642
2026-08-05 03:30:00,4135001,INV03,0.0,0.0,0.018,793483.532
2026-08-05 03:30:00,4135001,INV04,0.0,0.0,0.021,740140.704
2026-08-05 03:45:00,4135001,INV01,0.0,0.0,0.017,650495.453
2026-08-05 03:45:00,4135001,INV02,9.156,8.881,0.027,880972.644
2026-08-05 03:45:00,4135001,INV03,8.828,8.563,0.02,793483.535
2026-08-05 03:45:00,4135001,INV04,10.003,9.703,0.024,740140.707
2026-08-05 04:00:00,4135001,INV01,0.609,0.591,0.017,650495.453
2026-08-05 04:00:00,4135001,INV02,21.489,20.844,0.033,880972.649
2026-08-05 04:00:00,4135001,INV03,0.0,0.0,0.02,793483.535
2026-08-05 04:00:00,4135001,INV04,0.0,0.0,0.024,740140.707
2026-08-05 04:15:00,4135001,INV01,11.971,11.612,0.02,650495.456
2026-08-05 04:15:00,4135001,INV02,0.0,0.0,0.033,880972.649
2026-08-05 04:15:00,4135001,INV03,0.0,0.0,0.02,793483.535
2026-08-05 04:15:00,4135001,INV04,0.0,0.0,0.024,740140.707
2026-08-05 04:30:00,4135001,INV01,38.268,37.12,0.03,650495.466
2026-08-05 04:30:00,4135001,INV02,9.753,9.461,0.035,880972.652
2026-08-05 04:30:00,4135001,INV03,0.0,0.0,0.02,793483.535
2026-08-05 04:30:00,4135001,INV04,0.0,0.0,0.024,740140.707
2026-08-05 04:45:00,4135001,INV01,23.307,22.608,0.035,650495.471
2026-08-05 04:45:00,4135001,INV02,0.0,0.0,0.035,880972.652
2026-08-05 04:45:00,4135001,INV03,6.901,6.694,0.021,793483.536
2026-08-05 04:45:00,4135001,INV04,3.398,3.296,0.025,740140.708
2026-08-05 05:00:00,4135001,INV01,3.816,3.702,0.036,650495.472
2026-08-05 05:00:00,4135001,INV02,0.0,0.0,0.035,880972.652
2026-08-05 05:00:00,4135001,INV03,0.0,0.0,0.021,793483.536
2026-08-05 05:00:00,4135001,INV04,21.582,20.935,0.03,740140.713
2026-08-05 05:15:00,4135001,INV01,3.959,3.84,0.037,650495.473
2026-08-05 05:15:00,4135001,INV02,0.0,0.0,0.035,880972.652
2026-08-05 05:15:00,4135001,INV03,1.579,1.532,0.022,793483.537
2026-08-05 05:15:00,4135001,INV04,20.823,20.198,0.035,740140.718
2026-08-05 05:30:00,4135001,INV01,0.0,0.0,0.037,650495.473
2026-08-05 05:30:00,4135001,INV02,12.163,11.798,0.038,880972.655
2026-08-05 05:30:00,4135001,INV03,0.461,0.447,0.022,793483.537
2026-08-05 05:30:00,4135001,INV04,0.0,0.0,0.035,740140.718
2026-08-05 05:45:00,4135001,INV01,6.656,6.456,0.039,650495.475
2026-08-05 05:45:00,4135001,INV02,0.0,0.0,0.038,880972.655
2026-08-05 05:45:00,4135001,INV03,5.978,5.799,0.023,793483.538
2026-08-05 05:45:00,4135001,INV04,0.0,0.0,0.035,740140.718
2026-08-05 06:00:00,4135001,INV01,3219.169,3122.594,0.819,650496.255
2026-08-05 06:00:00,4135001,INV02,3304.834,3205.689,0.839,880973.456
2026-08-05 06:00:00,4135001,INV03,3213.753,3117.34,0.803,793484.318
2026-08-05 06:00:00,4135001,INV04,3330.815,3230.89,0.843,740141.526
2026-08-05 06:15:00,4135001,INV01,3867.712,3751.68,1.757,650497.193
2026-08-05 06:15:00,4135001,INV02,3834.281,3719.253,1.769,880974.386
2026-08-05 06:15:00,4135001,INV03,3894.638,3777.799,1.747,793485.262
2026-08-05 06:15:00,4135001,INV04,3994.582,3874.744,1.811,740142.494
2026-08-05 06:30:00,4135001,INV01,2381.227,2309.79,2.335,650497.771
2026-08-05 06:30:00,4135001,INV02,2254.854,2187.208,2.316,880974.933
2026-08-05 06:30:00,4135001,INV03,2300.911,2231.884,2.305,793485.82
2026-08-05 06:30:00,4135001,INV04,2347.486,2277.061,2.381,740143.064
2026-08-05 06:45:00,4135001,INV01,3243.92,3146.602,3.121,650498.557
2026-08-05 06:45:00,4135001,INV02,3219.48,3122.895,3.097,880975.713
2026-08-05 06:45:00,4135001,INV03,3295.571,3196.703,3.104,793486.619
2026-08-05 06:45:00,4135001,INV04,3458.71,3354.949,3.219,740143.902
2026-08-05 07:00:00,4135001,INV01,6344.901,6154.553,4.66,650500.096
2026-08-05 07:00:00,4135001,INV02,6170.698,5985.577,4.593,880977.21
2026-08-05 07:00:00,4135001,INV03,6461.344,6267.504,4.671,793488.186
2026-08-05 07:00:00,4135001,INV04,6107.976,5924.737,4.701,740145.384
2026-08-05 07:15:00,4135001,INV01,5788.55,5614.893,6.064,650501.5
2026-08-05 07:15:00,4135001,INV02,5587.528,5419.902,5.948,880978.565
2026-08-05 07:15:00,4135001,INV03,5765.148,5592.194,6.069,793489.584
2026-08-05 07:15:00,4135001,INV04,5595.739,5427.867,6.058,740146.74
2026-08-05 07:30:00,4135001,INV01,6092.915,5910.127,7.541,650502.977
2026-08-05 07:30:00,4135001,INV02,5819.486,5644.902,7.359,880979.976
2026-08-05 07:30:00,4135001,INV03,6236.23,6049.143,7.582,793491.096
2026-08-05 07:30:00,4135001,INV04,6293.676,6104.866,7.584,740148.267
2026-08-05 07:45:00,4135001,INV01,1875.506,1819.241,7.996,650503.432
2026-08-05 07:45:00,4135001,INV02,6587.219,6389.602,8.957,880981.573
2026-08-05 07:45:00,4135001,INV03,6183.87,5998.354,9.081,793492.596
2026-08-05 07:45:00,4135001,INV04,6448.834,6255.369,9.148,740149.831
2026-08-05 08:00:00,4135001,INV01,7842.563,7607.286,9.898,650505.334
2026-08-05 08:00:00,4135001,INV02,8033.654,7792.644,10.905,880983.521
2026-08-05 08:00:00,4135001,INV03,7851.276,7615.738,10.985,793494.5
2026-08-05 08:00:00,4135001,INV04,8035.327,7794.267,11.096,740151.779
2026-08-05 08:15:00,4135001,INV01,11087.153,10754.539,12.587,650508.023
2026-08-05 08:15:00,4135001,INV02,11636.153,11287.069,13.727,880986.343
2026-08-05 08:15:00,4135001,INV03,10830.772,10505.849,13.611,793497.126
2026-08-05 08:15:00,4135001,INV04,11124.278,10790.549,13.794,740154.477
2026-08-05 08:30:00,4135001,INV01,10271.734,9963.582,15.077,650510.513
2026-08-05 08:30:00,4135001,INV02,9634.124,9345.101,16.063,880988.68
2026-08-05 08:30:00,4135001,INV03,9836.264,9541.176,15.997,793499.512
2026-08-05 08:30:00,4135001,INV04,10398.874,10086.908,16.316,740156.998
2026-08-05 08:45:00,4135001,INV01,8578.711,8321.35,17.158,650512.594
2026-08-05 08:45:00,4135001,INV02,9157.0,8882.29,18.284,880990.9
2026-08-05 08:45:00,4135001,INV03,8843.468,8578.164,18.141,793501.656
2026-08-05 08:45:00,4135001,INV04,8541.853,8285.598,18.387,740159.07
2026-08-05 09:00:00,4135001,INV01,11219.537,10882.951,19.879,650515.315
2026-08-05 09:00:00,4135001,INV02,11847.973,11492.534,21.157,880993.773
2026-08-05 09:00:00,4135001,INV03,11882.311,11525.842,21.023,793504.538
2026-08-05 09:00:00,4135001,INV04,11040.598,10709.38,21.064,740161.747
2026-08-05 09:15:00,4135001,INV01,15303.549,14844.442,23.59,650519.026
2026-08-05 09:15:00,4135001,INV02,15369.587,14908.499,24.884,880997.5
2026-08-05 09:15:00,4135001,INV03,15660.772,15190.949,24.821,793508.335
2026-08-05 09:15:00,4135001,INV04,15550.287,15083.778,24.835,740165.518
2026-08-05 09:30:00,4135001,INV01,15664.864,15194.918,27.388,650522.824
2026-08-05 09:30:00,4135001,INV02,14766.292,14323.303,28.465,881001.081
2026-08-05 09:30:00,4135001,INV03,15067.931,14615.893,28.474,793511.989
2026-08-05 09:30:00,4135001,INV04,15692.325,15221.555,28.641,740169.324
2026-08-05 09:45:00,4135001,INV01,17116.637,16603.138,31.539,650526.975
2026-08-05 09:45:00,4135001,INV02,17157.705,16642.973,32.625,881005.242
2026-08-05 09:45:00,4135001,INV03,17116.019,16602.538,32.625,793516.14
2026-08-05 09:45:00,4135001,INV04,17404.704,16882.563,32.861,740173.544
2026-08-05 10:00:00,4135001,INV01,17833.45,17298.447,35.864,650531.3
2026-08-05 10:00:00,4135001,INV02,18200.785,17654.762,37.039,881009.656
2026-08-05 10:00:00,4135001,INV03,18175.189,17629.934,37.033,793520.547
2026-08-05 10:00:00,4135001,INV04,17891.76,17355.008,37.2,740177.883
2026-08-05 10:15:00,4135001,INV01,22066.375,21404.384,41.215,650536.651
2026-08-05 10:15:00,4135001,INV02,21873.574,21217.367,42.343,881014.96
2026-08-05 10:15:00,4135001,INV03,22202.384,21536.313,42.417,793525.932
2026-08-05 10:15:00,4135001,INV04,22525.609,21849.84,42.662,740183.345
2026-08-05 10:30:00,4135001,INV01,24331.22,23601.283,47.115,650542.551
2026-08-05 10:30:00,4135001,INV02,24080.904,23358.477,48.183,881020.8
2026-08-05 10:30:00,4135001,INV03,24214.404,23487.972,48.289,793531.804
2026-08-05 10:30:00,4135001,INV04,23668.269,22958.221,48.402,740189.085
2026-08-05 10:45:00,4135001,INV01,23415.423,22712.96,52.793,650548.229
2026-08-05 10:45:00,4135001,INV02,23211.25,22514.913,53.812,881026.428
2026-08-05 10:45:00,4135001,INV03,22880.969,22194.54,53.837,793537.352
2026-08-05 10:45:00,4135001,INV04,21727.139,21075.325,53.671,740194.354
2026-08-05 11:00:00,4135001,INV01,20816.456,20191.962,57.841,650553.277
2026-08-05 11:00:00,4135001,INV02,19822.586,19227.908,58.619,881031.235
2026-08-05 11:00:00,4135001,INV03,20241.499,19634.254,58.746,793542.261
2026-08-05 11:00:00,4135001,INV04,19764.104,19171.181,58.464,740199.147
2026-08-05 11:15:00,4135001,INV01,24499.487,23764.502,63.783,650559.219
2026-08-05 11:15:00,4135001,INV02,23194.68,22498.839,64.243,881036.86
2026-08-05 11:15:00,4135001,INV03,24793.369,24049.568,64.758,793548.273
2026-08-05 11:15:00,4135001,INV04,5653.837,5484.222,59.835,740200.518
2026-08-05 11:30:00,4135001,INV01,23456.839,22753.134,69.471,650564.907
2026-08-05 11:30:00,4135001,INV02,24792.365,24048.594,70.256,881042.872
2026-08-05 11:30:00,4135001,INV03,24549.389,23812.907,70.712,793554.226
2026-08-05 11:30:00,4135001,INV04,24704.623,23963.485,65.826,740206.509
2026-08-05 11:45:00,4135001,INV01,28503.637,27648.528,76.383,650571.819
2026-08-05 11:45:00,4135001,INV02,26885.33,26078.77,76.775,881049.392
2026-08-05 11:45:00,4135001,INV03,27581.91,26754.453,77.4,793560.915
2026-08-05 11:45:00,4135001,INV04,27285.194,26466.638,72.442,740213.125
2026-08-05 12:00:00,4135001,INV01,26624.061,25825.339,82.839,650578.275
2026-08-05 12:00:00,4135001,INV02,27189.151,26373.476,83.369,881055.985
2026-08-05 12:00:00,4135001,INV03,27502.527,26677.451,84.069,793567.584
2026-08-05 12:00:00,4135001,INV04,27406.839,26584.633,79.088,740219.771
2026-08-05 12:15:00,4135001,INV01,26444.871,25651.525,89.252,650584.688
2026-08-05 12:15:00,4135001,INV02,26136.459,25352.366,89.707,881062.323
2026-08-05 12:15:00,4135001,INV03,25736.832,24964.727,90.311,793573.826
2026-08-05 12:15:00,4135001,INV04,24865.241,24119.284,85.118,740225.801
2026-08-05 12:30:00,4135001,INV01,27893.862,27057.046,96.016,650591.452
2026-08-05 12:30:00,4135001,INV02,28979.628,28110.239,96.734,881069.351
2026-08-05 12:30:00,4135001,INV03,29315.513,28436.048,97.42,793580.935
2026-08-05 12:30:00,4135001,INV04,28603.425,27745.322,92.055,740232.737
2026-08-05 12:45:00,4135001,INV01,26065.399,25283.437,102.337,650597.773
2026-08-05 12:45:00,4135001,INV02,25865.858,25089.882,103.007,881075.623
2026-08-05 12:45:00,4135001,INV03,6121.731,5938.079,98.904,793582.419
2026-08-05 12:45:00,4135001,INV04,26356.351,25565.66,98.446,740239.129
2026-08-05 13:00:00,4135001,INV01,24530.5,23794.585,108.286,650603.722
2026-08-05 13:00:00,4135001,INV02,24761.753,24018.9,109.011,881081.628
2026-08-05 13:00:00,4135001,INV03,25582.358,24814.887,105.108,793588.623
2026-08-05 13:00:00,4135001,INV04,24779.042,24035.67,104.455,740245.138
2026-08-05 13:15:00,4135001,INV01,20365.346,19754.386,113.225,650608.661
2026-08-05 13:15:00,4135001,INV02,20940.891,20312.665,114.09,881086.706
2026-08-05 13:15:00,4135001,INV03,20654.037,20034.415,110.117,793593.631
2026-08-05 13:15:00,4135001,INV04,20977.992,20348.652,109.542,740250.225
2026-08-05 13:30:00,4135001,INV01,22921.267,22233.629,118.783,650614.219
2026-08-05 13:30:00,4135001,INV02,22330.492,21660.577,119.505,881092.121
2026-08-05 13:30:00,4135001,INV03,23310.292,22610.983,115.769,793599.284
2026-08-05 13:30:00,4135001,INV04,21970.129,21311.026,114.87,740255.553
2026-08-05 13:45:00,4135001,INV01,24967.551,24218.524,124.838,650620.274
2026-08-05 13:45:00,4135001,INV02,24921.633,24173.984,125.548,881098.165
2026-08-05 13:45:00,4135001,INV03,25197.575,24441.647,121.88,793605.395
2026-08-05 13:45:00,4135001,INV04,24430.185,23697.28,120.794,740261.477
2026-08-05 14:00:00,4135001,INV01,24334.18,23604.155,130.739,650626.175
2026-08-05 14:00:00,4135001,INV02,22818.118,22133.574,131.082,881103.698
2026-08-05 14:00:00,4135001,INV03,23914.031,23196.61,127.679,793611.194
2026-08-05 14:00:00,4135001,INV04,22833.729,22148.717,126.331,740267.014
2026-08-05 14:15:00,4135001,INV01,22197.862,21531.926,136.122,650631.558
2026-08-05 14:15:00,4135001,INV02,22683.754,22003.241,136.582,881109.199
2026-08-05 14:15:00,4135001,INV03,21413.391,20770.99,132.872,793616.386
2026-08-05 14:15:00,4135001,INV04,22136.082,21471.999,131.699,740272.382
2026-08-05 14:30:00,4135001,INV01,18003.832,17463.718,140.488,650635.924
2026-08-05 14:30:00,4135001,INV02,17731.397,17199.455,140.882,881113.499
2026-08-05 14:30:00,4135001,INV03,18160.439,17615.626,137.275,793620.79
2026-08-05 14:30:00,4135001,INV04,18730.474,18168.56,136.241,740276.924
2026-08-05 14:45:00,4135001,INV01,15792.904,15319.116,144.317,650639.753
2026-08-05 14:45:00,4135001,INV02,16234.728,15747.687,144.819,881117.436
2026-08-05 14:45:00,4135001,INV03,16608.988,16110.718,141.303,793624.818
2026-08-05 14:45:00,4135001,INV04,16932.079,16424.116,140.347,740281.03
2026-08-05 15:00:00,4135001,INV01,15830.963,15356.034,148.156,650643.592
2026-08-05 15:00:00,4135001,INV02,16768.656,16265.597,148.886,881121.502
2026-08-05 15:00:00,4135001,INV03,16035.125,15554.072,145.192,793628.707
2026-08-05 15:00:00,4135001,INV04,15665.979,15196.0,144.146,740284.829
2026-08-05 15:15:00,4135001,INV01,7553.242,7326.644,149.988,650645.424
2026-08-05 15:15:00,4135001,INV02,17004.17,16494.045,153.009,881125.626
2026-08-05 15:15:00,4135001,INV03,17914.661,17377.221,149.536,793633.051
2026-08-05 15:15:00,4135001,INV04,17781.969,17248.51,148.459,740289.142
2026-08-05 15:30:00,4135001,INV01,13220.694,12824.073,153.194,650648.63
2026-08-05 15:30:00,4135001,INV02,13887.425,13470.802,156.377,881128.993
2026-08-05 15:30:00,4135001,INV03,13458.174,13054.429,152.8,793636.314
2026-08-05 15:30:00,4135001,INV04,14073.495,13651.291,151.871,740292.554
2026-08-05 15:45:00,4135001,INV01,12130.507,11766.592,156.136,650651.572
2026-08-05 15:45:00,4135001,INV02,12396.36,12024.469,159.383,881132.0
2026-08-05 15:45:00,4135001,INV03,12444.553,12071.216,155.817,793639.332
2026-08-05 15:45:00,4135001,INV04,11536.235,11190.148,154.669,740295.352
2026-08-05 16:00:00,4135001,INV01,8344.085,8093.762,158.159,650653.595
2026-08-05 16:00:00,4135001,INV02,8099.987,7856.988,161.347,881133.964
2026-08-05 16:00:00,4135001,INV03,8197.913,7951.976,157.805,793641.32
2026-08-05 16:00:00,4135001,INV04,7803.412,7569.31,156.561,740297.244
2026-08-05 16:15:00,4135001,INV01,10681.925,10361.467,160.749,650656.185
2026-08-05 16:15:00,4135001,INV02,10174.839,9869.593,163.815,881136.431
2026-08-05 16:15:00,4135001,INV03,10210.77,9904.447,160.282,793643.796
2026-08-05 16:15:00,4135001,INV04,10312.114,10002.75,159.062,740299.745
2026-08-05 16:30:00,4135001,INV01,12381.447,12010.003,163.752,650659.188
2026-08-05 16:30:00,4135001,INV02,12893.827,12507.012,166.941,881139.558
2026-08-05 16:30:00,4135001,INV03,12474.38,12100.148,163.307,793646.821
2026-08-05 16:30:00,4135001,INV04,12712.842,12331.456,162.145,740302.828
2026-08-05 16:45:00,4135001,INV01,8552.716,8296.134,165.826,650661.262
2026-08-05 16:45:00,4135001,INV02,8332.156,8082.191,168.962,881141.579
2026-08-05 16:45:00,4135001,INV03,8578.409,8321.057,165.387,793648.902
2026-08-05 16:45:00,4135001,INV04,8388.475,8136.82,164.179,740304.862
2026-08-05 17:00:00,4135001,INV01,6159.034,5974.263,167.32,650662.756
2026-08-05 17:00:00,4135001,INV02,6257.793,6070.059,170.479,881143.096
2026-08-05 17:00:00,4135001,INV03,6319.641,6130.052,166.919,793650.434
2026-08-05 17:00:00,4135001,INV04,6685.699,6485.128,165.8,740306.483
2026-08-05 17:15:00,4135001,INV01,3926.489,3808.694,168.272,650663.708
2026-08-05 17:15:00,4135001,INV02,3995.646,3875.776,171.448,881144.065
2026-08-05 17:15:00,4135001,INV03,4109.376,3986.095,167.916,793651.431
2026-08-05 17:15:00,4135001,INV04,3956.389,3837.698,166.76,740307.443
2026-08-05 17:30:00,4135001,INV01,2594.919,2517.071,168.901,650664.337
2026-08-05 17:30:00,4135001,INV02,2527.397,2451.575,172.061,881144.678
2026-08-05 17:30:00,4135001,INV03,2581.109,2503.676,168.542,793652.057
2026-08-05 17:30:00,4135001,INV04,2501.994,2426.934,167.366,740308.049
2026-08-05 17:45:00,4135001,INV01,3565.3,3458.341,169.766,650665.202
2026-08-05 17:45:00,4135001,INV02,3449.008,3345.538,172.898,881145.514
2026-08-05 17:45:00,4135001,INV03,3642.758,3533.475,169.425,793652.94
2026-08-05 17:45:00,4135001,INV04,3413.334,3310.934,168.194,740308.877
2026-08-05 18:00:00,4135001,INV01,1323.746,1284.033,170.087,650665.523
2026-08-05 18:00:00,4135001,INV02,1257.038,1219.327,173.203,881145.819
2026-08-05 18:00:00,4135001,INV03,1328.924,1289.056,169.747,793653.262
2026-08-05 18:00:00,4135001,INV04,1358.344,1317.594,168.524,740309.207
2026-08-05 18:15:00,4135001,INV01,1993.983,1934.164,170.57,650666.006
2026-08-05 18:15:00,4135001,INV02,1995.895,1936.018,173.687,881146.303
2026-08-05 18:15:00,4135001,INV03,2078.314,2015.964,170.251,793653.766
2026-08-05 18:15:00,4135001,INV04,1950.997,1892.467,168.997,740309.68
2026-08-05 18:30:00,4135001,INV01,0.0,0.0,170.57,650666.006
2026-08-05 18:30:00,4135001,INV02,0.0,0.0,173.687,881146.303
2026-08-05 18:30:00,4135001,INV03,0.0,0.0,170.251,793653.766
2026-08-05 18:30:00,4135001,INV04,1.516,1.47,168.997,740309.68
2026-08-05 18:45:00,4135001,INV01,1.406,1.364,170.57,650666.006
2026-08-05 18:45:00,4135001,INV02,0.0,0.0,173.687,881146.303
2026-08-05 18:45:00,4135001,INV03,7.293,7.074,170.253,793653.768
2026-08-05 18:45:00,4135001,INV04,2.446,2.373,168.998,740309.681
2026-08-05 19:00:00,4135001,INV01,9.113,8.84,170.573,650666.009
2026-08-05 19:00:00,4135001,INV02,3.806,3.691,173.687,881146.304
2026-08-05 19:00:00,4135001,INV03,0.0,0.0,170.253,793653.768
2026-08-05 19:00:00,4135001,INV04,0.0,0.0,168.998,740309.681
2026-08-05 19:15:00,4135001,INV01,4.175,4.05,170.574,650666.01
2026-08-05 19:15:00,4135001,INV02,31.32,30.38,173.695,881146.312
2026-08-05 19:15:00,4135001,INV03,10.616,10.297,170.256,793653.771
2026-08-05 19:15:00,4135001,INV04,18.599,18.041,169.002,740309.685
2026-08-05 19:30:00,4135001,INV01,10.148,9.843,170.576,650666.012
2026-08-05 19:30:00,4135001,INV02,2.015,1.954,173.696,881146.312
2026-08-05 19:30:00,4135001,INV03,0.0,0.0,170.256,793653.771
2026-08-05 19:30:00,4135001,INV04,10.546,10.23,169.005,740309.688
2026-08-05 19:45:00,4135001,INV01,1.764,1.711,170.577,650666.013
2026-08-05 19:45:00,4135001,INV02,0.0,0.0,173.696,881146.312
2026-08-05 19:45:00,4135001,INV03,0.0,0.0,170.256,793653.771
2026-08-05 19:45:00,4135001,INV04,0.0,0.0,169.005,740309.688
2026-08-05 20:00:00,4135001,INV01,27.136,26.322,170.583,650666.019
2026-08-05 20:00:00,4135001,INV02,0.0,0.0,173.696,881146.312
2026-08-05 20:00:00,4135001,INV03,0.0,0.0,170.256,793653.771
2026-08-05 20:00:00,4135001,INV04,24.8,24.056,169.011,740309.694
2026-08-05 20:15:00,4135001,INV01,7.295,7.076,170.585,650666.021
2026-08-05 20:15:00,4135001,INV02,29.871,28.974,173.703,881146.319
2026-08-05 20:15:00,4135001,INV03,5.894,5.717,170.257,793653.772
2026-08-05 20:15:00,4135001,INV04,6.524,6.328,169.012,740309.695
2026-08-05 20:30:00,4135001,INV01,4.596,4.458,170.586,650666.022
2026-08-05 20:30:00,4135001,INV02,14.081,13.658,173.706,881146.323
2026-08-05 20:30:00,4135001,INV03,0.0,0.0,170.257,793653.772
2026-08-05 20:30:00,4135001,INV04,0.0,0.0,169.012,740309.695
2026-08-05 20:45:00,4135001,INV01,17.15,16.635,170.59,650666.026
2026-08-05 20:45:00,4135001,INV02,0.0,0.0,173.706,881146.323
2026-08-05 20:45:00,4135001,INV03,0.0,0.0,170.257,793653.772
2026-08-05 20:45:00,4135001,INV04,16.492,15.998,169.016,740309.699
2026-08-05 21:00:00,4135001,INV01,3.394,3.292,170.591,650666.027
2026-08-05 21:00:00,4135001,INV02,13.576,13.169,173.709,881146.326
2026-08-05 21:00:00,4135001,INV03,0.0,0.0,170.257,793653.772
2026-08-05 21:00:00,4135001,INV04,0.0,0.0,169.016,740309.699
2026-08-05 21:15:00,4135001,INV01,2.305,2.236,170.592,650666.028
2026-08-05 21:15:00,4135001,INV02,0.0,0.0,173.709,881146.326
2026-08-05 21:15:00,4135001,INV03,0.0,0.0,170.257,793653.772
2026-08-05 21:15:00,4135001,INV04,0.0,0.0,169.016,740309.699
2026-08-05 21:30:00,4135001,INV01,10.925,10.597,170.594,650666.03
2026-08-05 21:30:00,4135001,INV02,0.0,0.0,173.709,881146.326
2026-08-05 21:30:00,4135001,INV03,1.64,1.591,170.258,793653.772
2026-08-05 21:30:00,4135001,INV04,12.929,12.542,169.019,740309.702
2026-08-05 21:45:00,4135001,INV01,5.852,5.677,170.596,650666.032
2026-08-05 21:45:00,4135001,INV02,26.491,25.696,173.716,881146.332
2026-08-05 21:45:00,4135001,INV03,41.791,40.537,170.268,793653.783
2026-08-05 21:45:00,4135001,INV04,34.815,33.771,169.028,740309.711
2026-08-05 22:00:00,4135001,INV01,0.0,0.0,170.596,650666.032
2026-08-05 22:00:00,4135001,INV02,0.0,0.0,173.716,881146.332
2026-08-05 22:00:00,4135001,INV03,8.018,7.778,170.27,793653.785
2026-08-05 22:00:00,4135001,INV04,0.0,0.0,169.028,740309.711
2026-08-05 22:15:00,4135001,INV01,19.205,18.629,170.6,650666.036
2026-08-05 22:15:00,4135001,INV02,3.379,3.278,173.717,881146.333
2026-08-05 22:15:00,4135001,INV03,23.686,22.976,170.275,793653.79
2026-08-05 22:15:00,4135001,INV04,0.0,0.0,169.028,740309.711
2026-08-05 22:30:00,4135001,INV01,11.585,11.237,170.603,650666.039
2026-08-05 22:30:00,4135001,INV02,0.0,0.0,173.717,881146.333
2026-08-05 22:30:00,4135001,INV03,0.0,0.0,170.275,793653.79
2026-08-05 22:30:00,4135001,INV04,3.496,3.391,169.029,740309.712
2026-08-05 22:45:00,4135001,INV01,3.459,3.355,170.604,650666.04
2026-08-05 22:45:00,4135001,INV02,35.067,34.015,173.725,881146.342
2026-08-05 22:45:00,4135001,INV03,0.0,0.0,170.275,793653.79
2026-08-05 22:45:00,4135001,INV04,7.209,6.993,169.031,740309.713
2026-08-05 23:00:00,4135001,INV01,0.0,0.0,170.604,650666.04
2026-08-05 23:00:00,4135001,INV02,0.0,0.0,173.725,881146.342
2026-08-05 23:00:00,4135001,INV03,2.216,2.15,170.276,793653.791
2026-08-05 23:00:00,4135001,INV04,17.577,17.05,169.035,740309.718
2026-08-05 23:15:00,4135001,INV01,0.0,0.0,170.604,650666.04
2026-08-05 23:15:00,4135001,INV02,0.0,0.0,173.725,881146.342
2026-08-05 23:15:00,4135001,INV03,0.0,0.0,170.276,793653.791
2026-08-05 23:15:00,4135001,INV04,0.657,0.638,169.035,740309.718
2026-08-05 23:30:00,4135001,INV01,0.0,0.0,170.604,650666.04
2026-08-05 23:30:00,4135001,INV02,19.914,19.317,173.73,881146.347
2026-08-05 23:30:00,4135001,INV03,33.138,32.144,170.284,793653.799
2026-08-05 23:30:00,4135001,INV04,0.0,0.0,169.035,740309.718
2026-08-05 23:45:00,4135001,INV01,0.0,0.0,170.604,650666.04
2026-08-05 23:45:00,4135001,INV02,0.0,0.0,173.73,881146.347
2026-08-05 23:45:00,4135001,INV03,0.0,0.0,170.284,793653.799
2026-08-05 23:45:00,4135001,INV04,0.0,0.0,169.035,740309.718
2026-08-06 00:00:00,4135001,INV01,0.0,0.0,0.0,650666.04
2026-08-06 00:00:00,4135001,INV02,10.668,10.348,0.003,881146.349
2026-08-06 00:00:00,4135001,INV03,0.0,0.0,0.0,793653.799
2026-08-06 00:00:00,4135001,INV04,33.575,32.568,0.008,740309.726
2026-08-06 00:15:00,4135001,INV01,22.911,22.224,0.006,650666.046
2026-08-06 00:15:00,4135001,INV02,19.734,19.142,0.007,881146.354
2026-08-06 00:15:00,4135001,INV03,0.0,0.0,0.0,793653.799
2026-08-06 00:15:00,4135001,INV04,14.721,14.279,0.012,740309.73
2026-08-06 00:30:00,4135001,INV01,0.0,0.0,0.006,650666.046
2026-08-06 00:30:00,4135001,INV02,0.0,0.0,0.007,881146.354
2026-08-06 00:30:00,4135001,INV03,15.338,14.878,0.004,793653.803
2026-08-06 00:30:00,4135001,INV04,1.324,1.284,0.012,740309.73
2026-08-06 00:45:00,4135001,INV01,8.738,8.476,0.008,650666.048
2026-08-06 00:45:00,4135001,INV02,32.396,31.424,0.015,881146.362
2026-08-06 00:45:00,4135001,INV03,0.0,0.0,0.004,793653.803
2026-08-06 00:45:00,4135001,INV04,0.0,0.0,0.012,740309.73
2026-08-06 01:00:00,4135001,INV01,0.0,0.0,0.008,650666.048
2026-08-06 01:00:00,4135001,INV02,7.001,6.791,0.017,881146.364
2026-08-06 01:00:00,4135001,INV03,11.85,11.495,0.007,793653.805
2026-08-06 01:00:00,4135001,INV04,0.0,0.0,0.012,740309.73
2026-08-06 01:15:00,4135001,INV01,19.267,18.689,0.012,650666.052
2026-08-06 01:15:00,4135001,INV02,11.875,11.519,0.02,881146.366
2026-08-06 01:15:00,4135001,INV03,0.0,0.0,0.007,793653.805
2026-08-06 01:15:00,4135001,INV04,0.0,0.0,0.012,740309.73
2026-08-06 01:30:00,4135001,INV01,0.0,0.0,0.012,650666.052
2026-08-06 01:30:00,4135001,INV02,7.578,7.351,0.022,881146.368
2026-08-06 01:30:00,4135001,INV03,21.096,20.463,0.012,793653.811
2026-08-06 01:30:00,4135001,INV04,0.0,0.0,0.012,740309.73
2026-08-06 01:45:00,4135001,INV01,0.0,0.0,0.012,650666.052
2026-08-06 01:45:00,4135001,INV02,5.158,5.003,0.023,881146.37
2026-08-06 01:45:00,4135001,INV03,0.0,0.0,0.012,793653.811
2026-08-06 01:45:00,4135001,INV04,2.265,2.198,0.013,740309.73
2026-08-06 02:00:00,4135001,INV01,5.373,5.212,0.014,650666.054
2026-08-06 02:00:00,4135001,INV02,0.0,0.0,0.023,881146.37
2026-08-06 02:00:00,4135001,INV03,0.0,0.0,0.012,793653.811
2026-08-06 02:00:00,4135001,INV04,0.0,0.0,0.013,740309.73
2026-08-06 02:15:00,4135001,INV01,6.316,6.127,0.015,650666.055
2026-08-06 02:15:00,4135001,INV02,12.159,11.794,0.026,881146.372
2026-08-06 02:15:00,4135001,INV03,13.511,13.105,0.015,793653.814
2026-08-06 02:15:00,4135001,INV04,0.0,0.0,0.013,740309.73
2026-08-06 02:30:00,4135001,INV01,9.975,9.676,0.018,650666.058
2026-08-06 02:30:00,4135001,INV02,0.0,0.0,0.026,881146.372
2026-08-06 02:30:00,4135001,INV03,0.0,0.0,0.015,793653.814
2026-08-06 02:30:00,4135001,INV04,13.214,12.817,0.016,740309.734
2026-08-06 02:45:00,4135001,INV01,0.0,0.0,0.018,650666.058
2026-08-06 02:45:00,4135001,INV02,19.524,18.938,0.031,881146.377
2026-08-06 02:45:00,4135001,INV03,0.0,0.0,0.015,793653.814
2026-08-06 02:45:00,4135001,INV04,31.107,30.173,0.023,740309.741
2026-08-06 03:00:00,4135001,INV01,0.0,0.0,0.018,650666.058
2026-08-06 03:00:00,4135001,INV02,0.0,0.0,0.031,881146.377
2026-08-06 03:00:00,4135001,INV03,14.636,14.197,0.019,793653.817
2026-08-06 03:00:00,4135001,INV04,17.94,17.401,0.028,740309.746
2026-08-06 03:15:00,4135001,INV01,0.0,0.0,0.018,650666.058
2026-08-06 03:15:00,4135001,INV02,2.667,2.587,0.031,881146.378
2026-08-06 03:15:00,4135001,INV03,0.0,0.0,0.019,793653.817
2026-08-06 03:15:00,4135001,INV04,0.0,0.0,0.028,740309.746
2026-08-06 03:30:00,4135001,INV01,0.0,0.0,0.018,650666.058
2026-08-06 03:30:00,4135001,INV02,14.6,14.162,0.035,881146.381
2026-08-06 03:30:00,4135001,INV03,9.358,9.078,0.021,793653.82
2026-08-06 03:30:00,4135001,INV04,31.358,30.417,0.035,740309.753
2026-08-06 03:45:00,4135001,INV01,0.0,0.0,0.018,650666.058
2026-08-06 03:45:00,4135001,INV02,23.604,22.896,0.04,881146.387
2026-08-06 03:45:00,4135001,INV03,0.0,0.0,0.021,793653.82
2026-08-06 03:45:00,4135001,INV04,0.0,0.0,0.035,740309.753
2026-08-06 04:00:00,4135001,INV01,0.0,0.0,0.018,650666.058
2026-08-06 04:00:00,4135001,INV02,5.936,5.758,0.042,881146.389
2026-08-06 04:00:00,4135001,INV03,2.117,2.054,0.021,793653.82
2026-08-06 04:00:00,4135001,INV04,31.481,30.537,0.043,740309.761
2026-08-06 04:15:00,4135001,INV01,6.47,6.276,0.019,650666.059
2026-08-06 04:15:00,4135001,INV02,18.857,18.291,0.047,881146.393
2026-08-06 04:15:00,4135001,INV03,5.054,4.902,0.023,793653.821
2026-08-06 04:15:00,4135001,INV04,0.0,0.0,0.043,740309.761
2026-08-06 04:30:00,4135001,INV01,0.0,0.0,0.019,650666.059
2026-08-06 04:30:00,4135001,INV02,0.0,0.0,0.047,881146.393
2026-08-06 04:30:00,4135001,INV03,25.913,25.136,0.029,793653.828
2026-08-06 04:30:00,4135001,INV04,0.0,0.0,0.043,740309.761
2026-08-06 04:45:00,4135001,INV01,4.448,4.315,0.02,650666.06
2026-08-06 04:45:00,4135001,INV02,11.064,10.732,0.049,881146.396
2026-08-06 04:45:00,4135001,INV03,0.0,0.0,0.029,793653.828
2026-08-06 04:45:00,4135001,INV04,0.0,0.0,0.043,740309.761
2026-08-06 05:00:00,4135001,INV01,7.999,7.759,0.022,650666.062
2026-08-06 05:00:00,4135001,INV02,7.403,7.181,0.051,881146.398
2026-08-06 05:00:00,4135001,INV03,0.0,0.0,0.029,793653.828
2026-08-06 05:00:00,4135001,INV04,3.417,3.314,0.044,740309.762
2026-08-06 05:15:00,4135001,INV01,0.0,0.0,0.022,650666.062
2026-08-06 05:15:00,4135001,INV02,0.0,0.0,0.051,881146.398
2026-08-06 05:15:00,4135001,INV03,0.0,0.0,0.029,793653.828
2026-08-06 05:15:00,4135001,INV04,0.0,0.0,0.044,740309.762
2026-08-06 05:30:00,4135001,INV01,0.0,0.0,0.022,650666.062
2026-08-06 05:30:00,4135001,INV02,0.0,0.0,0.051,881146.398
2026-08-06 05:30:00,4135001,INV03,0.0,0.0,0.029,793653.828
2026-08-06 05:30:00,4135001,INV04,0.0,0.0,0.044,740309.762
2026-08-06 05:45:00,4135001,INV01,5.04,4.888,0.023,650666.063
2026-08-06 05:45:00,4135001,INV02,0.0,0.0,0.051,881146.398
2026-08-06 05:45:00,4135001,INV03,0.0,0.0,0.029,793653.828
2026-08-06 05:45:00,4135001,INV04,0.0,0.0,0.044,740309.762
2026-08-06 06:00:00,4135001,INV01,421.111,408.477,0.126,650666.165
2026-08-06 06:00:00,4135001,INV02,409.133,396.859,0.15,881146.497
2026-08-06 06:00:00,4135001,INV03,412.676,400.296,0.129,793653.928
2026-08-06 06:00:00,4135001,INV04,394.534,382.698,0.139,740309.857
2026-08-06 06:15:00,4135001,INV01,4088.222,3965.575,1.117,650667.157
2026-08-06 06:15:00,4135001,INV02,4159.343,4034.563,1.159,881147.505
2026-08-06 06:15:00,4135001,INV03,4251.956,4124.398,1.16,793654.959
2026-08-06 06:15:00,4135001,INV04,4126.94,4003.132,1.14,740310.858
2026-08-06 06:30:00,4135001,INV01,5256.949,5099.241,2.392,650668.432
2026-08-06 06:30:00,4135001,INV02,5281.274,5122.836,2.44,881148.786
2026-08-06 06:30:00,4135001,INV03,4997.677,4847.746,2.372,793656.171
2026-08-06 06:30:00,4135001,INV04,5043.945,4892.627,2.363,740312.081
2026-08-06 06:45:00,4135001,INV01,5266.728,5108.726,3.669,650669.709
2026-08-06 06:45:00,4135001,INV02,5546.432,5380.039,3.785,881150.131
2026-08-06 06:45:00,4135001,INV03,5519.46,5353.876,3.71,793657.509
2026-08-06 06:45:00,4135001,INV04,5378.149,5216.804,3.668,740313.385
2026-08-06 07:00:00,4135001,INV01,3613.45,3505.047,4.545,650670.585
2026-08-06 07:00:00,4135001,INV02,3565.067,3458.115,4.649,881150.996
2026-08-06 07:00:00,4135001,INV03,3745.091,3632.738,4.619,793658.417
2026-08-06 07:00:00,4135001,INV04,637.785,618.651,3.822,740313.54
2026-08-06 07:15:00,4135001,INV01,5998.52,5818.564,6.0,650672.04
2026-08-06 07:15:00,4135001,INV02,6326.601,6136.803,6.183,881152.53
2026-08-06 07:15:00,4135001,INV03,6324.339,6134.609,6.152,793659.951
2026-08-06 07:15:00,4135001,INV04,6023.289,5842.59,5.283,740315.001
2026-08-06 07:30:00,4135001,INV01,5599.59,5431.602,7.358,650673.398
2026-08-06 07:30:00,4135001,INV02,5548.127,5381.684,7.529,881153.875
2026-08-06 07:30:00,4135001,INV03,5717.909,5546.371,7.539,793661.338
2026-08-06 07:30:00,4135001,INV04,5710.554,5539.238,6.668,740316.386
2026-08-06 07:45:00,4135001,INV01,6493.97,6299.151,8.933,650674.972
2026-08-06 07:45:00,4135001,INV02,6280.884,6092.457,9.052,881155.398
2026-08-06 07:45:00,4135001,INV03,6252.658,6065.079,9.055,793662.854
2026-08-06 07:45:00,4135001,INV04,6216.661,6030.162,8.175,740317.893
2026-08-06 08:00:00,4135001,INV01,6851.294,6645.756,10.594,650676.634
2026-08-06 08:00:00,4135001,INV02,6955.919,6747.242,10.739,881157.085
2026-08-06 08:00:00,4135001,INV03,6563.217,6366.321,10.647,793664.446
2026-08-06 08:00:00,4135001,INV04,6563.865,6366.949,9.767,740319.485
2026-08-06 08:15:00,4135001,INV01,7551.109,7324.576,12.425,650678.465
2026-08-06 08:15:00,4135001,INV02,7325.966,7106.187,12.515,881158.862
2026-08-06 08:15:00,4135001,INV03,7509.301,7284.022,12.468,793666.267
2026-08-06 08:15:00,4135001,INV04,7719.701,7488.11,11.639,740321.357
2026-08-06 08:30:00,4135001,INV01,12825.542,12440.776,15.535,650681.575
2026-08-06 08:30:00,4135001,INV02,12294.853,11926.007,15.497,881161.843
2026-08-06 08:30:00,4135001,INV03,12514.275,12138.846,15.502,793669.301
2026-08-06 08:30:00,4135001,INV04,12942.062,12553.8,14.777,740324.495
2026-08-06 08:45:00,4135001,INV01,12238.82,11871.655,18.503,650684.543
2026-08-06 08:45:00,4135001,INV02,12277.496,11909.171,18.474,881164.821
2026-08-06 08:45:00,4135001,INV03,12924.244,12536.517,18.637,793672.435
2026-08-06 08:45:00,4135001,INV04,12644.943,12265.595,17.844,740327.562
2026-08-06 09:00:00,4135001,INV01,14306.574,13877.376,21.973,650688.013
2026-08-06 09:00:00,4135001,INV02,14093.06,13670.268,21.892,881168.238
2026-08-06 09:00:00,4135001,INV03,14814.863,14370.417,22.229,793676.028
2026-08-06 09:00:00,4135001,INV04,13720.732,13309.11,21.171,740330.889
2026-08-06 09:15:00,4135001,INV01,16584.954,16087.405,25.994,650692.034
2026-08-06 09:15:00,4135001,INV02,16249.4,15761.918,25.832,881172.179
2026-08-06 09:15:00,4135001,INV03,17630.96,17102.031,26.505,793680.303
2026-08-06 09:15:00,4135001,INV04,16417.724,15925.192,25.152,740334.87
2026-08-06 09:30:00,4135001,INV01,15676.713,15206.411,29.796,650695.836
2026-08-06 09:30:00,4135001,INV02,15943.219,15464.922,29.698,881176.045
2026-08-06 09:30:00,4135001,INV03,16246.74,15759.338,30.444,793684.243
2026-08-06 09:30:00,4135001,INV04,16867.453,16361.43,29.243,740338.961
2026-08-06 09:45:00,4135001,INV01,18386.887,17835.281,34.255,650700.295
2026-08-06 09:45:00,4135001,INV02,17942.079,17403.816,34.049,881180.396
2026-08-06 09:45:00,4135001,INV03,18223.468,17676.764,34.864,793688.662
2026-08-06 09:45:00,4135001,INV04,19099.654,18526.665,33.874,740343.592
2026-08-06 10:00:00,4135001,INV01,15924.502,15446.767,38.117,650704.156
2026-08-06 10:00:00,4135001,INV02,16120.873,15637.247,37.959,881184.305
2026-08-06 10:00:00,4135001,INV03,16905.053,16397.901,38.963,793692.762
2026-08-06 10:00:00,4135001,INV04,4099.638,3976.649,34.869,740344.586
2026-08-06 10:15:00,4135001,INV01,21039.294,20408.115,43.219,650709.259
2026-08-06 10:15:00,4135001,INV02,22102.015,21438.955,43.318,881189.665
2026-08-06 10:15:00,4135001,INV03,20969.885,20340.788,44.048,793697.847
2026-08-06 10:15:00,4135001,INV04,22413.716,21741.305,40.304,740350.022
2026-08-06 10:30:00,4135001,INV01,19712.266,19120.898,47.999,650714.039
2026-08-06 10:30:00,4135001,INV02,19225.9,18649.123,47.981,881194.327
2026-08-06 10:30:00,4135001,INV03,20775.642,20152.373,49.086,793702.885
2026-08-06 10:30:00,4135001,INV04,20411.514,19799.169,45.254,740354.972
2026-08-06 10:45:00,4135001,INV01,20807.492,20183.267,53.045,650719.085
2026-08-06 10:45:00,4135001,INV02,20288.905,19680.238,52.901,881199.247
2026-08-06 10:45:00,4135001,INV03,20795.886,20172.009,54.129,793707.928
2026-08-06 10:45:00,4135001,INV04,21227.688,20590.857,50.401,740360.119
2026-08-06 11:00:00,4135001,INV01,23209.164,22512.89,58.673,650724.713
2026-08-06 11:00:00,4135001,INV02,24088.371,23365.72,58.742,881205.089
2026-08-06 11:00:00,4135001,INV03,24529.921,23794.024,60.078,793713.877
2026-08-06 11:00:00,4135001,INV04,24485.106,23750.553,56.339,740366.057
2026-08-06 11:15:00,4135001,INV01,23031.05,22340.118,64.258,650730.298
2026-08-06 11:15:00,4135001,INV02,22359.409,21688.626,64.164,881210.511
2026-08-06 11:15:00,4135001,INV03,22557.692,21880.961,65.548,793719.347
2026-08-06 11:15:00,4135001,INV04,23532.395,22826.423,62.046,740371.764
2026-08-06 11:30:00,4135001,INV01,23319.749,22620.157,69.913,650735.953
2026-08-06 11:30:00,4135001,INV02,24238.956,23511.787,70.042,881216.389
2026-08-06 11:30:00,4135001,INV03,23885.258,23168.7,71.34,793725.139
2026-08-06 11:30:00,4135001,INV04,23090.36,22397.649,67.645,740377.363
2026-08-06 11:45:00,4135001,INV01,25883.981,25107.462,76.19,650742.23
2026-08-06 11:45:00,4135001,INV02,25176.891,24421.585,76.148,881222.494
2026-08-06 11:45:00,4135001,INV03,25637.669,24868.539,77.557,793731.356
2026-08-06 11:45:00,4135001,INV04,25231.334,24474.394,73.764,740383.482
2026-08-06 12:00:00,4135001,INV01,26981.258,26171.82,82.733,650748.773
2026-08-06 12:00:00,4135001,INV02,26617.244,25818.727,82.602,881228.949
2026-08-06 12:00:00,4135001,INV03,26543.946,25747.628,83.994,793737.793
2026-08-06 12:00:00,4135001,INV04,27300.386,26481.374,80.384,740390.102
2026-08-06 12:15:00,4135001,INV01,27133.013,26319.022,89.312,650755.352
2026-08-06 12:15:00,4135001,INV02,27135.342,26321.282,89.183,881235.529
2026-08-06 12:15:00,4135001,INV03,26589.163,25791.488,90.442,793744.241
2026-08-06 12:15:00,4135001,INV04,27162.031,26347.17,86.971,740396.689
2026-08-06 12:30:00,4135001,INV01,28578.44,27721.087,96.243,650762.283
2026-08-06 12:30:00,4135001,INV02,27904.18,27067.054,95.949,881242.296
2026-08-06 12:30:00,4135001,INV03,27681.292,26850.853,97.155,793750.954
2026-08-06 12:30:00,4135001,INV04,27141.351,26327.111,93.553,740403.27
2026-08-06 12:45:00,4135001,INV01,26203.549,25417.443,102.597,650768.637
2026-08-06 12:45:00,4135001,INV02,25374.38,24613.149,102.103,881248.449
2026-08-06 12:45:00,4135001,INV03,25119.786,24366.192,103.247,793757.045
2026-08-06 12:45:00,4135001,INV04,26259.186,25471.411,99.92,740409.638
2026-08-06 13:00:00,4135001,INV01,26766.845,25963.839,109.088,650775.128
2026-08-06 13:00:00,4135001,INV02,24879.848,24133.453,108.136,881254.483
2026-08-06 13:00:00,4135001,INV03,25042.711,24291.43,109.319,793763.118
2026-08-06 13:00:00,4135001,INV04,24772.267,24029.099,105.928,740415.646
2026-08-06 13:15:00,4135001,INV01,24496.225,23761.338,115.028,650781.068
2026-08-06 13:15:00,4135001,INV02,24358.447,23627.693,114.043,881260.389
2026-08-06 13:15:00,4135001,INV03,8083.994,7841.475,111.28,793765.079
2026-08-06 13:15:00,4135001,INV04,25112.988,24359.598,112.018,740421.736
2026-08-06 13:30:00,4135001,INV01,27780.721,26947.299,121.765,650787.805
2026-08-06 13:30:00,4135001,INV02,27049.144,26237.669,120.602,881266.949
2026-08-06 13:30:00,4135001,INV03,27072.264,26260.096,117.845,793771.644
2026-08-06 13:30:00,4135001,INV04,26587.026,25789.415,118.465,740428.183
2026-08-06 13:45:00,4135001,INV01,24285.803,23557.229,127.655,650793.694
2026-08-06 13:45:00,4135001,INV02,23866.165,23150.181,126.39,881272.736
2026-08-06 13:45:00,4135001,INV03,23675.244,22964.986,123.586,793777.385
2026-08-06 13:45:00,4135001,INV04,24324.135,23594.411,124.364,740434.081
2026-08-06 14:00:00,4135001,INV01,20050.714,19449.193,132.517,650798.557
2026-08-06 14:00:00,4135001,INV02,20462.076,19848.213,131.352,881277.698
2026-08-06 14:00:00,4135001,INV03,19020.916,18450.288,128.199,793781.997
2026-08-06 14:00:00,4135001,INV04,19574.438,18987.205,129.11,740438.828
2026-08-06 14:15:00,4135001,INV01,19555.104,18968.451,137.259,650803.299
2026-08-06 14:15:00,4135001,INV02,19540.764,18954.541,136.091,881282.437
2026-08-06 14:15:00,4135001,INV03,19660.946,19071.118,132.966,793786.765
2026-08-06 14:15:00,4135001,INV04,20803.91,20179.793,134.155,740443.873
2026-08-06 14:30:00,4135001,INV01,18232.121,17685.158,141.68,650807.72
2026-08-06 14:30:00,4135001,INV02,17417.696,16895.166,140.314,881286.661
2026-08-06 14:30:00,4135001,INV03,17478.98,16954.61,137.205,793791.004
2026-08-06 14:30:00,4135001,INV04,17809.55,17275.264,138.474,740448.192
2026-08-06 14:45:00,4135001,INV01,19142.831,18568.546,146.322,650812.362
2026-08-06 14:45:00,4135001,INV02,18833.09,18268.097,144.881,881291.228
2026-08-06 14:45:00,4135001,INV03,18904.017,18336.897,141.789,793795.588
2026-08-06 14:45:00,4135001,INV04,18847.528,18282.102,143.045,740452.763
2026-08-06 15:00:00,4135001,INV01,18659.824,18100.029,150.847,650816.887
2026-08-06 15:00:00,4135001,INV02,18248.164,17700.719,149.307,881295.653
2026-08-06 15:00:00,4135001,INV03,19384.846,18803.3,146.49,793800.289
2026-08-06 15:00:00,4135001,INV04,19058.492,18486.737,147.666,740457.384
2026-08-06 15:15:00,4135001,INV01,14219.139,13792.564,154.295,650820.335
2026-08-06 15:15:00,4135001,INV02,14674.873,14234.627,152.865,881299.212
2026-08-06 15:15:00,4135001,INV03,14191.03,13765.299,149.931,793803.73
2026-08-06 15:15:00,4135001,INV04,15015.291,14564.832,151.308,740461.025
2026-08-06 15:30:00,4135001,INV01,11273.61,10935.401,157.029,650823.069
2026-08-06 15:30:00,4135001,INV02,11478.486,11134.132,155.649,881301.995
2026-08-06 15:30:00,4135001,INV03,11050.554,10719.038,152.611,793806.41
2026-08-06 15:30:00,4135001,INV04,11048.28,10716.832,153.987,740463.705
2026-08-06 15:45:00,4135001,INV01,11586.691,11239.09,159.839,650825.879
2026-08-06 15:45:00,4135001,INV02,10994.154,10664.33,158.315,881304.661
2026-08-06 15:45:00,4135001,INV03,11615.473,11267.008,155.428,793809.227
2026-08-06 15:45:00,4135001,INV04,11078.848,10746.482,156.673,740466.391
2026-08-06 16:00:00,4135001,INV01,10011.493,9711.148,162.267,650828.307
2026-08-06 16:00:00,4135001,INV02,9843.221,9547.924,160.702,881307.048
2026-08-06 16:00:00,4135001,INV03,9648.249,9358.802,157.768,793811.566
2026-08-06 16:00:00,4135001,INV04,9348.416,9067.964,158.94,740468.658
2026-08-06 16:15:00,4135001,INV01,7855.508,7619.843,164.172,650830.212
2026-08-06 16:15:00,4135001,INV02,7811.593,7577.245,162.596,881308.943
2026-08-06 16:15:00,4135001,INV03,8058.574,7816.816,159.722,793813.521
2026-08-06 16:15:00,4135001,INV04,7645.625,7416.256,160.794,740470.512
2026-08-06 16:30:00,4135001,INV01,8429.59,8176.702,166.216,650832.256
2026-08-06 16:30:00,4135001,INV02,8673.069,8412.877,164.699,881311.046
2026-08-06 16:30:00,4135001,INV03,8577.342,8320.021,161.802,793815.601
2026-08-06 16:30:00,4135001,INV04,8487.103,8232.49,162.853,740472.57
2026-08-06 16:45:00,4135001,INV01,8118.499,7874.944,168.185,650834.225
2026-08-06 16:45:00,4135001,INV02,7990.04,7750.339,166.637,881312.983
2026-08-06 16:45:00,4135001,INV03,8152.173,7907.608,163.779,793817.578
2026-08-06 16:45:00,4135001,INV04,8003.126,7763.032,164.793,740474.511
2026-08-06 17:00:00,4135001,INV01,6774.538,6571.301,169.828,650835.868
2026-08-06 17:00:00,4135001,INV02,6914.628,6707.189,168.314,881314.66
2026-08-06 17:00:00,4135001,INV03,6602.522,6404.447,165.38,793819.179
2026-08-06 17:00:00,4135001,INV04,6926.353,6718.563,166.473,740476.191
2026-08-06 17:15:00,4135001,INV01,2129.813,2065.919,170.344,650836.384
2026-08-06 17:15:00,4135001,INV02,5876.114,5699.831,169.739,881316.085
2026-08-06 17:15:00,4135001,INV03,6001.255,5821.218,166.835,793820.634
2026-08-06 17:15:00,4135001,INV04,5820.604,5645.986,167.884,740477.602
2026-08-06 17:30:00,4135001,INV01,4614.134,4475.71,171.463,650837.503
2026-08-06 17:30:00,4135001,INV02,4444.707,4311.366,170.816,881317.163
2026-08-06 17:30:00,4135001,INV03,4527.669,4391.839,167.933,793821.732
2026-08-06 17:30:00,4135001,INV04,4492.938,4358.15,168.974,740478.692
2026-08-06 17:45:00,4135001,INV01,1978.551,1919.194,171.943,650837.983
2026-08-06 17:45:00,4135001,INV02,1867.03,1811.019,171.269,881317.616
2026-08-06 17:45:00,4135001,INV03,1986.536,1926.94,168.415,793822.214
2026-08-06 17:45:00,4135001,INV04,1892.893,1836.106,169.433,740479.151
2026-08-06 18:00:00,4135001,INV01,245.683,238.312,172.002,650838.042
2026-08-06 18:00:00,4135001,INV02,269.612,261.524,171.335,881317.681
2026-08-06 18:00:00,4135001,INV03,264.768,256.825,168.479,793822.278
2026-08-06 18:00:00,4135001,INV04,226.132,219.348,169.488,740479.206
2026-08-06 18:15:00,4135001,INV01,1417.976,1375.437,172.346,650838.386
2026-08-06 18:15:00,4135001,INV02,1421.444,1378.801,171.679,881318.026
2026-08-06 18:15:00,4135001,INV03,1460.72,1416.898,168.833,793822.632
2026-08-06 18:15:00,4135001,INV04,1455.84,1412.165,169.841,740479.559
2026-08-06 18:30:00,4135001,INV01,2489.316,2414.637,172.95,650838.99
2026-08-06 18:30:00,4135001,INV02,2404.301,2332.172,172.262,881318.609
2026-08-06 18:30:00,4135001,INV03,2533.673,2457.663,169.448,793823.247
2026-08-06 18:30:00,4135001,INV04,2577.487,2500.162,170.466,740480.184
2026-08-06 18:45:00,4135001,INV01,0.346,0.336,172.95,650838.99
2026-08-06 18:45:00,4135001,INV02,9.374,9.092,172.265,881318.611
2026-08-06 18:45:00,4135001,INV03,8.885,8.618,169.45,793823.249
2026-08-06 18:45:00,4135001,INV04,1.49,1.445,170.466,740480.184
2026-08-06 19:00:00,4135001,INV01,0.0,0.0,172.95,650838.99
2026-08-06 19:00:00,4135001,INV02,20.296,19.687,172.27,881318.616
2026-08-06 19:00:00,4135001,INV03,4.646,4.507,169.451,793823.25
2026-08-06 19:00:00,4135001,INV04,7.136,6.922,170.468,740480.186
2026-08-06 19:15:00,4135001,INV01,0.0,0.0,172.95,650838.99
2026-08-06 19:15:00,4135001,INV02,9.907,9.61,172.272,881318.619
2026-08-06 19:15:00,4135001,INV03,0.0,0.0,169.451,793823.25
2026-08-06 19:15:00,4135001,INV04,0.0,0.0,170.468,740480.186
2026-08-06 19:30:00,4135001,INV01,28.468,27.614,172.957,650838.997
2026-08-06 19:30:00,4135001,INV02,0.0,0.0,172.272,881318.619
2026-08-06 19:30:00,4135001,INV03,0.0,0.0,169.451,793823.25
2026-08-06 19:30:00,4135001,INV04,9.055,8.783,170.47,740480.188
2026-08-06 19:45:00,4135001,INV01,4.717,4.575,172.958,650838.998
2026-08-06 19:45:00,4135001,INV02,0.0,0.0,172.272,881318.619
2026-08-06 19:45:00,4135001,INV03,0.0,0.0,169.451,793823.25
2026-08-06 19:45:00,4135001,INV04,31.824,30.87,170.478,740480.196
2026-08-06 20:00:00,4135001,INV01,0.0,0.0,172.958,650838.998
2026-08-06 20:00:00,4135001,INV02,14.868,14.422,172.276,881318.622
2026-08-06 20:00:00,4135001,INV03,26.632,25.833,169.457,793823.256
2026-08-06 20:00:00,4135001,INV04,0.0,0.0,170.478,740480.196
2026-08-06 20:15:00,4135001,INV01,4.218,4.092,172.959,650838.999
2026-08-06 20:15:00,4135001,INV02,22.344,21.674,172.281,881318.628
2026-08-06 20:15:00,4135001,INV03,0.0,0.0,169.457,793823.256
2026-08-06 20:15:00,4135001,INV04,0.0,0.0,170.478,740480.196
2026-08-06 20:30:00,4135001,INV01,16.601,16.103,172.963,650839.003
2026-08-06 20:30:00,4135001,INV02,0.0,0.0,172.281,881318.628
2026-08-06 20:30:00,4135001,INV03,0.0,0.0,169.457,793823.256
2026-08-06 20:30:00,4135001,INV04,0.0,0.0,170.478,740480.196
2026-08-06 20:45:00,4135001,INV01,0.0,0.0,172.963,650839.003
2026-08-06 20:45:00,4135001,INV02,19.296,18.717,172.286,881318.632
2026-08-06 20:45:00,4135001,INV03,0.0,0.0,169.457,793823.256
2026-08-06 20:45:00,4135001,INV04,0.0,0.0,170.478,740480.196
2026-08-06 21:00:00,4135001,INV01,0.0,0.0,172.963,650839.003
2026-08-06 21:00:00,4135001,INV02,0.225,0.219,172.286,881318.632
2026-08-06 21:00:00,4135001,INV03,15.851,15.375,169.461,793823.26
2026-08-06 21:00:00,4135001,INV04,14.502,14.067,170.481,740480.199
2026-08-06 21:15:00,4135001,INV01,1.255,1.218,172.963,650839.003
2026-08-06 21:15:00,4135001,INV02,3.234,3.137,172.286,881318.633
2026-08-06 21:15:00,4135001,INV03,11.317,10.978,169.464,793823.263
2026-08-06 21:15:00,4135001,INV04,0.0,0.0,170.481,740480.199
2026-08-06 21:30:00,4135001,INV01,0.0,0.0,172.963,650839.003
2026-08-06 21:30:00,4135001,INV02,0.0,0.0,172.286,881318.633
2026-08-06 21:30:00,4135001,INV03,13.094,12.701,169.467,793823.266
2026-08-06 21:30:00,4135001,INV04,36.393,35.301,170.49,740480.208
2026-08-06 21:45:00,4135001,INV01,0.0,0.0,172.963,650839.003
2026-08-06 21:45:00,4135001,INV02,25.713,24.941,172.293,881318.639
2026-08-06 21:45:00,4135001,INV03,0.0,0.0,169.467,793823.266
2026-08-06 21:45:00,4135001,INV04,0.0,0.0,170.49,740480.208
2026-08-06 22:00:00,4135001,INV01,0.0,0.0,172.963,650839.003
2026-08-06 22:00:00,4135001,INV02,28.38,27.529,172.3,881318.646
2026-08-06 22:00:00,4135001,INV03,0.0,0.0,169.467,793823.266
2026-08-06 22:00:00,4135001,INV04,0.0,0.0,170.49,740480.208
2026-08-06 22:15:00,4135001,INV01,7.432,7.21,172.965,650839.005
2026-08-06 22:15:00,4135001,INV02,0.0,0.0,172.3,881318.646
2026-08-06 22:15:00,4135001,INV03,17.246,16.728,169.471,793823.27
2026-08-06 22:15:00,4135001,INV04,7.398,7.176,170.492,740480.21
2026-08-06 22:30:00,4135001,INV01,31.296,30.357,172.973,650839.013
2026-08-06 22:30:00,4135001,INV02,4.184,4.058,172.301,881318.647
2026-08-06 22:30:00,4135001,INV03,0.0,0.0,169.471,793823.27
2026-08-06 22:30:00,4135001,INV04,0.547,0.531,170.492,740480.21
2026-08-06 22:45:00,4135001,INV01,10.534,10.218,172.975,650839.015
2026-08-06 22:45:00,4135001,INV02,22.056,21.395,172.306,881318.653
2026-08-06 22:45:00,4135001,INV03,26.749,25.947,169.478,793823.277
2026-08-06 22:45:00,4135001,INV04,34.088,33.065,170.5,740480.218
2026-08-06 23:00:00,4135001,INV01,25.109,24.356,172.981,650839.021
2026-08-06 23:00:00,4135001,INV02,0.523,0.507,172.306,881318.653
2026-08-06 23:00:00,4135001,INV03,0.0,0.0,169.478,793823.277
2026-08-06 23:00:00,4135001,INV04,0.0,0.0,170.5,740480.218
2026-08-06 23:15:00,4135001,INV01,21.751,21.099,172.987,650839.027
2026-08-06 23:15:00,4135001,INV02,0.0,0.0,172.306,881318.653
2026-08-06 23:15:00,4135001,INV03,0.0,0.0,169.478,793823.277
2026-08-06 23:15:00,4135001,INV04,0.0,0.0,170.5,740480.218
2026-08-06 23:30:00,4135001,INV01,0.0,0.0,172.987,650839.027
2026-08-06 23:30:00,4135001,INV02,22.841,22.155,172.312,881318.658
2026-08-06 23:30:00,4135001,INV03,29.723,28.831,169.485,793823.284
2026-08-06 23:30:00,4135001,INV04,0.0,0.0,170.5,740480.218
2026-08-06 23:45:00,4135001,INV01,12.688,12.307,172.99,650839.03
2026-08-06 23:45:00,4135001,INV02,0.0,0.0,172.312,881318.658
2026-08-06 23:45:00,4135001,INV03,3.203,3.107,169.486,793823.285
2026-08-06 23:45:00,4135001,INV04,0.0,0.0,170.5,740480.218
2026-08-07 00:00:00,4135001,INV01,49.146,47.672,0.012,650839.042
2026-08-07 00:00:00,4135001,INV02,8.1,7.857,0.002,881318.66
2026-08-07 00:00:00,4135001,INV03,12.243,11.876,0.003,793823.288
2026-08-07 00:00:00,4135001,INV04,0.0,0.0,0.0,740480.218
2026-08-07 00:15:00,4135001,INV01,0.0,0.0,0.012,650839.042
2026-08-07 00:15:00,4135001,INV02,0.0,0.0,0.002,881318.66
2026-08-07 00:15:00,4135001,INV03,0.0,0.0,0.003,793823.288
2026-08-07 00:15:00,4135001,INV04,21.516,20.871,0.005,740480.224
2026-08-07 00:30:00,4135001,INV01,0.0,0.0,0.012,650839.042
2026-08-07 00:30:00,4135001,INV02,8.096,7.854,0.004,881318.662
2026-08-07 00:30:00,4135001,INV03,0.596,0.578,0.003,793823.288
2026-08-07 00:30:00,4135001,INV04,0.0,0.0,0.005,740480.224
2026-08-07 00:45:00,4135001,INV01,0.0,0.0,0.012,650839.042
2026-08-07 00:45:00,4135001,INV02,9.463,9.179,0.006,881318.664
2026-08-07 00:45:00,4135001,INV03,0.0,0.0,0.003,793823.288
2026-08-07 00:45:00,4135001,INV04,22.541,21.865,0.011,740480.229
2026-08-07 01:00:00,4135001,INV01,0.0,0.0,0.012,650839.042
2026-08-07 01:00:00,4135001,INV02,7.13,6.916,0.008,881318.666
2026-08-07 01:00:00,4135001,INV03,0.0,0.0,0.003,793823.288
2026-08-07 01:00:00,4135001,INV04,11.393,11.051,0.013,740480.232
2026-08-07 01:15:00,4135001,INV01,0.0,0.0,0.012,650839.042
2026-08-07 01:15:00,4135001,INV02,0.0,0.0,0.008,881318.666
2026-08-07 01:15:00,4135001,INV03,0.0,0.0,0.003,793823.288
2026-08-07 01:15:00,4135001,INV04,9.32,9.041,0.016,740480.234
2026-08-07 01:30:00,4135001,INV01,20.483,19.868,0.017,650839.047
2026-08-07 01:30:00,4135001,INV02,0.0,0.0,0.008,881318.666
2026-08-07 01:30:00,4135001,INV03,0.0,0.0,0.003,793823.288
2026-08-07 01:30:00,4135001,INV04,0.0,0.0,0.016,740480.234
2026-08-07 01:45:00,4135001,INV01,12.404,12.032,0.02,650839.05
2026-08-07 01:45:00,4135001,INV02,0.0,0.0,0.008,881318.666
2026-08-07 01:45:00,4135001,INV03,0.0,0.0,0.003,793823.288
2026-08-07 01:45:00,4135001,INV04,0.0,0.0,0.016,740480.234
2026-08-07 02:00:00,4135001,INV01,0.0,0.0,0.02,650839.05
2026-08-07 02:00:00,4135001,INV02,0.0,0.0,0.008,881318.666
2026-08-07 02:00:00,4135001,INV03,11.301,10.962,0.006,793823.291
2026-08-07 02:00:00,4135001,INV04,1.497,1.452,0.016,740480.234
2026-08-07 02:15:00,4135001,INV01,26.173,25.388,0.026,650839.056
2026-08-07 02:15:00,4135001,INV02,36.073,34.99,0.017,881318.675
2026-08-07 02:15:00,4135001,INV03,26.744,25.941,0.012,793823.297
2026-08-07 02:15:00,4135001,INV04,0.0,0.0,0.016,740480.234
2026-08-07 02:30:00,4135001,INV01,0.0,0.0,0.026,650839.056
2026-08-07 02:30:00,4135001,INV02,0.0,0.0,0.017,881318.675
2026-08-07 02:30:00,4135001,INV03,15.239,14.782,0.016,793823.301
2026-08-07 02:30:00,4135001,INV04,0.0,0.0,0.016,740480.234
2026-08-07 02:45:00,4135001,INV01,0.0,0.0,0.026,650839.056
2026-08-07 02:45:00,4135001,INV02,0.0,0.0,0.017,881318.675
2026-08-07 02:45:00,4135001,INV03,9.148,8.874,0.018,793823.303
2026-08-07 02:45:00,4135001,INV04,0.0,0.0,0.016,740480.234
2026-08-07 03:00:00,4135001,INV01,0.178,0.173,0.026,650839.056
2026-08-07 03:00:00,4135001,INV02,0.0,0.0,0.017,881318.675
2026-08-07 03:00:00,4135001,INV03,5.132,4.978,0.019,793823.304
2026-08-07 03:00:00,4135001,INV04,28.759,27.896,0.023,740480.241
2026-08-07 03:15:00,4135001,INV01,0.0,0.0,0.026,650839.056
2026-08-07 03:15:00,4135001,INV02,0.0,0.0,0.017,881318.675
2026-08-07 03:15:00,4135001,INV03,14.587,14.149,0.023,793823.308
2026-08-07 03:15:00,4135001,INV04,13.092,12.699,0.026,740480.245
2026-08-07 03:30:00,4135001,INV01,0.0,0.0,0.026,650839.056
2026-08-07 03:30:00,4135001,INV02,0.0,0.0,0.017,881318.675
2026-08-07 03:30:00,4135001,INV03,0.0,0.0,0.023,793823.308
2026-08-07 03:30:00,4135001,INV04,22.256,21.588,0.032,740480.25
2026-08-07 03:45:00,4135001,INV01,17.838,17.303,0.031,650839.06
2026-08-07 03:45:00,4135001,INV02,10.009,9.708,0.019,881318.677
2026-08-07 03:45:00,4135001,INV03,0.0,0.0,0.023,793823.308
2026-08-07 03:45:00,4135001,INV04,12.27,11.902,0.035,740480.253
2026-08-07 04:00:00,4135001,INV01,0.0,0.0,0.031,650839.06
2026-08-07 04:00:00,4135001,INV02,0.0,0.0,0.019,881318.677
2026-08-07 04:00:00,4135001,INV03,14.914,14.467,0.027,793823.311
2026-08-07 04:00:00,4135001,INV04,3.821,3.706,0.036,740480.254
2026-08-07 04:15:00,4135001,INV01,0.0,0.0,0.031,650839.06
2026-08-07 04:15:00,4135001,INV02,0.0,0.0,0.019,881318.677
2026-08-07 04:15:00,4135001,INV03,0.0,0.0,0.027,793823.311
2026-08-07 04:15:00,4135001,INV04,0.179,0.174,0.036,740480.254
2026-08-07 04:30:00,4135001,INV01,0.0,0.0,0.031,650839.06
2026-08-07 04:30:00,4135001,INV02,0.0,0.0,0.019,881318.677
2026-08-07 04:30:00,4135001,INV03,9.709,9.418,0.029,793823.314
2026-08-07 04:30:00,4135001,INV04,1.368,1.327,0.036,740480.254
2026-08-07 04:45:00,4135001,INV01,10.679,10.359,0.033,650839.063
2026-08-07 04:45:00,4135001,INV02,0.0,0.0,0.019,881318.677
2026-08-07 04:45:00,4135001,INV03,0.0,0.0,0.029,793823.314
2026-08-07 04:45:00,4135001,INV04,0.0,0.0,0.036,740480.254
2026-08-07 05:00:00,4135001,INV01,3.281,3.183,0.034,650839.064
2026-08-07 05:00:00,4135001,INV02,19.459,18.875,0.024,881318.682
2026-08-07 05:00:00,4135001,INV03,0.0,0.0,0.029,793823.314
2026-08-07 05:00:00,4135001,INV04,0.0,0.0,0.036,740480.254
2026-08-07 05:15:00,4135001,INV01,8.565,8.309,0.036,650839.066
2026-08-07 05:15:00,4135001,INV02,9.429,9.146,0.026,881318.684
2026-08-07 05:15:00,4135001,INV03,0.0,0.0,0.029,793823.314
2026-08-07 05:15:00,4135001,INV04,0.0,0.0,0.036,740480.254
2026-08-07 05:30:00,4135001,INV01,0.0,0.0,0.036,650839.066
2026-08-07 05:30:00,4135001,INV02,0.0,0.0,0.026,881318.684
2026-08-07 05:30:00,4135001,INV03,26.966,26.157,0.036,793823.32
2026-08-07 05:30:00,4135001,INV04,0.0,0.0,0.036,740480.254
2026-08-07 05:45:00,4135001,INV01,0.0,0.0,0.036,650839.066
2026-08-07 05:45:00,4135001,INV02,24.791,24.047,0.032,881318.69
2026-08-07 05:45:00,4135001,INV03,0.0,0.0,0.036,793823.32
2026-08-07 05:45:00,4135001,INV04,13.311,12.911,0.039,740480.257
2026-08-07 06:00:00,4135001,INV01,2004.103,1943.98,0.522,650839.552
2026-08-07 06:00:00,4135001,INV02,1947.969,1889.53,0.505,881319.163
2026-08-07 06:00:00,4135001,INV03,1918.502,1860.947,0.501,793823.785
2026-08-07 06:00:00,4135001,INV04,2056.888,1995.182,0.538,740480.756
2026-08-07 06:15:00,4135001,INV01,969.668,940.578,0.757,650839.787
2026-08-07 06:15:00,4135001,INV02,953.877,925.261,0.736,881319.394
2026-08-07 06:15:00,4135001,INV03,978.67,949.31,0.738,793824.023
2026-08-07 06:15:00,4135001,INV04,973.428,944.226,0.774,740480.992
2026-08-07 06:30:00,4135001,INV01,3302.567,3203.49,1.558,650840.588
2026-08-07 06:30:00,4135001,INV02,3241.282,3144.044,1.522,881320.18
2026-08-07 06:30:00,4135001,INV03,3315.55,3216.083,1.542,793824.827
2026-08-07 06:30:00,4135001,INV04,3386.501,3284.906,1.595,740481.814
2026-08-07 06:45:00,4135001,INV01,6609.492,6411.208,3.161,650842.191
2026-08-07 06:45:00,4135001,INV02,6584.243,6386.716,3.119,881321.777
2026-08-07 06:45:00,4135001,INV03,6514.209,6318.783,3.122,793826.406
2026-08-07 06:45:00,4135001,INV04,6664.847,6464.901,3.211,740483.43
2026-08-07 07:00:00,4135001,INV01,5696.492,5525.597,4.542,650843.572
2026-08-07 07:00:00,4135001,INV02,5897.249,5720.331,4.549,881323.207
2026-08-07 07:00:00,4135001,INV03,5895.784,5718.911,4.552,793827.836
2026-08-07 07:00:00,4135001,INV04,5779.685,5606.294,4.613,740484.831
2026-08-07 07:15:00,4135001,INV01,8132.563,7888.586,6.514,650845.544
2026-08-07 07:15:00,4135001,INV02,7880.007,7643.607,6.46,881325.118
2026-08-07 07:15:00,4135001,INV03,7882.166,7645.701,6.463,793829.748
2026-08-07 07:15:00,4135001,INV04,8250.037,8002.536,6.614,740486.832
2026-08-07 07:30:00,4135001,INV01,7911.525,7674.18,8.433,650847.463
2026-08-07 07:30:00,4135001,INV02,7657.278,7427.559,8.316,881326.975
2026-08-07 07:30:00,4135001,INV03,8073.674,7831.464,8.421,793831.706
2026-08-07 07:30:00,4135001,INV04,7539.399,7313.217,8.442,740488.66
2026-08-07 07:45:00,4135001,INV01,5981.706,5802.255,9.884,650848.913
2026-08-07 07:45:00,4135001,INV02,6123.643,5939.934,9.801,881328.46
2026-08-07 07:45:00,4135001,INV03,6152.366,5967.795,9.913,793833.197
2026-08-07 07:45:00,4135001,INV04,6267.554,6079.527,9.962,740490.18
2026-08-07 08:00:00,4135001,INV01,9576.432,9289.139,12.206,650851.236
2026-08-07 08:00:00,4135001,INV02,10024.994,9724.244,12.232,881330.891
2026-08-07 08:00:00,4135001,INV03,9934.621,9636.583,12.322,793835.607
2026-08-07 08:00:00,4135001,INV04,9787.548,9493.921,12.335,740492.554
2026-08-07 08:15:00,4135001,INV01,13095.225,12702.369,15.381,650854.411
2026-08-07 08:15:00,4135001,INV02,12297.13,11928.216,15.215,881333.873
2026-08-07 08:15:00,4135001,INV03,13219.33,12822.75,15.528,793838.812
2026-08-07 08:15:00,4135001,INV04,12163.8,11798.886,15.285,740495.503
2026-08-07 08:30:00,4135001,INV01,10891.639,10564.89,18.023,650857.052
2026-08-07 08:30:00,4135001,INV02,3901.959,3784.9,16.161,881334.819
2026-08-07 08:30:00,4135001,INV03,10501.474,10186.43,18.074,793841.359
2026-08-07 08:30:00,4135001,INV04,10705.57,10384.403,17.881,740498.099
2026-08-07 08:45:00,4135001,INV01,11938.464,11580.31,20.918,650859.947
2026-08-07 08:45:00,4135001,INV02,12449.551,12076.065,19.18,881337.838
2026-08-07 08:45:00,4135001,INV03,12399.804,12027.81,21.081,793844.366
2026-08-07 08:45:00,4135001,INV04,12244.86,11877.514,20.85,740501.069
2026-08-07 09:00:00,4135001,INV01,12094.599,11731.761,23.851,650862.88
2026-08-07 09:00:00,4135001,INV02,12999.357,12609.377,22.332,881340.99
2026-08-07 09:00:00,4135001,INV03,12522.645,12146.966,24.118,793847.403
2026-08-07 09:00:00,4135001,INV04,13030.05,12639.149,24.01,740504.229
2026-08-07 09:15:00,4135001,INV01,12749.626,12367.137,26.942,650865.972
2026-08-07 09:15:00,4135001,INV02,11888.496,11531.842,25.215,881343.873
2026-08-07 09:15:00,4135001,INV03,12353.994,11983.374,27.114,793850.398
2026-08-07 09:15:00,4135001,INV04,11996.001,11636.121,26.919,740507.138
2026-08-07 09:30:00,4135001,INV01,13826.472,13411.678,30.295,650869.325
2026-08-07 09:30:00,4135001,INV02,14200.874,13774.848,28.659,881347.317
2026-08-07 09:30:00,4135001,INV03,14534.884,14098.837,30.638,793853.923
2026-08-07 09:30:00,4135001,INV04,14681.856,14241.4,30.48,740510.698
2026-08-07 09:45:00,4135001,INV01,17562.327,17035.457,34.554,650873.584
2026-08-07 09:45:00,4135001,INV02,17819.24,17284.663,32.98,881351.638
2026-08-07 09:45:00,4135001,INV03,7726.615,7494.817,32.512,793855.797
2026-08-07 09:45:00,4135001,INV04,9204.149,8928.025,32.712,740512.93
2026-08-07 10:00:00,4135001,INV01,17178.362,16663.011,38.72,650877.75
2026-08-07 10:00:00,4135001,INV02,17685.384,17154.822,37.269,881355.927
2026-08-07 10:00:00,4135001,INV03,17433.717,16910.705,36.74,793860.025
2026-08-07 10:00:00,4135001,INV04,6943.705,6735.394,34.396,740514.614
2026-08-07 10:15:00,4135001,INV01,20021.409,19420.767,43.575,650882.605
2026-08-07 10:15:00,4135001,INV02,19774.035,19180.814,42.064,881360.722
2026-08-07 10:15:00,4135001,INV03,19276.53,18698.234,41.414,793864.699
2026-08-07 10:15:00,4135001,INV04,20308.197,19698.951,39.32,740519.539
2026-08-07 10:30:00,4135001,INV01,21105.104,20471.95,48.693,650887.723
2026-08-07 10:30:00,4135001,INV02,21024.975,20394.226,47.162,881365.821
2026-08-07 10:30:00,4135001,INV03,22292.003,21623.243,46.82,793870.105
2026-08-07 10:30:00,4135001,INV04,21532.48,20886.506,44.542,740524.76
2026-08-07 10:45:00,4135001,INV01,22348.097,21677.654,54.113,650893.142
2026-08-07 10:45:00,4135001,INV02,21869.25,21213.172,52.466,881371.124
2026-08-07 10:45:00,4135001,INV03,23186.133,22490.549,52.443,793875.728
2026-08-07 10:45:00,4135001,INV04,22902.873,22215.787,50.096,740530.314
2026-08-07 11:00:00,4135001,INV01,23207.935,22511.697,59.74,650898.77
2026-08-07 11:00:00,4135001,INV02,23788.356,23074.706,58.234,881376.893
2026-08-07 11:00:00,4135001,INV03,22841.921,22156.663,57.982,793881.267
2026-08-07 11:00:00,4135001,INV04,23745.025,23032.674,55.854,740536.072
2026-08-07 11:15:00,4135001,INV01,25117.45,24363.927,65.831,650904.861
2026-08-07 11:15:00,4135001,INV02,25401.485,24639.441,64.394,881383.052
2026-08-07 11:15:00,4135001,INV03,25051.599,24300.051,64.057,793887.342
2026-08-07 11:15:00,4135001,INV04,24567.299,23830.28,61.812,740542.03
2026-08-07 11:30:00,4135001,INV01,26208.757,25422.494,72.187,650911.217
2026-08-07 11:30:00,4135001,INV02,26061.08,25279.247,70.714,881389.372
2026-08-07 11:30:00,4135001,INV03,26327.381,25537.559,70.441,793893.726
2026-08-07 11:30:00,4135001,INV04,26025.283,25244.524,68.123,740548.341
2026-08-07 11:45:00,4135001,INV01,23617.279,22908.761,77.914,650916.944
2026-08-07 11:45:00,4135001,INV02,24406.412,23674.22,76.633,881395.291
2026-08-07 11:45:00,4135001,INV03,23932.823,23214.838,76.245,793899.53
2026-08-07 11:45:00,4135001,INV04,23826.18,23111.395,73.901,740554.119
2026-08-07 12:00:00,4135001,INV01,27017.069,26206.557,84.466,650923.496
2026-08-07 12:00:00,4135001,INV02,26654.266,25854.638,83.096,881401.755
2026-08-07 12:00:00,4135001,INV03,28134.684,27290.643,83.068,793906.352
2026-08-07 12:00:00,4135001,INV04,27581.602,26754.154,80.589,740560.807
2026-08-07 12:15:00,4135001,INV01,24782.103,24038.64,90.476,650929.505
2026-08-07 12:15:00,4135001,INV02,10879.101,10552.728,85.734,881404.393
2026-08-07 12:15:00,4135001,INV03,23494.217,22789.391,88.765,793912.05
2026-08-07 12:15:00,4135001,INV04,23440.82,22737.596,86.273,740566.492
2026-08-07 12:30:00,4135001,INV01,23259.674,22561.884,96.116,650935.146
2026-08-07 12:30:00,4135001,INV02,24534.103,23798.08,91.684,881410.342
2026-08-07 12:30:00,4135001,INV03,24902.784,24155.7,94.804,793918.089
2026-08-07 12:30:00,4135001,INV04,23197.113,22501.2,91.899,740572.117
2026-08-07 12:45:00,4135001,INV01,25842.297,25067.028,102.383,650941.413
2026-08-07 12:45:00,4135001,INV02,26746.2,25943.814,98.17,881416.828
2026-08-07 12:45:00,4135001,INV03,24716.517,23975.021,100.798,793924.083
2026-08-07 12:45:00,4135001,INV04,25088.333,24335.683,97.983,740578.201
2026-08-07 13:00:00,4135001,INV01,22607.669,21929.439,107.865,650946.895
2026-08-07 13:00:00,4135001,INV02,22534.041,21858.02,103.634,881422.293
2026-08-07 13:00:00,4135001,INV03,22136.724,21472.622,106.166,793929.451
2026-08-07 13:00:00,4135001,INV04,22002.045,21341.984,103.318,740583.537
2026-08-07 13:15:00,4135001,INV01,22696.336,22015.446,113.369,650952.399
2026-08-07 13:15:00,4135001,INV02,24373.245,23642.048,109.545,881428.203
2026-08-07 13:15:00,4135001,INV03,23962.917,23244.03,111.977,793935.262
2026-08-07 13:15:00,4135001,INV04,24237.278,23510.16,109.196,740589.414
2026-08-07 13:30:00,4135001,INV01,19836.367,19241.276,118.179,650957.209
2026-08-07 13:30:00,4135001,INV02,20858.574,20232.817,114.603,881433.261
2026-08-07 13:30:00,4135001,INV03,20277.178,19668.863,116.894,793940.179
2026-08-07 13:30:00,4135001,INV04,19798.471,19204.517,113.997,740594.215
2026-08-07 13:45:00,4135001,INV01,20894.227,20267.4,123.246,650962.276
2026-08-07 13:45:00,4135001,INV02,20376.255,19764.967,119.544,881438.203
2026-08-07 13:45:00,4135001,INV03,20659.826,20040.032,121.904,793945.189
2026-08-07 13:45:00,4135001,INV04,19921.884,19324.228,118.828,740599.046
2026-08-07 14:00:00,4135001,INV01,23445.941,22742.563,128.932,650967.962
2026-08-07 14:00:00,4135001,INV02,23574.699,22867.458,125.261,881443.919
2026-08-07 14:00:00,4135001,INV03,22656.133,21976.449,127.398,793950.683
2026-08-07 14:00:00,4135001,INV04,23034.594,22343.556,124.414,740604.632
2026-08-07 14:15:00,4135001,INV01,20553.347,19936.747,133.916,650972.946
2026-08-07 14:15:00,4135001,INV02,21050.377,20418.865,130.366,881449.024
2026-08-07 14:15:00,4135001,INV03,19983.753,19384.24,132.244,793955.529
2026-08-07 14:15:00,4135001,INV04,20246.198,19638.812,129.324,740609.542
2026-08-07 14:30:00,4135001,INV01,19604.591,19016.453,138.67,650977.7
2026-08-07 14:30:00,4135001,INV02,20917.888,20290.351,135.439,881454.097
2026-08-07 14:30:00,4135001,INV03,20258.402,19650.65,137.157,793960.442
2026-08-07 14:30:00,4135001,INV04,20344.065,19733.743,134.257,740614.475
2026-08-07 14:45:00,4135001,INV01,16789.088,16285.415,142.742,650981.771
2026-08-07 14:45:00,4135001,INV02,17538.626,17012.467,139.692,881458.35
2026-08-07 14:45:00,4135001,INV03,17130.724,16616.803,141.311,793964.596
2026-08-07 14:45:00,4135001,INV04,18099.583,17556.596,138.646,740618.864
2026-08-07 15:00:00,4135001,INV01,16634.6,16135.562,146.775,650985.805
2026-08-07 15:00:00,4135001,INV02,15901.118,15424.084,143.548,881462.206
2026-08-07 15:00:00,4135001,INV03,15736.11,15264.027,145.127,793968.412
2026-08-07 15:00:00,4135001,INV04,16734.614,16232.576,142.704,740622.923
2026-08-07 15:15:00,4135001,INV01,15633.198,15164.202,150.566,650989.596
2026-08-07 15:15:00,4135001,INV02,16210.964,15724.635,147.479,881466.137
2026-08-07 15:15:00,4135001,INV03,15756.973,15284.264,148.948,793972.233
2026-08-07 15:15:00,4135001,INV04,16838.269,16333.121,146.788,740627.006
2026-08-07 15:30:00,4135001,INV01,14630.944,14192.016,154.114,650993.144
2026-08-07 15:30:00,4135001,INV02,13956.25,13537.563,150.863,881469.521
2026-08-07 15:30:00,4135001,INV03,14182.719,13757.238,152.388,793975.672
2026-08-07 15:30:00,4135001,INV04,13879.693,13463.302,150.153,740630.372
2026-08-07 15:45:00,4135001,INV01,13242.197,12844.931,157.326,650996.355
2026-08-07 15:45:00,4135001,INV02,13936.176,13518.091,154.243,881472.901
2026-08-07 15:45:00,4135001,INV03,13177.166,12781.851,155.583,793978.868
2026-08-07 15:45:00,4135001,INV04,13654.745,13245.102,153.465,740633.683
2026-08-07 16:00:00,4135001,INV01,12040.559,11679.343,160.246,650999.275
2026-08-07 16:00:00,4135001,INV02,12307.015,11937.804,157.227,881475.885
2026-08-07 16:00:00,4135001,INV03,11849.439,11493.955,158.457,793981.741
2026-08-07 16:00:00,4135001,INV04,11646.94,11297.532,156.289,740636.507
2026-08-07 16:15:00,4135001,INV01,10444.731,10131.389,162.778,651001.808
2026-08-07 16:15:00,4135001,INV02,10594.161,10276.336,159.796,881478.455
2026-08-07 16:15:00,4135001,INV03,10769.758,10446.666,161.068,793984.353
2026-08-07 16:15:00,4135001,INV04,10355.535,10044.869,158.8,740639.019
2026-08-07 16:30:00,4135001,INV01,5291.969,5133.21,164.062,651003.091
2026-08-07 16:30:00,4135001,INV02,4974.334,4825.104,161.003,881479.661
2026-08-07 16:30:00,4135001,INV03,1196.936,1161.028,161.359,793984.643
2026-08-07 16:30:00,4135001,INV04,5036.302,4885.213,160.022,740640.24
2026-08-07 16:45:00,4135001,INV01,5295.617,5136.748,165.346,651004.376
2026-08-07 16:45:00,4135001,INV02,5452.324,5288.755,162.325,881480.983
2026-08-07 16:45:00,4135001,INV03,5489.813,5325.119,162.69,793985.974
2026-08-07 16:45:00,4135001,INV04,5513.238,5347.841,161.358,740641.577
2026-08-07 17:00:00,4135001,INV01,9239.528,8962.342,167.586,651006.616
2026-08-07 17:00:00,4135001,INV02,9377.112,9095.799,164.599,881483.257
2026-08-07 17:00:00,4135001,INV03,9161.016,8886.186,164.911,793988.196
2026-08-07 17:00:00,4135001,INV04,9412.037,9129.676,163.641,740643.859
2026-08-07 17:15:00,4135001,INV01,4410.764,4278.441,168.656,651007.686
2026-08-07 17:15:00,4135001,INV02,4623.831,4485.116,165.72,881484.378
2026-08-07 17:15:00,4135001,INV03,4691.964,4551.205,166.049,793989.334
2026-08-07 17:15:00,4135001,INV04,4719.519,4577.933,164.785,740645.004
2026-08-07 17:30:00,4135001,INV01,4306.376,4177.184,169.7,651008.73
2026-08-07 17:30:00,4135001,INV02,4301.628,4172.579,166.763,881485.421
2026-08-07 17:30:00,4135001,INV03,4485.688,4351.117,167.137,793990.422
2026-08-07 17:30:00,4135001,INV04,4480.711,4346.29,165.872,740646.09
2026-08-07 17:45:00,4135001,INV01,4604.99,4466.84,170.817,651009.847
2026-08-07 17:45:00,4135001,INV02,4534.267,4398.239,167.863,881486.521
2026-08-07 17:45:00,4135001,INV03,4725.582,4583.814,168.283,793991.568
2026-08-07 17:45:00,4135001,INV04,4783.144,4639.65,167.032,740647.25
2026-08-07 18:00:00,4135001,INV01,5471.536,5307.39,172.144,651011.174
2026-08-07 18:00:00,4135001,INV02,5121.896,4968.239,169.105,881487.763
2026-08-07 18:00:00,4135001,INV03,5217.765,5061.232,169.548,793992.833
2026-08-07 18:00:00,4135001,INV04,5376.699,5215.398,168.336,740648.554
2026-08-07 18:15:00,4135001,INV01,2959.403,2870.621,172.862,651011.891
2026-08-07 18:15:00,4135001,INV02,2974.05,2884.828,169.826,881488.484
2026-08-07 18:15:00,4135001,INV03,3131.52,3037.574,170.308,793993.592
2026-08-07 18:15:00,4135001,INV04,3116.054,3022.573,169.091,740649.31
2026-08-07 18:30:00,4135001,INV01,596.488,578.593,173.006,651012.036
2026-08-07 18:30:00,4135001,INV02,574.788,557.544,169.965,881488.624
2026-08-07 18:30:00,4135001,INV03,574.931,557.683,170.447,793993.732
2026-08-07 18:30:00,4135001,INV04,563.68,546.769,169.228,740649.446
2026-08-07 18:45:00,4135001,INV01,17.841,17.306,173.011,651012.04
2026-08-07 18:45:00,4135001,INV02,0.0,0.0,169.965,881488.624
2026-08-07 18:45:00,4135001,INV03,8.275,8.027,170.449,793993.734
2026-08-07 18:45:00,4135001,INV04,0.0,0.0,169.228,740649.446
2026-08-07 19:00:00,4135001,INV01,2.732,2.65,173.011,651012.041
2026-08-07 19:00:00,4135001,INV02,0.0,0.0,169.965,881488.624
2026-08-07 19:00:00,4135001,INV03,10.614,10.295,170.452,793993.736
2026-08-07 19:00:00,4135001,INV04,31.789,30.835,169.236,740649.454
2026-08-07 19:15:00,4135001,INV01,0.0,0.0,173.011,651012.041
2026-08-07 19:15:00,4135001,INV02,6.719,6.517,169.967,881488.625
2026-08-07 19:15:00,4135001,INV03,4.87,4.723,170.453,793993.737
2026-08-07 19:15:00,4135001,INV04,0.0,0.0,169.236,740649.454
2026-08-07 19:30:00,4135001,INV01,0.0,0.0,173.011,651012.041
2026-08-07 19:30:00,4135001,INV02,3.216,3.12,169.968,881488.626
2026-08-07 19:30:00,4135001,INV03,0.0,0.0,170.453,793993.737
2026-08-07 19:30:00,4135001,INV04,0.0,0.0,169.236,740649.454
2026-08-07 19:45:00,4135001,INV01,0.0,0.0,173.011,651012.041
2026-08-07 19:45:00,4135001,INV02,30.618,29.699,169.975,881488.633
2026-08-07 19:45:00,4135001,INV03,7.189,6.973,170.455,793993.739
2026-08-07 19:45:00,4135001,INV04,11.679,11.329,169.239,740649.457
2026-08-07 20:00:00,4135001,INV01,0.0,0.0,173.011,651012.041
2026-08-07 20:00:00,4135001,INV02,0.0,0.0,169.975,881488.633
2026-08-07 20:00:00,4135001,INV03,0.0,0.0,170.455,793993.739
2026-08-07 20:00:00,4135001,INV04,0.0,0.0,169.239,740649.457
2026-08-07 20:15:00,4135001,INV01,0.0,0.0,173.011,651012.041
2026-08-07 20:15:00,4135001,INV02,0.0,0.0,169.975,881488.633
2026-08-07 20:15:00,4135001,INV03,10.822,10.497,170.457,793993.742
2026-08-07 20:15:00,4135001,INV04,0.0,0.0,169.239,740649.457
2026-08-07 20:30:00,4135001,INV01,0.0,0.0,173.011,651012.041
2026-08-07 20:30:00,4135001,INV02,0.0,0.0,169.975,881488.633
2026-08-07 20:30:00,4135001,INV03,7.525,7.299,170.459,793993.744
2026-08-07 20:30:00,4135001,INV04,24.467,23.733,169.245,740649.463
2026-08-07 20:45:00,4135001,INV01,0.0,0.0,173.011,651012.041
2026-08-07 20:45:00,4135001,INV02,0.0,0.0,169.975,881488.633
2026-08-07 20:45:00,4135001,INV03,36.49,35.395,170.468,793993.752
2026-08-07 20:45:00,4135001,INV04,11.688,11.337,169.247,740649.466
2026-08-07 21:00:00,4135001,INV01,0.074,0.071,173.011,651012.041
2026-08-07 21:00:00,4135001,INV02,17.235,16.718,169.979,881488.638
2026-08-07 21:00:00,4135001,INV03,0.0,0.0,170.468,793993.752
2026-08-07 21:00:00,4135001,INV04,0.0,0.0,169.247,740649.466
2026-08-07 21:15:00,4135001,INV01,0.0,0.0,173.011,651012.041
2026-08-07 21:15:00,4135001,INV02,0.0,0.0,169.979,881488.638
2026-08-07 21:15:00,4135001,INV03,0.0,0.0,170.468,793993.752
2026-08-07 21:15:00,4135001,INV04,0.0,0.0,169.247,740649.466
2026-08-07 21:30:00,4135001,INV01,12.624,12.245,173.014,651012.044
2026-08-07 21:30:00,4135001,INV02,0.0,0.0,169.979,881488.638
2026-08-07 21:30:00,4135001,INV03,0.0,0.0,170.468,793993.752
2026-08-07 21:30:00,4135001,INV04,0.0,0.0,169.247,740649.466
2026-08-07 21:45:00,4135001,INV01,2.086,2.023,173.015,651012.045
2026-08-07 21:45:00,4135001,INV02,1.134,1.1,169.98,881488.638
2026-08-07 21:45:00,4135001,INV03,7.059,6.847,170.47,793993.754
2026-08-07 21:45:00,4135001,INV04,16.432,15.939,169.251,740649.47
2026-08-07 22:00:00,4135001,INV01,0.0,0.0,173.015,651012.045
2026-08-07 22:00:00,4135001,INV02,0.022,0.021,169.98,881488.638
2026-08-07 22:00:00,4135001,INV03,0.0,0.0,170.47,793993.754
2026-08-07 22:00:00,4135001,INV04,26.497,25.702,169.258,740649.476
2026-08-07 22:15:00,4135001,INV01,0.0,0.0,173.015,651012.045
2026-08-07 22:15:00,4135001,INV02,0.0,0.0,169.98,881488.638
2026-08-07 22:15:00,4135001,INV03,0.204,0.198,170.47,793993.754
2026-08-07 22:15:00,4135001,INV04,0.0,0.0,169.258,740649.476
2026-08-07 22:30:00,4135001,INV01,27.076,26.264,173.021,651012.051
2026-08-07 22:30:00,4135001,INV02,0.0,0.0,169.98,881488.638
2026-08-07 22:30:00,4135001,INV03,1.523,1.478,170.47,793993.755
2026-08-07 22:30:00,4135001,INV04,5.12,4.967,169.259,740649.477
2026-08-07 22:45:00,4135001,INV01,2.083,2.021,173.022,651012.052
2026-08-07 22:45:00,4135001,INV02,19.091,18.519,169.984,881488.643
2026-08-07 22:45:00,4135001,INV03,0.0,0.0,170.47,793993.755
2026-08-07 22:45:00,4135001,INV04,2.267,2.199,169.26,740649.478
2026-08-07 23:00:00,4135001,INV01,6.213,6.027,173.023,651012.053
2026-08-07 23:00:00,4135001,INV02,17.195,16.68,169.988,881488.647
2026-08-07 23:00:00,4135001,INV03,0.0,0.0,170.47,793993.755
2026-08-07 23:00:00,4135001,INV04,0.0,0.0,169.26,740649.478
2026-08-07 23:15:00,4135001,INV01,10.898,10.571,173.026,651012.056
2026-08-07 23:15:00,4135001,INV02,0.0,0.0,169.988,881488.647
2026-08-07 23:15:00,4135001,INV03,10.392,10.08,170.472,793993.757
2026-08-07 23:15:00,4135001,INV04,0.0,0.0,169.26,740649.478
2026-08-07 23:30:00,4135001,INV01,0.0,0.0,173.026,651012.056
2026-08-07 23:30:00,4135001,INV02,22.731,22.049,169.994,881488.652
2026-08-07 23:30:00,4135001,INV03,17.197,16.681,170.477,793993.761
2026-08-07 23:30:00,4135001,INV04,7.639,7.41,169.261,740649.48
2026-08-07 23:45:00,4135001,INV01,0.0,0.0,173.026,651012.056
2026-08-07 23:45:00,4135001,INV02,0.0,0.0,169.994,881488.652
2026-08-07 23:45:00,4135001,INV03,0.0,0.0,170.477,793993.761
2026-08-07 23:45:00,4135001,INV04,0.0,0.0,169.261,740649.48
2026-08-08 00:00:00,4135001,INV01,0.0,0.0,0.0,651012.056
2026-08-08 00:00:00,4135001,INV02,1.025,0.994,0.0,881488.652
2026-08-08 00:00:00,4135001,INV03,1.895,1.838,0.0,793993.762
2026-08-08 00:00:00,4135001,INV04,0.0,0.0,0.0,740649.48
2026-08-08 00:15:00,4135001,INV01,0.0,0.0,0.0,651012.056
2026-08-08 00:15:00,4135001,INV02,16.814,16.31,0.004,881488.657
2026-08-08 00:15:00,4135001,INV03,23.544,22.838,0.006,793993.767
2026-08-08 00:15:00,4135001,INV04,3.112,3.019,0.001,740649.481
2026-08-08 00:30:00,4135001,INV01,0.0,0.0,0.0,651012.056
2026-08-08 00:30:00,4135001,INV02,13.073,12.681,0.007,881488.66
2026-08-08 00:30:00,4135001,INV03,4.908,4.76,0.007,793993.769
2026-08-08 00:30:00,4135001,INV04,7.658,7.428,0.003,740649.482
2026-08-08 00:45:00,4135001,INV01,0.0,0.0,0.0,651012.056
2026-08-08 00:45:00,4135001,INV02,35.184,34.129,0.016,881488.668
2026-08-08 00:45:00,4135001,INV03,0.0,0.0,0.007,793993.769
2026-08-08 00:45:00,4135001,INV04,12.724,12.343,0.006,740649.485
2026-08-08 01:00:00,4135001,INV01,8.61,8.351,0.002,651012.058
2026-08-08 01:00:00,4135001,INV02,7.091,6.878,0.018,881488.67
2026-08-08 01:00:00,4135001,INV03,3.27,3.171,0.008,793993.769
2026-08-08 01:00:00,4135001,INV04,0.0,0.0,0.006,740649.485
2026-08-08 01:15:00,4135001,INV01,0.0,0.0,0.002,651012.058
2026-08-08 01:15:00,4135001,INV02,14.427,13.994,0.021,881488.673
2026-08-08 01:15:00,4135001,INV03,12.315,11.945,0.011,793993.772
2026-08-08 01:15:00,4135001,INV04,1.77,1.717,0.006,740649.486
2026-08-08 01:30:00,4135001,INV01,3.599,3.491,0.003,651012.059
2026-08-08 01:30:00,4135001,INV02,0.0,0.0,0.021,881488.673
2026-08-08 01:30:00,4135001,INV03,12.336,11.966,0.014,793993.775
2026-08-08 01:30:00,4135001,INV04,0.0,0.0,0.006,740649.486
2026-08-08 01:45:00,4135001,INV01,11.932,11.574,0.006,651012.062
2026-08-08 01:45:00,4135001,INV02,6.334,6.144,0.023,881488.675
2026-08-08 01:45:00,4135001,INV03,2.052,1.99,0.015,793993.776
2026-08-08 01:45:00,4135001,INV04,17.123,16.61,0.01,740649.49
2026-08-08 02:00:00,4135001,INV01,11.563,11.216,0.009,651012.064
2026-08-08 02:00:00,4135001,INV02,20.192,19.586,0.028,881488.68
2026-08-08 02:00:00,4135001,INV03,0.0,0.0,0.015,793993.776
2026-08-08 02:00:00,4135001,INV04,18.769,18.206,0.015,740649.495
2026-08-08 02:15:00,4135001,INV01,0.0,0.0,0.009,651012.064
2026-08-08 02:15:00,4135001,INV02,24.008,23.288,0.034,881488.686
2026-08-08 02:15:00,4135001,INV03,0.0,0.0,0.015,793993.776
2026-08-08 02:15:00,4135001,INV04,0.0,0.0,0.015,740649.495
2026-08-08 02:30:00,4135001,INV01,0.0,0.0,0.009,651012.064
2026-08-08 02:30:00,4135001,INV02,0.0,0.0,0.034,881488.686
2026-08-08 02:30:00,4135001,INV03,3.379,3.277,0.015,793993.777
2026-08-08 02:30:00,4135001,INV04,10.189,9.884,0.017,740649.497
2026-08-08 02:45:00,4135001,INV01,0.0,0.0,0.009,651012.064
2026-08-08 02:45:00,4135001,INV02,0.0,0.0,0.034,881488.686
2026-08-08 02:45:00,4135001,INV03,0.0,0.0,0.015,793993.777
2026-08-08 02:45:00,4135001,INV04,18.843,18.278,0.022,740649.502
2026-08-08 03:00:00,4135001,INV01,0.0,0.0,0.009,651012.064
2026-08-08 03:00:00,4135001,INV02,0.0,0.0,0.034,881488.686
2026-08-08 03:00:00,4135001,INV03,0.0,0.0,0.015,793993.777
2026-08-08 03:00:00,4135001,INV04,1.273,1.235,0.022,740649.502
2026-08-08 03:15:00,4135001,INV01,0.986,0.956,0.009,651012.065
2026-08-08 03:15:00,4135001,INV02,5.712,5.541,0.035,881488.687
2026-08-08 03:15:00,4135001,INV03,20.141,19.537,0.02,793993.782
2026-08-08 03:15:00,4135001,INV04,13.254,12.856,0.025,740649.505
2026-08-08 03:30:00,4135001,INV01,5.038,4.887,0.01,651012.066
2026-08-08 03:30:00,4135001,INV02,0.0,0.0,0.035,881488.687
2026-08-08 03:30:00,4135001,INV03,14.154,13.729,0.024,793993.785
2026-08-08 03:30:00,4135001,INV04,21.303,20.664,0.031,740649.51
2026-08-08 03:45:00,4135001,INV01,10.794,10.47,0.013,651012.068
2026-08-08 03:45:00,4135001,INV02,0.0,0.0,0.035,881488.687
2026-08-08 03:45:00,4135001,INV03,1.822,1.767,0.024,793993.785
2026-08-08 03:45:00,4135001,INV04,0.0,0.0,0.031,740649.51
2026-08-08 04:00:00,4135001,INV01,0.0,0.0,0.013,651012.068
2026-08-08 04:00:00,4135001,INV02,4.439,4.306,0.036,881488.688
2026-08-08 04:00:00,4135001,INV03,2.031,1.97,0.025,793993.786
2026-08-08 04:00:00,4135001,INV04,4.17,4.045,0.032,740649.511
2026-08-08 04:15:00,4135001,INV01,0.0,0.0,0.013,651012.068
2026-08-08 04:15:00,4135001,INV02,6.95,6.741,0.038,881488.69
2026-08-08 04:15:00,4135001,INV03,0.0,0.0,0.025,793993.786
2026-08-08 04:15:00,4135001,INV04,0.0,0.0,0.032,740649.511
2026-08-08 04:30:00,4135001,INV01,0.0,0.0,0.013,651012.068
2026-08-08 04:30:00,4135001,INV02,5.081,4.929,0.039,881488.691
2026-08-08 04:30:00,4135001,INV03,0.0,0.0,0.025,793993.786
2026-08-08 04:30:00,4135001,INV04,0.0,0.0,0.032,740649.511
2026-08-08 04:45:00,4135001,INV01,30.685,29.764,0.02,651012.076
2026-08-08 04:45:00,4135001,INV02,0.0,0.0,0.039,881488.691
2026-08-08 04:45:00,4135001,INV03,3.213,3.116,0.025,793993.787
2026-08-08 04:45:00,4135001,INV04,0.0,0.0,0.032,740649.511
2026-08-08 05:00:00,4135001,INV01,0.0,0.0,0.02,651012.076
2026-08-08 05:00:00,4135001,INV02,0.0,0.0,0.039,881488.691
2026-08-08 05:00:00,4135001,INV03,4.231,4.104,0.027,793993.788
2026-08-08 05:00:00,4135001,INV04,0.0,0.0,0.032,740649.511
2026-08-08 05:15:00,4135001,INV01,5.892,5.715,0.022,651012.077
2026-08-08 05:15:00,4135001,INV02,0.0,0.0,0.039,881488.691
2026-08-08 05:15:00,4135001,INV03,0.0,0.0,0.027,793993.788
2026-08-08 05:15:00,4135001,INV04,6.561,6.365,0.033,740649.513
2026-08-08 05:30:00,4135001,INV01,11.906,11.549,0.024,651012.08
2026-08-08 05:30:00,4135001,INV02,0.0,0.0,0.039,881488.691
2026-08-08 05:30:00,4135001,INV03,0.0,0.0,0.027,793993.788
2026-08-08 05:30:00,4135001,INV04,0.0,0.0,0.033,740649.513
2026-08-08 05:45:00,4135001,INV01,7.716,7.484,0.026,651012.082
2026-08-08 05:45:00,4135001,INV02,0.0,0.0,0.039,881488.691
2026-08-08 05:45:00,4135001,INV03,0.0,0.0,0.027,793993.788
2026-08-08 05:45:00,4135001,INV04,0.0,0.0,0.033,740649.513
2026-08-08 06:00:00,4135001,INV01,1767.484,1714.46,0.455,651012.511
2026-08-08 06:00:00,4135001,INV02,1774.016,1720.796,0.469,881489.121
2026-08-08 06:00:00,4135001,INV03,1908.95,1851.681,0.489,793994.251
2026-08-08 06:00:00,4135001,INV04,1819.727,1765.135,0.474,740649.954
2026-08-08 06:15:00,4135001,INV01,865.238,839.281,0.665,651012.721
2026-08-08 06:15:00,4135001,INV02,848.197,822.751,0.675,881489.327
2026-08-08 06:15:00,4135001,INV03,794.656,770.817,0.682,793994.443
2026-08-08 06:15:00,4135001,INV04,782.284,758.815,0.664,740650.144
2026-08-08 06:30:00,4135001,INV01,3060.915,2969.088,1.407,651013.463
2026-08-08 06:30:00,4135001,INV02,3023.518,2932.812,1.408,881490.06
2026-08-08 06:30:00,4135001,INV03,3091.385,2998.644,1.432,793995.193
2026-08-08 06:30:00,4135001,INV04,2930.293,2842.384,1.375,740650.855
2026-08-08 06:45:00,4135001,INV01,5854.464,5678.83,2.827,651014.883
2026-08-08 06:45:00,4135001,INV02,5812.866,5638.48,2.818,881491.47
2026-08-08 06:45:00,4135001,INV03,5735.854,5563.778,2.823,793996.584
2026-08-08 06:45:00,4135001,INV04,5822.101,5647.438,2.787,740652.266
2026-08-08 07:00:00,4135001,INV01,8438.03,8184.889,4.873,651016.929
2026-08-08 07:00:00,4135001,INV02,8348.832,8098.368,4.842,881493.494
2026-08-08 07:00:00,4135001,INV03,8439.649,8186.46,4.869,793998.631
2026-08-08 07:00:00,4135001,INV04,8333.993,8083.973,4.808,740654.287
2026-08-08 07:15:00,4135001,INV01,2327.249,2257.431,5.437,651017.493
2026-08-08 07:15:00,4135001,INV02,7077.454,6865.13,6.558,881495.211
2026-08-08 07:15:00,4135001,INV03,7461.965,7238.106,6.679,794000.44
2026-08-08 07:15:00,4135001,INV04,7264.58,7046.642,6.569,740656.049
2026-08-08 07:30:00,4135001,INV01,6616.762,6418.259,7.042,651019.098
2026-08-08 07:30:00,4135001,INV02,6974.915,6765.667,8.25,881496.902
2026-08-08 07:30:00,4135001,INV03,6487.888,6293.251,8.252,794002.013
2026-08-08 07:30:00,4135001,INV04,6468.713,6274.652,8.138,740657.618
2026-08-08 07:45:00,4135001,INV01,4848.064,4702.622,8.218,651020.273
2026-08-08 07:45:00,4135001,INV02,4873.773,4727.559,9.432,881498.084
2026-08-08 07:45:00,4135001,INV03,4672.097,4531.934,9.385,794003.146
2026-08-08 07:45:00,4135001,INV04,4608.971,4470.702,9.256,740658.735
2026-08-08 08:00:00,4135001,INV01,9041.628,8770.379,10.41,651022.466
2026-08-08 08:00:00,4135001,INV02,9274.532,8996.296,11.681,881500.333
2026-08-08 08:00:00,4135001,INV03,8935.32,8667.26,11.552,794005.313
2026-08-08 08:00:00,4135001,INV04,9383.051,9101.56,11.531,740661.011
2026-08-08 08:15:00,4135001,INV01,9361.169,9080.334,12.68,651024.736
2026-08-08 08:15:00,4135001,INV02,8994.568,8724.731,13.862,881502.514
2026-08-08 08:15:00,4135001,INV03,9463.271,9179.373,13.847,794007.608
2026-08-08 08:15:00,4135001,INV04,9346.351,9065.961,13.797,740663.277
2026-08-08 08:30:00,4135001,INV01,9269.309,8991.23,14.928,651026.984
2026-08-08 08:30:00,4135001,INV02,8919.908,8652.311,16.025,881504.677
2026-08-08 08:30:00,4135001,INV03,9172.267,8897.099,16.071,794009.832
2026-08-08 08:30:00,4135001,INV04,8706.909,8445.702,15.909,740665.389
2026-08-08 08:45:00,4135001,INV01,15208.52,14752.264,18.616,651030.672
2026-08-08 08:45:00,4135001,INV02,14829.346,14384.466,19.621,881508.273
2026-08-08 08:45:00,4135001,INV03,14675.308,14235.049,19.63,794013.391
2026-08-08 08:45:00,4135001,INV04,14735.575,14293.508,19.482,740668.962
2026-08-08 09:00:00,4135001,INV01,13856.691,13440.991,21.976,651034.032
2026-08-08 09:00:00,4135001,INV02,13923.313,13505.613,22.998,881511.65
2026-08-08 09:00:00,4135001,INV03,13040.063,12648.861,22.792,794016.553
2026-08-08 09:00:00,4135001,INV04,13895.072,13478.22,22.852,740672.332
2026-08-08 09:15:00,4135001,INV01,13423.572,13020.864,25.232,651037.287
2026-08-08 09:15:00,4135001,INV02,13626.037,13217.256,26.302,881514.954
2026-08-08 09:15:00,4135001,INV03,14207.53,13781.304,26.237,794019.999
2026-08-08 09:15:00,4135001,INV04,14074.184,13651.959,26.265,740675.745
2026-08-08 09:30:00,4135001,INV01,17565.328,17038.368,29.491,651041.547
2026-08-08 09:30:00,4135001,INV02,16882.313,16375.844,30.396,881519.048
2026-08-08 09:30:00,4135001,INV03,17402.603,16880.525,30.458,794024.219
2026-08-08 09:30:00,4135001,INV04,16753.021,16250.43,30.327,740679.807
2026-08-08 09:45:00,4135001,INV01,17505.857,16980.681,33.736,651045.792
2026-08-08 09:45:00,4135001,INV02,17778.029,17244.688,34.707,881523.359
2026-08-08 09:45:00,4135001,INV03,17700.957,17169.928,34.75,794028.511
2026-08-08 09:45:00,4135001,INV04,17230.477,16713.562,34.506,740683.986
2026-08-08 10:00:00,4135001,INV01,20019.236,19418.659,38.591,651050.647
2026-08-08 10:00:00,4135001,INV02,18674.463,18114.229,39.236,881527.888
2026-08-08 10:00:00,4135001,INV03,18748.547,18186.091,39.297,794033.058
2026-08-08 10:00:00,4135001,INV04,19141.005,18566.775,39.148,740688.627
2026-08-08 10:15:00,4135001,INV01,21253.31,20615.711,43.745,651055.801
2026-08-08 10:15:00,4135001,INV02,21069.356,20437.275,44.345,881532.997
2026-08-08 10:15:00,4135001,INV03,20664.657,20044.718,44.308,794038.069
2026-08-08 10:15:00,4135001,INV04,20833.136,20208.142,44.2,740693.679
2026-08-08 10:30:00,4135001,INV01,19432.662,18849.682,48.457,651060.513
2026-08-08 10:30:00,4135001,INV02,19296.922,18718.015,49.024,881537.677
2026-08-08 10:30:00,4135001,INV03,18944.144,18375.82,48.902,794042.663
2026-08-08 10:30:00,4135001,INV04,18884.916,18318.369,48.779,740698.259
2026-08-08 10:45:00,4135001,INV01,20401.566,19789.519,53.405,651065.46
2026-08-08 10:45:00,4135001,INV02,20864.242,20238.315,54.084,881542.736
2026-08-08 10:45:00,4135001,INV03,20632.338,20013.368,53.905,794047.666
2026-08-08 10:45:00,4135001,INV04,21227.138,20590.324,53.927,740703.407
2026-08-08 11:00:00,4135001,INV01,24108.755,23385.493,59.251,651071.307
2026-08-08 11:00:00,4135001,INV02,24978.86,24229.494,60.141,881548.794
2026-08-08 11:00:00,4135001,INV03,23974.466,23255.232,59.719,794053.48
2026-08-08 11:00:00,4135001,INV04,25266.254,24508.267,60.054,740709.534
2026-08-08 11:15:00,4135001,INV01,23605.787,22897.614,64.976,651077.031
2026-08-08 11:15:00,4135001,INV02,25261.446,24503.603,66.267,881554.919
2026-08-08 11:15:00,4135001,INV03,25027.345,24276.525,65.788,794059.549
2026-08-08 11:15:00,4135001,INV04,24707.959,23966.72,66.045,740715.525
2026-08-08 11:30:00,4135001,INV01,22696.07,22015.188,70.479,651082.535
2026-08-08 11:30:00,4135001,INV02,23261.222,22563.385,71.908,881560.56
2026-08-08 11:30:00,4135001,INV03,22524.482,21848.747,71.25,794065.011
2026-08-08 11:30:00,4135001,INV04,22768.795,22085.731,71.567,740721.047
2026-08-08 11:45:00,4135001,INV01,28612.047,27753.685,77.418,651089.473
2026-08-08 11:45:00,4135001,INV02,27669.49,26839.405,78.618,881567.27
2026-08-08 11:45:00,4135001,INV03,26940.343,26132.133,77.783,794071.544
2026-08-08 11:45:00,4135001,INV04,27509.784,26684.491,78.238,740727.718
2026-08-08 12:00:00,4135001,INV01,25760.772,24987.948,83.665,651095.72
2026-08-08 12:00:00,4135001,INV02,26864.953,26059.005,85.133,881573.785
2026-08-08 12:00:00,4135001,INV03,26369.275,25578.196,84.178,794077.939
2026-08-08 12:00:00,4135001,INV04,25830.616,25055.698,84.502,740733.982
2026-08-08 12:15:00,4135001,INV01,25550.49,24783.976,89.861,651101.916
2026-08-08 12:15:00,4135001,INV02,24418.942,23686.374,91.054,881579.707
2026-08-08 12:15:00,4135001,INV03,25184.484,24428.95,90.285,794084.046
2026-08-08 12:15:00,4135001,INV04,25620.421,24851.808,90.715,740740.195
2026-08-08 12:30:00,4135001,INV01,23882.146,23165.681,95.652,651107.708
2026-08-08 12:30:00,4135001,INV02,23773.866,23060.65,96.82,881585.472
2026-08-08 12:30:00,4135001,INV03,24182.055,23456.593,96.149,794089.91
2026-08-08 12:30:00,4135001,INV04,23911.892,23194.535,96.514,740745.993
2026-08-08 12:45:00,4135001,INV01,24277.163,23548.848,101.539,651113.595
2026-08-08 12:45:00,4135001,INV02,23303.675,22604.565,102.471,881591.123
2026-08-08 12:45:00,4135001,INV03,23136.632,22442.533,101.76,794095.521
2026-08-08 12:45:00,4135001,INV04,22802.696,22118.615,102.043,740751.523
2026-08-08 13:00:00,4135001,INV01,24808.292,24064.043,107.555,651119.611
2026-08-08 13:00:00,4135001,INV02,23887.916,23171.279,108.263,881596.916
2026-08-08 13:00:00,4135001,INV03,23719.275,23007.696,107.512,794101.273
2026-08-08 13:00:00,4135001,INV04,25723.157,24951.462,108.281,740757.761
2026-08-08 13:15:00,4135001,INV01,25367.52,24606.494,113.707,651125.763
2026-08-08 13:15:00,4135001,INV02,25304.008,24544.888,114.4,881603.052
2026-08-08 13:15:00,4135001,INV03,11313.081,10973.689,110.255,794104.016
2026-08-08 13:15:00,4135001,INV04,26149.328,25364.848,114.622,740764.102
2026-08-08 13:30:00,4135001,INV01,23533.735,22827.723,119.414,651131.47
2026-08-08 13:30:00,4135001,INV02,23939.055,23220.883,120.205,881608.857
2026-08-08 13:30:00,4135001,INV03,22710.231,22028.924,115.762,794109.524
2026-08-08 13:30:00,4135001,INV04,22865.35,22179.389,120.167,740769.647
2026-08-08 13:45:00,4135001,INV01,24461.622,23727.774,125.346,651137.402
2026-08-08 13:45:00,4135001,INV02,25731.141,24959.207,126.445,881615.097
2026-08-08 13:45:00,4135001,INV03,25406.432,24644.239,121.923,794115.685
2026-08-08 13:45:00,4135001,INV04,24820.03,24075.429,126.186,740775.666
2026-08-08 14:00:00,4135001,INV01,21554.808,20908.163,130.573,651142.629
2026-08-08 14:00:00,4135001,INV02,21563.505,20916.6,131.674,881620.326
2026-08-08 14:00:00,4135001,INV03,22164.578,21499.641,127.298,794121.06
2026-08-08 14:00:00,4135001,INV04,21455.301,20811.642,131.389,740780.869
2026-08-08 14:15:00,4135001,INV01,18383.013,17831.523,135.031,651147.087
2026-08-08 14:15:00,4135001,INV02,19530.88,18944.954,136.41,881625.062
2026-08-08 14:15:00,4135001,INV03,18625.326,18066.566,131.815,794125.576
2026-08-08 14:15:00,4135001,INV04,19334.078,18754.056,136.077,740785.557
2026-08-08 14:30:00,4135001,INV01,20369.243,19758.166,139.97,651152.026
2026-08-08 14:30:00,4135001,INV02,19149.075,18574.603,141.054,881629.706
2026-08-08 14:30:00,4135001,INV03,19552.493,18965.918,136.556,794130.318
2026-08-08 14:30:00,4135001,INV04,20038.72,19437.558,140.937,740790.417
2026-08-08 14:45:00,4135001,INV01,16606.259,16108.071,143.997,651156.053
2026-08-08 14:45:00,4135001,INV02,16665.91,16165.933,145.095,881633.747
2026-08-08 14:45:00,4135001,INV03,15443.227,14979.93,140.301,794134.063
2026-08-08 14:45:00,4135001,INV04,15564.854,15097.909,144.711,740794.191
2026-08-08 15:00:00,4135001,INV01,17706.834,17175.629,148.291,651160.347
2026-08-08 15:00:00,4135001,INV02,16802.921,16298.834,149.17,881637.822
2026-08-08 15:00:00,4135001,INV03,16470.91,15976.783,144.296,794138.057
2026-08-08 15:00:00,4135001,INV04,17697.44,17166.517,149.003,740798.483
2026-08-08 15:15:00,4135001,INV01,14972.566,14523.389,151.922,651163.978
2026-08-08 15:15:00,4135001,INV02,14701.342,14260.302,152.735,881641.387
2026-08-08 15:15:00,4135001,INV03,14040.838,13619.613,147.7,794141.462
2026-08-08 15:15:00,4135001,INV04,14648.418,14208.965,152.555,740802.035
2026-08-08 15:30:00,4135001,INV01,13794.922,13381.075,155.267,651167.323
2026-08-08 15:30:00,4135001,INV02,14039.414,13618.231,156.14,881644.792
2026-08-08 15:30:00,4135001,INV03,14053.092,13631.5,151.108,794144.87
2026-08-08 15:30:00,4135001,INV04,13674.748,13264.505,155.871,740805.351
2026-08-08 15:45:00,4135001,INV01,13036.939,12645.83,158.429,651170.485
2026-08-08 15:45:00,4135001,INV02,14033.242,13612.244,159.543,881648.195
2026-08-08 15:45:00,4135001,INV03,13294.326,12895.496,154.332,794148.094
2026-08-08 15:45:00,4135001,INV04,13806.909,13392.702,159.219,740808.699
2026-08-08 16:00:00,4135001,INV01,10889.593,10562.905,161.07,651173.125
2026-08-08 16:00:00,4135001,INV02,10978.877,10649.511,162.205,881650.857
2026-08-08 16:00:00,4135001,INV03,10755.239,10432.581,156.94,794150.702
2026-08-08 16:00:00,4135001,INV04,10719.685,10398.095,161.819,740811.299
2026-08-08 16:15:00,4135001,INV01,9424.354,9141.623,163.355,651175.411
2026-08-08 16:15:00,4135001,INV02,9582.084,9294.622,164.529,881653.181
2026-08-08 16:15:00,4135001,INV03,9159.415,8884.633,159.162,794152.923
2026-08-08 16:15:00,4135001,INV04,9248.114,8970.67,164.062,740813.541
2026-08-08 16:30:00,4135001,INV01,9870.633,9574.514,165.749,651177.804
2026-08-08 16:30:00,4135001,INV02,9832.415,9537.442,166.913,881655.565
2026-08-08 16:30:00,4135001,INV03,10378.232,10066.885,161.678,794155.44
2026-08-08 16:30:00,4135001,INV04,9905.904,9608.727,166.464,740815.944
2026-08-08 16:45:00,4135001,INV01,6285.829,6097.254,167.273,651179.329
2026-08-08 16:45:00,4135001,INV02,6203.238,6017.141,168.417,881657.07
2026-08-08 16:45:00,4135001,INV03,6568.758,6371.696,163.271,794157.032
2026-08-08 16:45:00,4135001,INV04,6168.212,5983.166,167.96,740817.439
2026-08-08 17:00:00,4135001,INV01,7177.464,6962.14,169.013,651181.069
2026-08-08 17:00:00,4135001,INV02,7506.761,7281.559,170.238,881658.89
2026-08-08 17:00:00,4135001,INV03,7171.927,6956.769,165.01,794158.772
2026-08-08 17:00:00,4135001,INV04,6961.619,6752.77,169.648,740819.128
2026-08-08 17:15:00,4135001,INV01,7406.548,7184.352,170.81,651182.865
2026-08-08 17:15:00,4135001,INV02,7466.603,7242.605,172.048,881660.701
2026-08-08 17:15:00,4135001,INV03,7261.412,7043.569,166.771,794160.533
2026-08-08 17:15:00,4135001,INV04,6894.59,6687.753,171.32,740820.8
2026-08-08 17:30:00,4135001,INV01,2407.846,2335.611,171.393,651183.449
2026-08-08 17:30:00,4135001,INV02,2296.995,2228.085,172.605,881661.258
2026-08-08 17:30:00,4135001,INV03,2391.263,2319.526,167.351,794161.112
2026-08-08 17:30:00,4135001,INV04,2380.969,2309.54,171.897,740821.377
2026-08-08 17:45:00,4135001,INV01,4513.698,4378.287,172.488,651184.544
2026-08-08 17:45:00,4135001,INV02,4571.956,4434.797,173.714,881662.366
2026-08-08 17:45:00,4135001,INV03,4435.239,4302.182,168.427,794162.188
2026-08-08 17:45:00,4135001,INV04,4253.093,4125.501,172.928,740822.408
2026-08-08 18:00:00,4135001,INV01,4767.37,4624.349,173.644,651185.7
2026-08-08 18:00:00,4135001,INV02,4691.037,4550.305,174.852,881663.504
2026-08-08 18:00:00,4135001,INV03,4551.22,4414.683,169.53,794163.292
2026-08-08 18:00:00,4135001,INV04,4672.896,4532.709,174.062,740823.541
2026-08-08 18:15:00,4135001,INV01,2074.796,2012.552,174.147,651186.203
2026-08-08 18:15:00,4135001,INV02,2025.372,1964.611,175.343,881663.995
2026-08-08 18:15:00,4135001,INV03,1979.057,1919.685,170.01,794163.772
2026-08-08 18:15:00,4135001,INV04,2003.541,1943.434,174.548,740824.027
2026-08-08 18:30:00,4135001,INV01,22.451,21.778,174.153,651186.208
2026-08-08 18:30:00,4135001,INV02,0.0,0.0,175.343,881663.995
2026-08-08 18:30:00,4135001,INV03,11.021,10.691,170.013,794163.774
2026-08-08 18:30:00,4135001,INV04,0.0,0.0,174.548,740824.027
2026-08-08 18:45:00,4135001,INV01,0.0,0.0,174.153,651186.208
2026-08-08 18:45:00,4135001,INV02,10.622,10.303,175.345,881663.998
2026-08-08 18:45:00,4135001,INV03,0.0,0.0,170.013,794163.774
2026-08-08 18:45:00,4135001,INV04,0.0,0.0,174.548,740824.027
2026-08-08 19:00:00,4135001,INV01,0.0,0.0,174.153,651186.208
2026-08-08 19:00:00,4135001,INV02,12.869,12.483,175.349,881664.001
2026-08-08 19:00:00,4135001,INV03,21.776,21.122,170.018,794163.78
2026-08-08 19:00:00,4135001,INV04,0.0,0.0,174.548,740824.027
2026-08-08 19:15:00,4135001,INV01,0.0,0.0,174.153,651186.208
2026-08-08 19:15:00,4135001,INV02,18.292,17.744,175.353,881664.005
2026-08-08 19:15:00,4135001,INV03,0.0,0.0,170.018,794163.78
2026-08-08 19:15:00,4135001,INV04,0.0,0.0,174.548,740824.027
2026-08-08 19:30:00,4135001,INV01,0.0,0.0,174.153,651186.208
2026-08-08 19:30:00,4135001,INV02,0.0,0.0,175.353,881664.005
2026-08-08 19:30:00,4135001,INV03,0.0,0.0,170.018,794163.78
2026-08-08 19:30:00,4135001,INV04,0.0,0.0,174.548,740824.027
2026-08-08 19:45:00,4135001,INV01,0.0,0.0,174.153,651186.208
2026-08-08 19:45:00,4135001,INV02,15.151,14.697,175.357,881664.009
2026-08-08 19:45:00,4135001,INV03,11.62,11.271,170.021,794163.782
2026-08-08 19:45:00,4135001,INV04,22.296,21.627,174.553,740824.033
2026-08-08 20:00:00,4135001,INV01,0.0,0.0,174.153,651186.208
2026-08-08 20:00:00,4135001,INV02,6.725,6.523,175.358,881664.01
2026-08-08 20:00:00,4135001,INV03,9.587,9.299,170.023,794163.785
2026-08-08 20:00:00,4135001,INV04,9.802,9.508,174.555,740824.035
2026-08-08 20:15:00,4135001,INV01,0.0,0.0,174.153,651186.208
2026-08-08 20:15:00,4135001,INV02,5.285,5.127,175.36,881664.012
2026-08-08 20:15:00,4135001,INV03,6.383,6.192,170.025,794163.786
2026-08-08 20:15:00,4135001,INV04,0.0,0.0,174.555,740824.035
2026-08-08 20:30:00,4135001,INV01,8.356,8.106,174.155,651186.21
2026-08-08 20:30:00,4135001,INV02,0.0,0.0,175.36,881664.012
2026-08-08 20:30:00,4135001,INV03,8.916,8.649,170.027,794163.788
2026-08-08 20:30:00,4135001,INV04,0.0,0.0,174.555,740824.035
2026-08-08 20:45:00,4135001,INV01,1.961,1.902,174.155,651186.211
2026-08-08 20:45:00,4135001,INV02,0.0,0.0,175.36,881664.012
2026-08-08 20:45:00,4135001,INV03,0.0,0.0,170.027,794163.788
2026-08-08 20:45:00,4135001,INV04,0.0,0.0,174.555,740824.035
2026-08-08 21:00:00,4135001,INV01,0.422,0.409,174.155,651186.211
2026-08-08 21:00:00,4135001,INV02,41.44,40.197,175.37,881664.022
2026-08-08 21:00:00,4135001,INV03,8.491,8.236,170.029,794163.79
2026-08-08 21:00:00,4135001,INV04,0.0,0.0,174.555,740824.035
2026-08-08 21:15:00,4135001,INV01,18.036,17.495,174.16,651186.215
2026-08-08 21:15:00,4135001,INV02,0.0,0.0,175.37,881664.022
2026-08-08 21:15:00,4135001,INV03,0.0,0.0,170.029,794163.79
2026-08-08 21:15:00,4135001,INV04,11.722,11.37,174.558,740824.038
2026-08-08 21:30:00,4135001,INV01,21.405,20.763,174.165,651186.221
2026-08-08 21:30:00,4135001,INV02,5.571,5.404,175.371,881664.023
2026-08-08 21:30:00,4135001,INV03,29.608,28.72,170.036,794163.798
2026-08-08 21:30:00,4135001,INV04,0.0,0.0,174.558,740824.038
2026-08-08 21:45:00,4135001,INV01,0.0,0.0,174.165,651186.221
2026-08-08 21:45:00,4135001,INV02,5.988,5.808,175.372,881664.025
2026-08-08 21:45:00,4135001,INV03,9.961,9.662,170.039,794163.8
2026-08-08 21:45:00,4135001,INV04,0.0,0.0,174.558,740824.038
2026-08-08 22:00:00,4135001,INV01,10.954,10.625,174.167,651186.223
2026-08-08 22:00:00,4135001,INV02,0.0,0.0,175.372,881664.025
2026-08-08 22:00:00,4135001,INV03,0.0,0.0,170.039,794163.8
2026-08-08 22:00:00,4135001,INV04,0.0,0.0,174.558,740824.038
2026-08-08 22:15:00,4135001,INV01,0.0,0.0,174.167,651186.223
2026-08-08 22:15:00,4135001,INV02,0.0,0.0,175.372,881664.025
2026-08-08 22:15:00,4135001,INV03,15.372,14.91,170.042,794163.804
2026-08-08 22:15:00,4135001,INV04,17.529,17.003,174.562,740824.042
2026-08-08 22:30:00,4135001,INV01,0.0,0.0,174.167,651186.223
2026-08-08 22:30:00,4135001,INV02,0.0,0.0,175.372,881664.025
2026-08-08 22:30:00,4135001,INV03,0.0,0.0,170.042,794163.804
2026-08-08 22:30:00,4135001,INV04,10.285,9.976,174.565,740824.045
2026-08-08 22:45:00,4135001,INV01,0.0,0.0,174.167,651186.223
2026-08-08 22:45:00,4135001,INV02,0.0,0.0,175.372,881664.025
2026-08-08 22:45:00,4135001,INV03,9.081,8.809,170.045,794163.806
2026-08-08 22:45:00,4135001,INV04,7.09,6.877,174.567,740824.046
2026-08-08 23:00:00,4135001,INV01,0.0,0.0,174.167,651186.223
2026-08-08 23:00:00,4135001,INV02,12.331,11.961,175.375,881664.028
2026-08-08 23:00:00,4135001,INV03,0.0,0.0,170.045,794163.806
2026-08-08 23:00:00,4135001,INV04,0.0,0.0,174.567,740824.046
2026-08-08 23:15:00,4135001,INV01,0.0,0.0,174.167,651186.223
2026-08-08 23:15:00,4135001,INV02,0.0,0.0,175.375,881664.028
2026-08-08 23:15:00,4135001,INV03,8.167,7.922,170.047,794163.808
2026-08-08 23:15:00,4135001,INV04,0.0,0.0,174.567,740824.046
2026-08-08 23:30:00,4135001,INV01,0.0,0.0,174.167,651186.223
2026-08-08 23:30:00,4135001,INV02,0.0,0.0,175.375,881664.028
2026-08-08 23:30:00,4135001,INV03,0.0,0.0,170.047,794163.808
2026-08-08 23:30:00,4135001,INV04,0.0,0.0,174.567,740824.046
2026-08-08 23:45:00,4135001,INV01,14.557,14.121,174.171,651186.227
2026-08-08 23:45:00,4135001,INV02,0.0,0.0,175.375,881664.028
2026-08-08 23:45:00,4135001,INV03,3.275,3.177,170.047,794163.809
2026-08-08 23:45:00,4135001,INV04,14.519,14.083,174.57,740824.05
2026-08-09 00:00:00,4135001,INV01,0.0,0.0,0.0,651186.227
2026-08-09 00:00:00,4135001,INV02,1.432,1.389,0.0,881664.028
2026-08-09 00:00:00,4135001,INV03,0.0,0.0,0.0,794163.809
2026-08-09 00:00:00,4135001,INV04,15.704,15.233,0.004,740824.054
2026-08-09 00:15:00,4135001,INV01,10.324,10.014,0.003,651186.229
2026-08-09 00:15:00,4135001,INV02,8.216,7.97,0.002,881664.03
2026-08-09 00:15:00,4135001,INV03,0.899,0.872,0.0,794163.809
2026-08-09 00:15:00,4135001,INV04,1.856,1.801,0.004,740824.054
2026-08-09 00:30:00,4135001,INV01,0.0,0.0,0.003,651186.229
2026-08-09 00:30:00,4135001,INV02,27.023,26.212,0.009,881664.036
2026-08-09 00:30:00,4135001,INV03,0.0,0.0,0.0,794163.809
2026-08-09 00:30:00,4135001,INV04,0.0,0.0,0.004,740824.054
2026-08-09 00:45:00,4135001,INV01,0.0,0.0,0.003,651186.229
2026-08-09 00:45:00,4135001,INV02,0.0,0.0,0.009,881664.036
2026-08-09 00:45:00,4135001,INV03,5.878,5.702,0.002,794163.81
2026-08-09 00:45:00,4135001,INV04,0.0,0.0,0.004,740824.054
2026-08-09 01:00:00,4135001,INV01,23.837,23.122,0.008,651186.235
2026-08-09 01:00:00,4135001,INV02,7.517,7.291,0.011,881664.038
2026-08-09 01:00:00,4135001,INV03,0.0,0.0,0.002,794163.81
2026-08-09 01:00:00,4135001,INV04,10.521,10.205,0.007,740824.057
2026-08-09 01:15:00,4135001,INV01,0.0,0.0,0.008,651186.235
2026-08-09 01:15:00,4135001,INV02,0.0,0.0,0.011,881664.038
2026-08-09 01:15:00,4135001,INV03,0.0,0.0,0.002,794163.81
2026-08-09 01:15:00,4135001,INV04,0.0,0.0,0.007,740824.057
2026-08-09 01:30:00,4135001,INV01,0.0,0.0,0.008,651186.235
2026-08-09 01:30:00,4135001,INV02,12.566,12.189,0.014,881664.041
2026-08-09 01:30:00,4135001,INV03,15.021,14.57,0.005,794163.814
2026-08-09 01:30:00,4135001,INV04,0.0,0.0,0.007,740824.057
2026-08-09 01:45:00,4135001,INV01,0.0,0.0,0.008,651186.235
2026-08-09 01:45:00,4135001,INV02,15.219,14.762,0.017,881664.045
2026-08-09 01:45:00,4135001,INV03,0.0,0.0,0.005,794163.814
2026-08-09 01:45:00,4135001,INV04,21.88,21.223,0.012,740824.062
2026-08-09 02:00:00,4135001,INV01,28.301,27.452,0.015,651186.242
2026-08-09 02:00:00,4135001,INV02,0.0,0.0,0.017,881664.045
2026-08-09 02:00:00,4135001,INV03,0.0,0.0,0.005,794163.814
2026-08-09 02:00:00,4135001,INV04,5.206,5.05,0.013,740824.063
2026-08-09 02:15:00,4135001,INV01,0.0,0.0,0.015,651186.242
2026-08-09 02:15:00,4135001,INV02,6.489,6.294,0.019,881664.047
2026-08-09 02:15:00,4135001,INV03,0.0,0.0,0.005,794163.814
2026-08-09 02:15:00,4135001,INV04,0.0,0.0,0.013,740824.063
2026-08-09 02:30:00,4135001,INV01,13.01,12.62,0.018,651186.245
2026-08-09 02:30:00,4135001,INV02,14.968,14.519,0.023,881664.05
2026-08-09 02:30:00,4135001,INV03,4.135,4.011,0.006,794163.815
2026-08-09 02:30:00,4135001,INV04,8.492,8.237,0.015,740824.065
2026-08-09 02:45:00,4135001,INV01,16.43,15.937,0.022,651186.249
2026-08-09 02:45:00,4135001,INV02,0.0,0.0,0.023,881664.05
2026-08-09 02:45:00,4135001,INV03,11.194,10.859,0.009,794163.818
2026-08-09 02:45:00,4135001,INV04,2.345,2.275,0.016,740824.066
2026-08-09 03:00:00,4135001,INV01,0.0,0.0,0.022,651186.249
2026-08-09 03:00:00,4135001,INV02,0.0,0.0,0.023,881664.05
2026-08-09 03:00:00,4135001,INV03,0.0,0.0,0.009,794163.818
2026-08-09 03:00:00,4135001,INV04,0.0,0.0,0.016,740824.066
2026-08-09 03:15:00,4135001,INV01,0.0,0.0,0.022,651186.249
2026-08-09 03:15:00,4135001,INV02,0.0,0.0,0.023,881664.05
2026-08-09 03:15:00,4135001,INV03,32.267,31.299,0.017,794163.826
2026-08-09 03:15:00,4135001,INV04,11.554,11.208,0.019,740824.069
2026-08-09 03:30:00,4135001,INV01,0.0,0.0,0.022,651186.249
2026-08-09 03:30:00,4135001,INV02,0.0,0.0,0.023,881664.05
2026-08-09 03:30:00,4135001,INV03,30.078,29.176,0.024,794163.833
2026-08-09 03:30:00,4135001,INV04,0.0,0.0,0.019,740824.069
2026-08-09 03:45:00,4135001,INV01,0.0,0.0,0.022,651186.249
2026-08-09 03:45:00,4135001,INV02,5.013,4.863,0.024,881664.051
2026-08-09 03:45:00,4135001,INV03,0.0,0.0,0.024,794163.833
2026-08-09 03:45:00,4135001,INV04,8.112,7.868,0.021,740824.071
2026-08-09 04:00:00,4135001,INV01,2.225,2.159,0.023,651186.25
2026-08-09 04:00:00,4135001,INV02,0.0,0.0,0.024,881664.051
2026-08-09 04:00:00,4135001,INV03,0.0,0.0,0.024,794163.833
2026-08-09 04:00:00,4135001,INV04,0.0,0.0,0.021,740824.071
2026-08-09 04:15:00,4135001,INV01,7.092,6.879,0.025,651186.251
2026-08-09 04:15:00,4135001,INV02,0.0,0.0,0.024,881664.051
2026-08-09 04:15:00,4135001,INV03,0.0,0.0,0.024,794163.833
2026-08-09 04:15:00,4135001,INV04,0.0,0.0,0.021,740824.071
2026-08-09 04:30:00,4135001,INV01,0.0,0.0,0.025,651186.251
2026-08-09 04:30:00,4135001,INV02,11.293,10.955,0.027,881664.054
2026-08-09 04:30:00,4135001,INV03,0.0,0.0,0.024,794163.833
2026-08-09 04:30:00,4135001,INV04,0.0,0.0,0.021,740824.071
2026-08-09 04:45:00,4135001,INV01,1.156,1.121,0.025,651186.252
2026-08-09 04:45:00,4135001,INV02,15.835,15.36,0.03,881664.058
2026-08-09 04:45:00,4135001,INV03,0.0,0.0,0.024,794163.833
2026-08-09 04:45:00,4135001,INV04,0.0,0.0,0.021,740824.071
2026-08-09 05:00:00,4135001,INV01,0.0,0.0,0.025,651186.252
2026-08-09 05:00:00,4135001,INV02,0.0,0.0,0.03,881664.058
2026-08-09 05:00:00,4135001,INV03,0.0,0.0,0.024,794163.833
2026-08-09 05:00:00,4135001,INV04,0.0,0.0,0.021,740824.071
2026-08-09 05:15:00,4135001,INV01,11.051,10.72,0.028,651186.254
2026-08-09 05:15:00,4135001,INV02,9.283,9.004,0.033,881664.06
2026-08-09 05:15:00,4135001,INV03,0.0,0.0,0.024,794163.833
2026-08-09 05:15:00,4135001,INV04,0.0,0.0,0.021,740824.071
2026-08-09 05:30:00,4135001,INV01,0.0,0.0,0.028,651186.254
2026-08-09 05:30:00,4135001,INV02,0.0,0.0,0.033,881664.06
2026-08-09 05:30:00,4135001,INV03,21.821,21.167,0.029,794163.838
2026-08-09 05:30:00,4135001,INV04,28.211,27.365,0.028,740824.078
2026-08-09 05:45:00,4135001,INV01,0.0,0.0,0.028,651186.254
2026-08-09 05:45:00,4135001,INV02,0.0,0.0,0.033,881664.06
2026-08-09 05:45:00,4135001,INV03,0.0,0.0,0.029,794163.838
2026-08-09 05:45:00,4135001,INV04,0.0,0.0,0.028,740824.078
2026-08-09 06:00:00,4135001,INV01,1076.077,1043.795,0.288,651186.515
2026-08-09 06:00:00,4135001,INV02,1091.207,1058.471,0.297,881664.325
2026-08-09 06:00:00,4135001,INV03,1044.707,1013.366,0.283,794164.092
2026-08-09 06:00:00,4135001,INV04,991.281,961.543,0.268,740824.318
2026-08-09 06:15:00,4135001,INV01,1295.919,1257.041,0.603,651186.829
2026-08-09 06:15:00,4135001,INV02,1262.472,1224.598,0.603,881664.631
2026-08-09 06:15:00,4135001,INV03,1340.13,1299.926,0.608,794164.416
2026-08-09 06:15:00,4135001,INV04,1308.923,1269.655,0.585,740824.635
2026-08-09 06:30:00,4135001,INV01,2878.246,2791.899,1.301,651187.527
2026-08-09 06:30:00,4135001,INV02,2779.031,2695.66,1.277,881665.305
2026-08-09 06:30:00,4135001,INV03,2738.054,2655.912,1.272,794165.08
2026-08-09 06:30:00,4135001,INV04,2886.455,2799.861,1.285,740825.335
2026-08-09 06:45:00,4135001,INV01,4084.376,3961.845,2.291,651188.518
2026-08-09 06:45:00,4135001,INV02,3790.814,3677.09,2.197,881666.224
2026-08-09 06:45:00,4135001,INV03,3952.395,3833.823,2.23,794166.039
2026-08-09 06:45:00,4135001,INV04,4082.1,3959.637,2.275,740826.325
2026-08-09 07:00:00,4135001,INV01,4169.908,4044.811,3.302,651189.529
2026-08-09 07:00:00,4135001,INV02,4046.718,3925.317,3.178,881667.206
2026-08-09 07:00:00,4135001,INV03,4161.612,4036.764,3.239,794167.048
2026-08-09 07:00:00,4135001,INV04,4314.58,4185.143,3.322,740827.372
2026-08-09 07:15:00,4135001,INV01,8037.575,7796.448,5.251,651191.478
2026-08-09 07:15:00,4135001,INV02,7918.767,7681.204,5.098,881669.126
2026-08-09 07:15:00,4135001,INV03,8371.312,8120.172,5.269,794169.078
2026-08-09 07:15:00,4135001,INV04,8433.078,8180.086,5.367,740829.417
2026-08-09 07:30:00,4135001,INV01,7051.272,6839.734,6.961,651193.188
2026-08-09 07:30:00,4135001,INV02,6996.652,6786.753,6.795,881670.823
2026-08-09 07:30:00,4135001,INV03,6896.624,6689.725,6.942,794170.751
2026-08-09 07:30:00,4135001,INV04,6971.783,6762.63,7.057,740831.107
2026-08-09 07:45:00,4135001,INV01,8047.834,7806.399,8.913,651195.14
2026-08-09 07:45:00,4135001,INV02,8265.837,8017.862,8.799,881672.827
2026-08-09 07:45:00,4135001,INV03,8220.767,7974.144,8.935,794172.744
2026-08-09 07:45:00,4135001,INV04,8466.002,8212.022,9.11,740833.16
2026-08-09 08:00:00,4135001,INV01,9411.228,9128.891,11.195,651197.422
2026-08-09 08:00:00,4135001,INV02,9628.583,9339.725,11.134,881675.162
2026-08-09 08:00:00,4135001,INV03,9422.509,9139.834,11.22,794175.029
2026-08-09 08:00:00,4135001,INV04,8882.957,8616.468,11.264,740835.314
2026-08-09 08:15:00,4135001,INV01,8657.284,8397.566,13.295,651199.521
2026-08-09 08:15:00,4135001,INV02,8918.653,8651.094,13.297,881677.325
2026-08-09 08:15:00,4135001,INV03,8816.302,8551.813,13.358,794177.167
2026-08-09 08:15:00,4135001,INV04,9068.374,8796.322,13.463,740837.513
2026-08-09 08:30:00,4135001,INV01,9976.142,9676.858,15.714,651201.941
2026-08-09 08:30:00,4135001,INV02,10055.401,9753.739,15.736,881679.763
2026-08-09 08:30:00,4135001,INV03,9783.522,9490.017,15.731,794179.54
2026-08-09 08:30:00,4135001,INV04,9632.657,9343.677,15.799,740839.849
2026-08-09 08:45:00,4135001,INV01,11935.471,11577.407,18.608,651204.835
2026-08-09 08:45:00,4135001,INV02,12124.941,11761.193,18.676,881682.703
2026-08-09 08:45:00,4135001,INV03,12725.113,12343.359,18.817,794182.625
2026-08-09 08:45:00,4135001,INV04,11794.052,11440.23,18.659,740842.709
2026-08-09 09:00:00,4135001,INV01,13825.03,13410.279,21.961,651208.188
2026-08-09 09:00:00,4135001,INV02,3544.503,3438.167,19.535,881683.563
2026-08-09 09:00:00,4135001,INV03,13983.439,13563.936,22.208,794186.016
2026-08-09 09:00:00,4135001,INV04,13546.853,13140.448,21.945,740845.994
2026-08-09 09:15:00,4135001,INV01,14810.273,14365.965,25.552,651211.779
2026-08-09 09:15:00,4135001,INV02,14961.356,14512.516,23.164,881687.191
2026-08-09 09:15:00,4135001,INV03,14783.499,14339.994,25.793,794189.601
2026-08-09 09:15:00,4135001,INV04,15219.844,14763.248,25.635,740849.685
2026-08-09 09:30:00,4135001,INV01,15770.102,15296.999,29.376,651215.603
2026-08-09 09:30:00,4135001,INV02,15412.152,14949.788,26.901,881690.929
2026-08-09 09:30:00,4135001,INV03,15220.054,14763.453,29.483,794193.292
2026-08-09 09:30:00,4135001,INV04,15842.934,15367.646,29.477,740853.527
2026-08-09 09:45:00,4135001,INV01,17079.302,16566.923,33.518,651219.745
2026-08-09 09:45:00,4135001,INV02,17804.586,17270.448,31.219,881695.246
2026-08-09 09:45:00,4135001,INV03,17984.671,17445.131,33.845,794197.654
2026-08-09 09:45:00,4135001,INV04,18054.055,17512.433,33.855,740857.905
2026-08-09 10:00:00,4135001,INV01,19345.879,18765.503,38.21,651224.436
2026-08-09 10:00:00,4135001,INV02,18720.703,18159.082,35.758,881699.786
2026-08-09 10:00:00,4135001,INV03,18738.241,18176.094,38.389,794202.198
2026-08-09 10:00:00,4135001,INV04,18688.563,18127.906,38.387,740862.437
2026-08-09 10:15:00,4135001,INV01,19943.434,19345.131,43.046,651229.273
2026-08-09 10:15:00,4135001,INV02,18984.098,18414.575,40.362,881704.39
2026-08-09 10:15:00,4135001,INV03,20169.819,19564.725,43.28,794207.089
2026-08-09 10:15:00,4135001,INV04,18834.394,18269.362,42.955,740867.005
2026-08-09 10:30:00,4135001,INV01,22868.767,22182.704,48.592,651234.818
2026-08-09 10:30:00,4135001,INV02,23137.522,22443.396,45.973,881710.0
2026-08-09 10:30:00,4135001,INV03,22161.996,21497.136,48.654,794212.463
2026-08-09 10:30:00,4135001,INV04,21943.682,21285.371,48.276,740872.326
2026-08-09 10:45:00,4135001,INV01,24344.072,23613.75,54.495,651240.722
2026-08-09 10:45:00,4135001,INV02,23513.364,22807.963,51.675,881715.702
2026-08-09 10:45:00,4135001,INV03,24644.094,23904.771,54.63,794218.439
2026-08-09 10:45:00,4135001,INV04,24035.233,23314.176,54.105,740878.155
2026-08-09 11:00:00,4135001,INV01,22264.992,21597.042,59.894,651246.121
2026-08-09 11:00:00,4135001,INV02,21192.082,20556.319,56.814,881720.842
2026-08-09 11:00:00,4135001,INV03,5708.22,5536.974,56.015,794219.823
2026-08-09 11:00:00,4135001,INV04,21065.569,20433.602,59.213,740883.263
2026-08-09 11:15:00,4135001,INV01,25600.589,24832.571,66.102,651252.329
2026-08-09 11:15:00,4135001,INV02,26529.943,25734.044,63.247,881727.275
2026-08-09 11:15:00,4135001,INV03,27125.529,26311.763,62.593,794226.401
2026-08-09 11:15:00,4135001,INV04,26134.593,25350.555,65.551,740889.601
2026-08-09 11:30:00,4135001,INV01,24983.15,24233.655,72.161,651258.388
2026-08-09 11:30:00,4135001,INV02,25177.695,24422.364,69.353,881733.381
2026-08-09 11:30:00,4135001,INV03,24889.049,24142.377,68.628,794232.437
2026-08-09 11:30:00,4135001,INV04,24074.137,23351.913,71.389,740895.439
2026-08-09 11:45:00,4135001,INV01,24516.115,23780.632,78.106,651264.333
2026-08-09 11:45:00,4135001,INV02,23416.916,22714.409,75.032,881739.059
2026-08-09 11:45:00,4135001,INV03,23501.437,22796.394,74.327,794238.136
2026-08-09 11:45:00,4135001,INV04,24139.694,23415.503,77.242,740901.292
2026-08-09 12:00:00,4135001,INV01,27908.528,27071.272,84.874,651271.101
2026-08-09 12:00:00,4135001,INV02,27352.624,26532.045,81.665,881745.692
2026-08-09 12:00:00,4135001,INV03,27635.848,26806.772,81.029,794244.838
2026-08-09 12:00:00,4135001,INV04,27611.304,26782.965,83.938,740907.988
2026-08-09 12:15:00,4135001,INV01,26423.873,25631.157,91.282,651277.508
2026-08-09 12:15:00,4135001,INV02,26668.917,25868.849,88.132,881752.159
2026-08-09 12:15:00,4135001,INV03,27521.725,26696.073,87.703,794251.512
2026-08-09 12:15:00,4135001,INV04,25740.518,24968.302,90.18,740914.23
2026-08-09 12:30:00,4135001,INV01,22826.422,22141.629,96.817,651283.044
2026-08-09 12:30:00,4135001,INV02,22810.866,22126.54,93.664,881757.691
2026-08-09 12:30:00,4135001,INV03,24215.715,23489.244,93.575,794257.384
2026-08-09 12:30:00,4135001,INV04,22824.19,22139.464,95.715,740919.765
2026-08-09 12:45:00,4135001,INV01,25437.415,24674.293,102.986,651289.212
2026-08-09 12:45:00,4135001,INV02,26274.118,25485.894,100.035,881764.063
2026-08-09 12:45:00,4135001,INV03,26191.743,25405.991,99.927,794263.736
2026-08-09 12:45:00,4135001,INV04,26456.146,25662.461,102.131,740926.181
2026-08-09 13:00:00,4135001,INV01,26478.131,25683.787,109.407,651295.633
2026-08-09 13:00:00,4135001,INV02,26412.93,25620.542,106.44,881770.468
2026-08-09 13:00:00,4135001,INV03,26764.934,25961.986,106.417,794270.226
2026-08-09 13:00:00,4135001,INV04,25875.92,25099.642,108.406,740932.456
2026-08-09 13:15:00,4135001,INV01,24633.174,23894.179,115.38,651301.607
2026-08-09 13:15:00,4135001,INV02,25290.079,24531.377,112.573,881776.601
2026-08-09 13:15:00,4135001,INV03,25580.445,24813.032,112.621,794276.429
2026-08-09 13:15:00,4135001,INV04,24122.254,23398.587,114.255,740938.305
2026-08-09 13:30:00,4135001,INV01,4804.498,4660.363,116.545,651302.772
2026-08-09 13:30:00,4135001,INV02,25826.256,25051.469,118.836,881782.863
2026-08-09 13:30:00,4135001,INV03,25108.477,24355.222,118.709,794282.518
2026-08-09 13:30:00,4135001,INV04,24849.999,24104.499,120.281,740944.331
2026-08-09 13:45:00,4135001,INV01,19889.228,19292.551,121.368,651307.595
2026-08-09 13:45:00,4135001,INV02,19627.161,19038.346,123.595,881787.623
2026-08-09 13:45:00,4135001,INV03,20186.43,19580.837,123.605,794287.413
2026-08-09 13:45:00,4135001,INV04,20797.588,20173.66,125.325,740949.375
2026-08-09 14:00:00,4135001,INV01,24928.344,24180.493,127.413,651313.64
2026-08-09 14:00:00,4135001,INV02,23745.952,23033.573,129.354,881793.381
2026-08-09 14:00:00,4135001,INV03,25117.734,24364.202,129.696,794293.504
2026-08-09 14:00:00,4135001,INV04,23981.375,23261.934,131.14,740955.19
2026-08-09 14:15:00,4135001,INV01,18241.693,17694.442,131.837,651318.064
2026-08-09 14:15:00,4135001,INV02,18870.715,18304.593,133.93,881797.958
2026-08-09 14:15:00,4135001,INV03,17802.097,17268.034,134.013,794297.821
2026-08-09 14:15:00,4135001,INV04,18114.586,17571.149,135.533,740959.583
2026-08-09 14:30:00,4135001,INV01,17227.648,16710.819,136.015,651322.241
2026-08-09 14:30:00,4135001,INV02,16826.417,16321.625,138.01,881802.038
2026-08-09 14:30:00,4135001,INV03,16625.595,16126.827,138.044,794301.853
2026-08-09 14:30:00,4135001,INV04,16725.653,16223.883,139.589,740963.639
2026-08-09 14:45:00,4135001,INV01,16777.369,16274.048,140.083,651326.31
2026-08-09 14:45:00,4135001,INV02,16909.996,16402.696,142.111,881806.139
2026-08-09 14:45:00,4135001,INV03,17321.742,16802.09,142.245,794306.054
2026-08-09 14:45:00,4135001,INV04,17215.317,16698.858,143.764,740967.814
2026-08-09 15:00:00,4135001,INV01,15009.42,14559.137,143.723,651329.95
2026-08-09 15:00:00,4135001,INV02,15002.621,14552.542,145.749,881809.777
2026-08-09 15:00:00,4135001,INV03,15458.337,14994.587,145.994,794309.802
2026-08-09 15:00:00,4135001,INV04,15196.778,14740.874,147.449,740971.499
2026-08-09 15:15:00,4135001,INV01,15602.909,15134.822,147.507,651333.733
2026-08-09 15:15:00,4135001,INV02,15391.043,14929.311,149.481,881813.509
2026-08-09 15:15:00,4135001,INV03,15450.164,14986.659,149.74,794313.549
2026-08-09 15:15:00,4135001,INV04,16380.237,15888.83,151.421,740975.471
2026-08-09 15:30:00,4135001,INV01,9723.55,9431.843,149.865,651336.091
2026-08-09 15:30:00,4135001,INV02,9816.895,9522.388,151.862,881815.89
2026-08-09 15:30:00,4135001,INV03,9641.617,9352.368,152.078,794315.887
2026-08-09 15:30:00,4135001,INV04,9986.541,9686.945,153.843,740977.893
2026-08-09 15:45:00,4135001,INV01,9839.702,9544.511,152.251,651338.478
2026-08-09 15:45:00,4135001,INV02,9634.0,9344.98,154.198,881818.226
2026-08-09 15:45:00,4135001,INV03,9530.263,9244.355,154.389,794318.198
2026-08-09 15:45:00,4135001,INV04,10242.881,9935.594,156.327,740980.377
2026-08-09 16:00:00,4135001,INV01,7771.369,7538.228,154.135,651340.362
2026-08-09 16:00:00,4135001,INV02,7331.488,7111.544,155.976,881820.004
2026-08-09 16:00:00,4135001,INV03,7612.792,7384.409,156.235,794320.044
2026-08-09 16:00:00,4135001,INV04,7706.368,7475.177,158.196,740982.246
2026-08-09 16:15:00,4135001,INV01,11028.907,10698.04,156.81,651343.037
2026-08-09 16:15:00,4135001,INV02,11101.196,10768.16,158.668,881822.696
2026-08-09 16:15:00,4135001,INV03,10873.119,10546.925,158.872,794322.681
2026-08-09 16:15:00,4135001,INV04,10422.195,10109.529,160.723,740984.773
2026-08-09 16:30:00,4135001,INV01,8696.989,8436.08,158.919,651345.146
2026-08-09 16:30:00,4135001,INV02,9170.735,8895.613,160.892,881824.92
2026-08-09 16:30:00,4135001,INV03,8936.018,8667.937,161.039,794324.848
2026-08-09 16:30:00,4135001,INV04,8897.935,8630.997,162.881,740986.931
2026-08-09 16:45:00,4135001,INV01,6497.103,6302.19,160.494,651346.721
2026-08-09 16:45:00,4135001,INV02,6830.571,6625.654,162.549,881826.576
2026-08-09 16:45:00,4135001,INV03,6775.682,6572.412,162.682,794326.491
2026-08-09 16:45:00,4135001,INV04,6643.248,6443.951,164.492,740988.542
2026-08-09 17:00:00,4135001,INV01,7835.046,7599.995,162.394,651348.621
2026-08-09 17:00:00,4135001,INV02,7749.673,7517.183,164.428,881828.455
2026-08-09 17:00:00,4135001,INV03,7495.627,7270.758,164.5,794328.309
2026-08-09 17:00:00,4135001,INV04,7952.075,7713.513,166.42,740990.47
2026-08-09 17:15:00,4135001,INV01,7911.46,7674.116,164.313,651350.54
2026-08-09 17:15:00,4135001,INV02,8072.253,7830.085,166.385,881830.413
2026-08-09 17:15:00,4135001,INV03,7706.154,7474.969,166.369,794330.177
2026-08-09 17:15:00,4135001,INV04,7771.047,7537.916,168.305,740992.355
2026-08-09 17:30:00,4135001,INV01,7248.941,7031.473,166.071,651352.298
2026-08-09 17:30:00,4135001,INV02,7276.196,7057.91,168.15,881832.177
2026-08-09 17:30:00,4135001,INV03,6896.295,6689.406,168.041,794331.85
2026-08-09 17:30:00,4135001,INV04,7252.2,7034.634,170.063,740994.113
2026-08-09 17:45:00,4135001,INV01,4823.239,4678.542,167.24,651353.467
2026-08-09 17:45:00,4135001,INV02,4951.43,4802.888,169.351,881833.378
2026-08-09 17:45:00,4135001,INV03,4853.489,4707.884,169.218,794333.027
2026-08-09 17:45:00,4135001,INV04,4659.687,4519.897,171.193,740995.243
2026-08-09 18:00:00,4135001,INV01,3636.794,3527.691,168.122,651354.349
2026-08-09 18:00:00,4135001,INV02,3590.929,3483.201,170.221,881834.249
2026-08-09 18:00:00,4135001,INV03,3636.506,3527.411,170.1,794333.909
2026-08-09 18:00:00,4135001,INV04,3843.596,3728.288,172.125,740996.175
2026-08-09 18:15:00,4135001,INV01,3258.386,3160.634,168.913,651355.139
2026-08-09 18:15:00,4135001,INV02,3184.671,3089.131,170.994,881835.021
2026-08-09 18:15:00,4135001,INV03,881.684,855.234,170.314,794334.122
2026-08-09 18:15:00,4135001,INV04,3051.925,2960.367,172.865,740996.915
2026-08-09 18:30:00,4135001,INV01,2505.606,2430.438,169.52,651355.747
2026-08-09 18:30:00,4135001,INV02,2613.73,2535.318,171.628,881835.655
2026-08-09 18:30:00,4135001,INV03,2613.5,2535.095,170.947,794334.756
2026-08-09 18:30:00,4135001,INV04,2463.358,2389.457,173.463,740997.513
2026-08-09 18:45:00,4135001,INV01,0.0,0.0,169.52,651355.747
2026-08-09 18:45:00,4135001,INV02,4.96,4.812,171.629,881835.656
2026-08-09 18:45:00,4135001,INV03,0.0,0.0,170.947,794334.756
2026-08-09 18:45:00,4135001,INV04,0.0,0.0,173.463,740997.513
2026-08-09 19:00:00,4135001,INV01,0.0,0.0,169.52,651355.747
2026-08-09 19:00:00,4135001,INV02,0.0,0.0,171.629,881835.656
2026-08-09 19:00:00,4135001,INV03,0.0,0.0,170.947,794334.756
2026-08-09 19:00:00,4135001,INV04,5.936,5.758,173.464,740997.514
2026-08-09 19:15:00,4135001,INV01,18.974,18.405,169.525,651355.752
2026-08-09 19:15:00,4135001,INV02,0.0,0.0,171.629,881835.656
2026-08-09 19:15:00,4135001,INV03,0.0,0.0,170.947,794334.756
2026-08-09 19:15:00,4135001,INV04,3.724,3.612,173.465,740997.515
2026-08-09 19:30:00,4135001,INV01,0.0,0.0,169.525,651355.752
2026-08-09 19:30:00,4135001,INV02,0.0,0.0,171.629,881835.656
2026-08-09 19:30:00,4135001,INV03,0.0,0.0,170.947,794334.756
2026-08-09 19:30:00,4135001,INV04,15.977,15.497,173.469,740997.519
2026-08-09 19:45:00,4135001,INV01,0.0,0.0,169.525,651355.752
2026-08-09 19:45:00,4135001,INV02,0.0,0.0,171.629,881835.656
2026-08-09 19:45:00,4135001,INV03,14.145,13.721,170.951,794334.76
2026-08-09 19:45:00,4135001,INV04,0.0,0.0,173.469,740997.519
2026-08-09 20:00:00,4135001,INV01,0.0,0.0,169.525,651355.752
2026-08-09 20:00:00,4135001,INV02,16.4,15.908,171.633,881835.66
2026-08-09 20:00:00,4135001,INV03,11.341,11.0,170.954,794334.762
2026-08-09 20:00:00,4135001,INV04,12.036,11.674,173.472,740997.522
2026-08-09 20:15:00,4135001,INV01,0.0,0.0,169.525,651355.752
2026-08-09 20:15:00,4135001,INV02,10.351,10.04,171.635,881835.663
2026-08-09 20:15:00,4135001,INV03,0.0,0.0,170.954,794334.762
2026-08-09 20:15:00,4135001,INV04,3.579,3.472,173.473,740997.523
2026-08-09 20:30:00,4135001,INV01,14.995,14.545,169.528,651355.755
2026-08-09 20:30:00,4135001,INV02,0.0,0.0,171.635,881835.663
2026-08-09 20:30:00,4135001,INV03,0.0,0.0,170.954,794334.762
2026-08-09 20:30:00,4135001,INV04,0.0,0.0,173.473,740997.523
2026-08-09 20:45:00,4135001,INV01,3.15,3.055,169.529,651355.756
2026-08-09 20:45:00,4135001,INV02,0.0,0.0,171.635,881835.663
2026-08-09 20:45:00,4135001,INV03,0.0,0.0,170.954,794334.762
2026-08-09 20:45:00,4135001,INV04,16.582,16.085,173.477,740997.527
2026-08-09 21:00:00,4135001,INV01,3.381,3.28,169.53,651355.757
2026-08-09 21:00:00,4135001,INV02,10.526,10.21,171.638,881835.665
2026-08-09 21:00:00,4135001,INV03,1.879,1.823,170.954,794334.763
2026-08-09 21:00:00,4135001,INV04,0.0,0.0,173.477,740997.527
2026-08-09 21:15:00,4135001,INV01,3.967,3.848,169.531,651355.758
2026-08-09 21:15:00,4135001,INV02,0.0,0.0,171.638,881835.665
2026-08-09 21:15:00,4135001,INV03,0.0,0.0,170.954,794334.763
2026-08-09 21:15:00,4135001,INV04,0.0,0.0,173.477,740997.527
2026-08-09 21:30:00,4135001,INV01,5.675,5.504,169.532,651355.759
2026-08-09 21:30:00,4135001,INV02,0.0,0.0,171.638,881835.665
2026-08-09 21:30:00,4135001,INV03,0.0,0.0,170.954,794334.763
2026-08-09 21:30:00,4135001,INV04,22.07,21.408,173.482,740997.532
2026-08-09 21:45:00,4135001,INV01,11.168,10.833,169.535,651355.762
2026-08-09 21:45:00,4135001,INV02,0.0,0.0,171.638,881835.665
2026-08-09 21:45:00,4135001,INV03,5.277,5.119,170.955,794334.764
2026-08-09 21:45:00,4135001,INV04,4.631,4.492,173.483,740997.533
2026-08-09 22:00:00,4135001,INV01,0.0,0.0,169.535,651355.762
2026-08-09 22:00:00,4135001,INV02,0.0,0.0,171.638,881835.665
2026-08-09 22:00:00,4135001,INV03,0.0,0.0,170.955,794334.764
2026-08-09 22:00:00,4135001,INV04,0.0,0.0,173.483,740997.533
2026-08-09 22:15:00,4135001,INV01,0.0,0.0,169.535,651355.762
2026-08-09 22:15:00,4135001,INV02,0.0,0.0,171.638,881835.665
2026-08-09 22:15:00,4135001,INV03,0.0,0.0,170.955,794334.764
2026-08-09 22:15:00,4135001,INV04,23.361,22.66,173.489,740997.539
2026-08-09 22:30:00,4135001,INV01,6.755,6.552,169.537,651355.763
2026-08-09 22:30:00,4135001,INV02,0.244,0.237,171.638,881835.665
2026-08-09 22:30:00,4135001,INV03,7.937,7.699,170.957,794334.766
2026-08-09 22:30:00,4135001,INV04,15.67,15.2,173.493,740997.543
2026-08-09 22:45:00,4135001,INV01,0.0,0.0,169.537,651355.763
2026-08-09 22:45:00,4135001,INV02,18.311,17.762,171.642,881835.67
2026-08-09 22:45:00,4135001,INV03,26.082,25.3,170.964,794334.772
2026-08-09 22:45:00,4135001,INV04,0.0,0.0,173.493,740997.543
2026-08-09 23:00:00,4135001,INV01,0.0,0.0,169.537,651355.763
2026-08-09 23:00:00,4135001,INV02,6.607,6.409,171.644,881835.671
2026-08-09 23:00:00,4135001,INV03,0.0,0.0,170.964,794334.772
2026-08-09 23:00:00,4135001,INV04,9.86,9.564,173.495,740997.545
2026-08-09 23:15:00,4135001,INV01,13.493,13.089,169.54,651355.767
2026-08-09 23:15:00,4135001,INV02,0.0,0.0,171.644,881835.671
2026-08-09 23:15:00,4135001,INV03,5.921,5.744,170.965,794334.774
2026-08-09 23:15:00,4135001,INV04,2.705,2.624,173.496,740997.546
2026-08-09 23:30:00,4135001,INV01,0.0,0.0,169.54,651355.767
2026-08-09 23:30:00,4135001,INV02,0.0,0.0,171.644,881835.671
2026-08-09 23:30:00,4135001,INV03,22.06,21.398,170.97,794334.779
2026-08-09 23:30:00,4135001,INV04,0.0,0.0,173.496,740997.546
2026-08-09 23:45:00,4135001,INV01,13.664,13.254,169.543,651355.77
2026-08-09 23:45:00,4135001,INV02,0.0,0.0,171.644,881835.671
2026-08-09 23:45:00,4135001,INV03,16.692,16.191,170.974,794334.783
2026-08-09 23:45:00,4135001,INV04,19.875,19.279,173.501,740997.551
2026-08-10 00:00:00,4135001,INV01,35.394,34.332,0.009,651355.779
2026-08-10 00:00:00,4135001,INV02,0.0,0.0,0.0,881835.671
2026-08-10 00:00:00,4135001,INV03,0.0,0.0,0.0,794334.783
2026-08-10 00:00:00,4135001,INV04,9.917,9.62,0.002,740997.553
2026-08-10 00:15:00,4135001,INV01,14.001,13.581,0.012,651355.782
2026-08-10 00:15:00,4135001,INV02,0.0,0.0,0.0,881835.671
2026-08-10 00:15:00,4135001,INV03,0.0,0.0,0.0,794334.783
2026-08-10 00:15:00,4135001,INV04,18.182,17.637,0.007,740997.557
2026-08-10 00:30:00,4135001,INV01,11.493,11.148,0.015,651355.785
2026-08-10 00:30:00,4135001,INV02,11.372,11.031,0.003,881835.674
2026-08-10 00:30:00,4135001,INV03,0.0,0.0,0.0,794334.783
2026-08-10 00:30:00,4135001,INV04,0.0,0.0,0.007,740997.557
2026-08-10 00:45:00,4135001,INV01,0.0,0.0,0.015,651355.785
2026-08-10 00:45:00,4135001,INV02,11.742,11.39,0.006,881835.677
2026-08-10 00:45:00,4135001,INV03,13.86,13.444,0.003,794334.787
2026-08-10 00:45:00,4135001,INV04,7.458,7.235,0.009,740997.559
2026-08-10 01:00:00,4135001,INV01,31.688,30.737,0.022,651355.792
2026-08-10 01:00:00,4135001,INV02,0.0,0.0,0.006,881835.677
2026-08-10 01:00:00,4135001,INV03,14.363,13.932,0.007,794334.79
2026-08-10 01:00:00,4135001,INV04,28.528,27.672,0.016,740997.566
2026-08-10 01:15:00,4135001,INV01,4.254,4.127,0.023,651355.793
2026-08-10 01:15:00,4135001,INV02,0.0,0.0,0.006,881835.677
2026-08-10 01:15:00,4135001,INV03,9.838,9.543,0.009,794334.792
2026-08-10 01:15:00,4135001,INV04,1.137,1.103,0.016,740997.566
2026-08-10 01:30:00,4135001,INV01,0.0,0.0,0.023,651355.793
2026-08-10 01:30:00,4135001,INV02,0.0,0.0,0.006,881835.677
2026-08-10 01:30:00,4135001,INV03,22.996,22.306,0.015,794334.798
2026-08-10 01:30:00,4135001,INV04,6.365,6.174,0.017,740997.568
2026-08-10 01:45:00,4135001,INV01,7.533,7.307,0.025,651355.795
2026-08-10 01:45:00,4135001,INV02,0.0,0.0,0.006,881835.677
2026-08-10 01:45:00,4135001,INV03,19.317,18.738,0.019,794334.803
2026-08-10 01:45:00,4135001,INV04,0.022,0.021,0.017,740997.568
2026-08-10 02:00:00,4135001,INV01,0.0,0.0,0.025,651355.795
2026-08-10 02:00:00,4135001,INV02,21.558,20.911,0.011,881835.682
2026-08-10 02:00:00,4135001,INV03,0.0,0.0,0.019,794334.803
2026-08-10 02:00:00,4135001,INV04,0.0,0.0,0.017,740997.568
2026-08-10 02:15:00,4135001,INV01,3.0,2.91,0.026,651355.796
2026-08-10 02:15:00,4135001,INV02,10.685,10.364,0.013,881835.685
2026-08-10 02:15:00,4135001,INV03,8.717,8.456,0.022,794334.805
2026-08-10 02:15:00,4135001,INV04,0.0,0.0,0.017,740997.568
2026-08-10 02:30:00,4135001,INV01,0.0,0.0,0.026,651355.796
2026-08-10 02:30:00,4135001,INV02,0.0,0.0,0.013,881835.685
2026-08-10 02:30:00,4135001,INV03,0.0,0.0,0.022,794334.805
2026-08-10 02:30:00,4135001,INV04,0.0,0.0,0.017,740997.568
2026-08-10 02:45:00,4135001,INV01,0.0,0.0,0.026,651355.796
2026-08-10 02:45:00,4135001,INV02,0.0,0.0,0.013,881835.685
2026-08-10 02:45:00,4135001,INV03,0.0,0.0,0.022,794334.805
2026-08-10 02:45:00,4135001,INV04,0.0,0.0,0.017,740997.568
2026-08-10 03:00:00,4135001,INV01,7.581,7.354,0.028,651355.798
2026-08-10 03:00:00,4135001,INV02,0.0,0.0,0.013,881835.685
2026-08-10 03:00:00,4135001,INV03,0.0,0.0,0.022,794334.805
2026-08-10 03:00:00,4135001,INV04,0.0,0.0,0.017,740997.568
2026-08-10 03:15:00,4135001,INV01,0.0,0.0,0.028,651355.798
2026-08-10 03:15:00,4135001,INV02,4.512,4.377,0.015,881835.686
2026-08-10 03:15:00,4135001,INV03,0.0,0.0,0.022,794334.805
2026-08-10 03:15:00,4135001,INV04,9.283,9.005,0.02,740997.57
2026-08-10 03:30:00,4135001,INV01,0.0,0.0,0.028,651355.798
2026-08-10 03:30:00,4135001,INV02,15.019,14.568,0.018,881835.69
2026-08-10 03:30:00,4135001,INV03,11.907,11.55,0.024,794334.808
2026-08-10 03:30:00,4135001,INV04,0.0,0.0,0.02,740997.57
2026-08-10 03:45:00,4135001,INV01,10.683,10.362,0.03,651355.8
2026-08-10 03:45:00,4135001,INV02,0.0,0.0,0.018,881835.69
2026-08-10 03:45:00,4135001,INV03,21.242,20.605,0.03,794334.813
2026-08-10 03:45:00,4135001,INV04,50.667,49.147,0.032,740997.582
2026-08-10 04:00:00,4135001,INV01,0.0,0.0,0.03,651355.8
2026-08-10 04:00:00,4135001,INV02,1.68,1.629,0.019,881835.69
2026-08-10 04:00:00,4135001,INV03,0.0,0.0,0.03,794334.813
2026-08-10 04:00:00,4135001,INV04,0.0,0.0,0.032,740997.582
2026-08-10 04:15:00,4135001,INV01,20.547,19.93,0.035,651355.805
2026-08-10 04:15:00,4135001,INV02,0.801,0.777,0.019,881835.69
2026-08-10 04:15:00,4135001,INV03,9.422,9.139,0.032,794334.815
2026-08-10 04:15:00,4135001,INV04,0.0,0.0,0.032,740997.582
2026-08-10 04:30:00,4135001,INV01,9.737,9.445,0.038,651355.808
2026-08-10 04:30:00,4135001,INV02,0.0,0.0,0.019,881835.69
2026-08-10 04:30:00,4135001,INV03,0.0,0.0,0.032,794334.815
2026-08-10 04:30:00,4135001,INV04,0.0,0.0,0.032,740997.582
2026-08-10 04:45:00,4135001,INV01,0.851,0.825,0.038,651355.808
2026-08-10 04:45:00,4135001,INV02,0.0,0.0,0.019,881835.69
2026-08-10 04:45:00,4135001,INV03,0.0,0.0,0.032,794334.815
2026-08-10 04:45:00,4135001,INV04,9.077,8.805,0.034,740997.585
2026-08-10 05:00:00,4135001,INV01,6.181,5.996,0.04,651355.81
2026-08-10 05:00:00,4135001,INV02,7.878,7.641,0.021,881835.692
2026-08-10 05:00:00,4135001,INV03,0.0,0.0,0.032,794334.815
2026-08-10 05:00:00,4135001,INV04,1.775,1.722,0.035,740997.585
2026-08-10 05:15:00,4135001,INV01,0.0,0.0,0.04,651355.81
2026-08-10 05:15:00,4135001,INV02,0.0,0.0,0.021,881835.692
2026-08-10 05:15:00,4135001,INV03,0.0,0.0,0.032,794334.815
2026-08-10 05:15:00,4135001,INV04,0.0,0.0,0.035,740997.585
2026-08-10 05:30:00,4135001,INV01,22.953,22.264,0.045,651355.815
2026-08-10 05:30:00,4135001,INV02,0.516,0.5,0.021,881835.692
2026-08-10 05:30:00,4135001,INV03,0.0,0.0,0.032,794334.815
2026-08-10 05:30:00,4135001,INV04,2.763,2.68,0.035,740997.586
2026-08-10 05:45:00,4135001,INV01,0.0,0.0,0.045,651355.815
2026-08-10 05:45:00,4135001,INV02,0.0,0.0,0.021,881835.692
2026-08-10 05:45:00,4135001,INV03,8.455,8.201,0.034,794334.817
2026-08-10 05:45:00,4135001,INV04,0.0,0.0,0.035,740997.586
2026-08-10 06:00:00,4135001,INV01,2238.888,2171.721,0.588,651356.358
2026-08-10 06:00:00,4135001,INV02,2094.739,2031.897,0.529,881836.2
2026-08-10 06:00:00,4135001,INV03,2203.064,2136.972,0.568,794335.351
2026-08-10 06:00:00,4135001,INV04,2249.652,2182.163,0.581,740998.131
2026-08-10 06:15:00,4135001,INV01,4074.495,3952.26,1.576,651357.346
2026-08-10 06:15:00,4135001,INV02,4153.215,4028.618,1.536,881837.207
2026-08-10 06:15:00,4135001,INV03,4062.418,3940.546,1.553,794336.337
2026-08-10 06:15:00,4135001,INV04,4196.718,4070.816,1.598,740999.149
2026-08-10 06:30:00,4135001,INV01,1119.208,1085.631,1.847,651357.617
2026-08-10 06:30:00,4135001,INV02,1107.033,1073.822,1.804,881837.476
2026-08-10 06:30:00,4135001,INV03,1096.65,1063.75,1.819,794336.603
2026-08-10 06:30:00,4135001,INV04,1100.284,1067.276,1.865,740999.416
2026-08-10 06:45:00,4135001,INV01,5807.933,5633.695,3.256,651359.026
2026-08-10 06:45:00,4135001,INV02,5423.186,5260.491,3.12,881838.791
2026-08-10 06:45:00,4135001,INV03,5581.912,5414.455,3.173,794337.956
2026-08-10 06:45:00,4135001,INV04,5717.89,5546.353,3.252,741000.802
2026-08-10 07:00:00,4135001,INV01,4875.607,4729.339,4.438,651360.208
2026-08-10 07:00:00,4135001,INV02,4711.559,4570.212,4.262,881839.933
2026-08-10 07:00:00,4135001,INV03,5006.995,4856.785,4.387,794339.17
2026-08-10 07:00:00,4135001,INV04,4913.536,4766.13,4.443,741001.994
2026-08-10 07:15:00,4135001,INV01,7053.289,6841.691,6.149,651361.919
2026-08-10 07:15:00,4135001,INV02,6870.758,6664.636,5.928,881841.6
2026-08-10 07:15:00,4135001,INV03,7266.922,7048.914,6.149,794340.933
2026-08-10 07:15:00,4135001,INV04,6959.698,6750.907,6.131,741003.682
2026-08-10 07:30:00,4135001,INV01,2170.879,2105.752,6.675,651362.445
2026-08-10 07:30:00,4135001,INV02,2089.526,2026.841,6.435,881842.106
2026-08-10 07:30:00,4135001,INV03,2147.572,2083.145,6.67,794341.453
2026-08-10 07:30:00,4135001,INV04,2150.687,2086.167,6.653,741004.203
2026-08-10 07:45:00,4135001,INV01,9802.409,9508.336,9.052,651364.822
2026-08-10 07:45:00,4135001,INV02,9859.693,9563.903,8.826,881844.497
2026-08-10 07:45:00,4135001,INV03,9348.672,9068.211,8.937,794343.72
2026-08-10 07:45:00,4135001,INV04,9469.569,9185.482,8.949,741006.5
2026-08-10 08:00:00,4135001,INV01,8064.179,7822.254,11.008,651366.778
2026-08-10 08:00:00,4135001,INV02,8143.105,7898.811,10.801,881846.472
2026-08-10 08:00:00,4135001,INV03,8005.244,7765.087,10.878,794345.662
2026-08-10 08:00:00,4135001,INV04,8337.365,8087.244,10.971,741008.521
2026-08-10 08:15:00,4135001,INV01,10767.842,10444.807,13.619,651369.389
2026-08-10 08:15:00,4135001,INV02,10800.146,10476.141,13.42,881849.091
2026-08-10 08:15:00,4135001,INV03,11094.447,10761.614,13.569,794348.352
2026-08-10 08:15:00,4135001,INV04,11267.395,10929.374,13.703,741011.254
2026-08-10 08:30:00,4135001,INV01,11864.018,11508.098,16.496,651372.266
2026-08-10 08:30:00,4135001,INV02,11737.361,11385.24,16.266,881851.937
2026-08-10 08:30:00,4135001,INV03,11140.142,10805.938,16.27,794351.054
2026-08-10 08:30:00,4135001,INV04,11140.634,10806.415,16.405,741013.955
2026-08-10 08:45:00,4135001,INV01,15482.607,15018.128,20.251,651376.021
2026-08-10 08:45:00,4135001,INV02,15107.778,14654.544,19.93,881855.601
2026-08-10 08:45:00,4135001,INV03,15476.511,15012.216,20.023,794354.807
2026-08-10 08:45:00,4135001,INV04,15448.46,14985.006,20.151,741017.702
2026-08-10 09:00:00,4135001,INV01,11709.165,11357.89,23.09,651378.86
2026-08-10 09:00:00,4135001,INV02,12306.861,11937.655,22.914,881858.585
2026-08-10 09:00:00,4135001,INV03,12313.086,11943.693,23.009,794357.793
2026-08-10 09:00:00,4135001,INV04,2026.557,1965.76,20.642,741018.193
2026-08-10 09:15:00,4135001,INV01,15836.427,15361.334,26.93,651382.7
2026-08-10 09:15:00,4135001,INV02,15824.678,15349.938,26.751,881862.423
2026-08-10 09:15:00,4135001,INV03,16580.921,16083.493,27.03,794361.813
2026-08-10 09:15:00,4135001,INV04,15491.099,15026.366,24.399,741021.95
2026-08-10 09:30:00,4135001,INV01,18442.926,17889.639,31.403,651387.173
2026-08-10 09:30:00,4135001,INV02,5497.665,5332.735,28.085,881863.756
2026-08-10 09:30:00,4135001,INV03,18929.599,18361.711,31.621,794366.404
2026-08-10 09:30:00,4135001,INV04,17816.606,17282.108,28.72,741026.27
2026-08-10 09:45:00,4135001,INV01,6154.495,5969.86,32.895,651388.665
2026-08-10 09:45:00,4135001,INV02,20279.8,19671.406,33.003,881868.674
2026-08-10 09:45:00,4135001,INV03,20195.108,19589.255,36.518,794371.301
2026-08-10 09:45:00,4135001,INV04,19773.499,19180.294,33.515,741031.065
2026-08-10 10:00:00,4135001,INV01,20298.1,19689.157,37.817,651393.587
2026-08-10 10:00:00,4135001,INV02,19505.38,18920.218,37.733,881873.404
2026-08-10 10:00:00,4135001,INV03,20373.941,19762.723,41.459,794376.242
2026-08-10 10:00:00,4135001,INV04,20570.213,19953.106,38.503,741036.054
2026-08-10 10:15:00,4135001,INV01,20539.156,19922.981,42.798,651398.568
2026-08-10 10:15:00,4135001,INV02,6778.634,6575.275,39.376,881875.048
2026-08-10 10:15:00,4135001,INV03,20460.851,19847.025,46.42,794381.204
2026-08-10 10:15:00,4135001,INV04,20689.626,20068.937,43.52,741041.071
2026-08-10 10:30:00,4135001,INV01,22698.684,22017.723,48.303,651404.073
2026-08-10 10:30:00,4135001,INV02,22009.402,21349.12,44.714,881880.385
2026-08-10 10:30:00,4135001,INV03,21525.479,20879.715,51.64,794386.424
2026-08-10 10:30:00,4135001,INV04,21618.877,20970.311,48.763,741046.313
2026-08-10 10:45:00,4135001,INV01,24066.305,23344.316,54.139,651409.909
2026-08-10 10:45:00,4135001,INV02,23891.817,23175.063,50.507,881886.179
2026-08-10 10:45:00,4135001,INV03,23395.453,22693.59,57.314,794392.097
2026-08-10 10:45:00,4135001,INV04,23569.235,22862.158,54.478,741052.029
2026-08-10 11:00:00,4135001,INV01,21496.914,20852.007,59.352,651415.122
2026-08-10 11:00:00,4135001,INV02,20466.846,19852.841,55.471,881891.142
2026-08-10 11:00:00,4135001,INV03,20585.525,19967.959,62.306,794397.089
2026-08-10 11:00:00,4135001,INV04,21573.467,20926.263,59.71,741057.26
2026-08-10 11:15:00,4135001,INV01,23508.207,22802.961,65.052,651420.822
2026-08-10 11:15:00,4135001,INV02,23500.924,22795.896,61.17,881896.841
2026-08-10 11:15:00,4135001,INV03,22856.955,22171.246,67.848,794402.632
2026-08-10 11:15:00,4135001,INV04,22775.051,22091.8,65.233,741062.783
2026-08-10 11:30:00,4135001,INV01,24469.383,23735.302,70.986,651426.756
2026-08-10 11:30:00,4135001,INV02,25128.078,24374.235,67.263,881902.935
2026-08-10 11:30:00,4135001,INV03,24241.04,23513.809,73.727,794408.51
2026-08-10 11:30:00,4135001,INV04,25697.292,24926.373,71.464,741069.015
2026-08-10 11:45:00,4135001,INV01,24678.629,23938.271,76.971,651432.741
2026-08-10 11:45:00,4135001,INV02,24666.377,23926.386,73.245,881908.916
2026-08-10 11:45:00,4135001,INV03,24219.827,23493.232,79.6,794414.383
2026-08-10 11:45:00,4135001,INV04,25059.843,24308.048,77.541,741075.092
2026-08-10 12:00:00,4135001,INV01,24456.057,23722.375,82.901,651438.671
2026-08-10 12:00:00,4135001,INV02,24060.328,23338.518,79.079,881914.751
2026-08-10 12:00:00,4135001,INV03,24288.309,23559.66,85.49,794420.273
2026-08-10 12:00:00,4135001,INV04,23575.879,22868.602,83.259,741080.809
2026-08-10 12:15:00,4135001,INV01,25951.835,25173.28,89.195,651444.965
2026-08-10 12:15:00,4135001,INV02,26439.606,25646.417,85.491,881921.162
2026-08-10 12:15:00,4135001,INV03,26651.811,25852.257,91.953,794426.736
2026-08-10 12:15:00,4135001,INV04,26061.563,25279.716,89.578,741087.129
2026-08-10 12:30:00,4135001,INV01,25724.735,24952.993,95.433,651451.203
2026-08-10 12:30:00,4135001,INV02,26900.137,26093.133,92.014,881927.686
2026-08-10 12:30:00,4135001,INV03,25219.235,24462.658,98.069,794432.852
2026-08-10 12:30:00,4135001,INV04,25933.574,25155.567,95.867,741093.418
2026-08-10 12:45:00,4135001,INV01,28151.196,27306.66,102.26,651458.03
2026-08-10 12:45:00,4135001,INV02,27661.67,26831.82,98.722,881934.394
2026-08-10 12:45:00,4135001,INV03,27452.698,26629.117,104.726,794439.509
2026-08-10 12:45:00,4135001,INV04,28046.18,27204.794,102.669,741100.219
2026-08-10 13:00:00,4135001,INV01,22353.757,21683.145,107.68,651463.45
2026-08-10 13:00:00,4135001,INV02,22999.452,22309.469,104.3,881939.971
2026-08-10 13:00:00,4135001,INV03,23099.545,22406.558,110.328,794445.111
2026-08-10 13:00:00,4135001,INV04,22514.658,21839.218,108.128,741105.679
2026-08-10 13:15:00,4135001,INV01,22957.224,22268.508,113.248,651469.018
2026-08-10 13:15:00,4135001,INV02,22300.68,21631.66,109.708,881945.379
2026-08-10 13:15:00,4135001,INV03,21833.273,21178.275,115.622,794450.406
2026-08-10 13:15:00,4135001,INV04,21513.274,20867.875,113.345,741110.896
2026-08-10 13:30:00,4135001,INV01,21902.599,21245.521,118.559,651474.329
2026-08-10 13:30:00,4135001,INV02,21419.375,20776.794,114.902,881950.573
2026-08-10 13:30:00,4135001,INV03,22280.781,21612.358,121.025,794455.809
2026-08-10 13:30:00,4135001,INV04,21007.327,20377.107,118.44,741115.99
2026-08-10 13:45:00,4135001,INV01,23117.438,22423.915,124.165,651479.935
2026-08-10 13:45:00,4135001,INV02,24164.951,23440.003,120.762,881956.433
2026-08-10 13:45:00,4135001,INV03,22711.798,22030.444,126.533,794461.316
2026-08-10 13:45:00,4135001,INV04,22899.683,22212.693,123.993,741121.543
2026-08-10 14:00:00,4135001,INV01,20137.235,19533.117,129.048,651484.818
2026-08-10 14:00:00,4135001,INV02,21720.591,21068.973,126.029,881961.7
2026-08-10 14:00:00,4135001,INV03,20164.274,19559.346,131.423,794466.206
2026-08-10 14:00:00,4135001,INV04,21251.17,20613.635,129.146,741126.697
2026-08-10 14:15:00,4135001,INV01,19352.151,18771.586,133.741,651489.511
2026-08-10 14:15:00,4135001,INV02,19031.74,18460.788,130.644,881966.316
2026-08-10 14:15:00,4135001,INV03,18785.994,18222.414,135.979,794470.762
2026-08-10 14:15:00,4135001,INV04,19026.435,18455.642,133.76,741131.311
2026-08-10 14:30:00,4135001,INV01,15858.975,15383.206,137.587,651493.357
2026-08-10 14:30:00,4135001,INV02,16388.51,15896.854,134.618,881970.29
2026-08-10 14:30:00,4135001,INV03,16655.482,16155.817,140.017,794474.801
2026-08-10 14:30:00,4135001,INV04,16510.67,16015.35,137.764,741135.315
2026-08-10 14:45:00,4135001,INV01,17752.314,17219.745,141.892,651497.662
2026-08-10 14:45:00,4135001,INV02,17267.703,16749.672,138.806,881974.477
2026-08-10 14:45:00,4135001,INV03,18292.887,17744.1,144.454,794479.237
2026-08-10 14:45:00,4135001,INV04,17380.802,16859.378,141.979,741139.529
2026-08-10 15:00:00,4135001,INV01,16813.824,16309.409,145.969,651501.739
2026-08-10 15:00:00,4135001,INV02,16832.149,16327.185,142.888,881978.559
2026-08-10 15:00:00,4135001,INV03,16834.526,16329.49,148.536,794483.319
2026-08-10 15:00:00,4135001,INV04,17166.111,16651.128,146.142,741143.692
2026-08-10 15:15:00,4135001,INV01,17295.551,16776.684,150.163,651505.933
2026-08-10 15:15:00,4135001,INV02,17582.198,17054.732,147.151,881982.823
2026-08-10 15:15:00,4135001,INV03,17332.811,16812.827,152.739,794487.522
2026-08-10 15:15:00,4135001,INV04,17028.449,16517.596,150.271,741147.822
2026-08-10 15:30:00,4135001,INV01,14473.262,14039.064,153.673,651509.443
2026-08-10 15:30:00,4135001,INV02,13978.568,13559.211,150.541,881986.213
2026-08-10 15:30:00,4135001,INV03,13522.05,13116.389,156.018,794490.801
2026-08-10 15:30:00,4135001,INV04,13419.387,13016.806,153.525,741151.076
2026-08-10 15:45:00,4135001,INV01,13090.095,12697.392,156.848,651512.618
2026-08-10 15:45:00,4135001,INV02,12371.411,12000.269,153.541,881989.213
2026-08-10 15:45:00,4135001,INV03,12922.01,12534.349,159.152,794493.935
2026-08-10 15:45:00,4135001,INV04,12300.866,11931.84,156.508,741154.059
2026-08-10 16:00:00,4135001,INV01,13980.089,13560.686,160.238,651516.008
2026-08-10 16:00:00,4135001,INV02,13568.468,13161.414,156.832,881992.503
2026-08-10 16:00:00,4135001,INV03,14498.009,14063.069,162.668,794497.451
2026-08-10 16:00:00,4135001,INV04,14430.205,13997.299,160.007,741157.558
2026-08-10 16:15:00,4135001,INV01,9010.273,8739.965,162.423,651518.193
2026-08-10 16:15:00,4135001,INV02,8552.701,8296.12,158.906,881994.577
2026-08-10 16:15:00,4135001,INV03,8505.402,8250.24,164.73,794499.513
2026-08-10 16:15:00,4135001,INV04,8687.18,8426.565,162.114,741159.665
2026-08-10 16:30:00,4135001,INV01,8298.386,8049.435,164.435,651520.205
2026-08-10 16:30:00,4135001,INV02,8529.694,8273.803,160.974,881996.645
2026-08-10 16:30:00,4135001,INV03,8529.998,8274.098,166.799,794501.582
2026-08-10 16:30:00,4135001,INV04,8104.023,7860.902,164.079,741161.63
2026-08-10 16:45:00,4135001,INV01,8443.846,8190.531,166.483,651522.253
2026-08-10 16:45:00,4135001,INV02,8329.016,8079.146,162.994,881998.665
2026-08-10 16:45:00,4135001,INV03,8360.499,8109.684,168.826,794503.609
2026-08-10 16:45:00,4135001,INV04,8010.505,7770.19,166.022,741163.572
2026-08-10 17:00:00,4135001,INV01,6175.187,5989.931,167.98,651523.75
2026-08-10 17:00:00,4135001,INV02,6123.25,5939.553,164.479,882000.15
2026-08-10 17:00:00,4135001,INV03,6438.175,6245.03,170.387,794505.171
2026-08-10 17:00:00,4135001,INV04,6244.813,6057.469,167.536,741165.087
2026-08-10 17:15:00,4135001,INV01,6474.513,6280.278,169.55,651525.32
2026-08-10 17:15:00,4135001,INV02,6281.369,6092.928,166.002,882001.673
2026-08-10 17:15:00,4135001,INV03,6446.717,6253.315,171.951,794506.734
2026-08-10 17:15:00,4135001,INV04,6627.916,6429.078,169.144,741166.694
2026-08-10 17:30:00,4135001,INV01,2747.048,2664.637,170.216,651525.986
2026-08-10 17:30:00,4135001,INV02,2604.959,2526.811,166.634,882002.305
2026-08-10 17:30:00,4135001,INV03,2787.238,2703.621,172.627,794507.41
2026-08-10 17:30:00,4135001,INV04,2628.719,2549.857,169.781,741167.332
2026-08-10 17:45:00,4135001,INV01,4515.648,4380.179,171.311,651527.081
2026-08-10 17:45:00,4135001,INV02,4202.0,4075.94,167.653,882003.324
2026-08-10 17:45:00,4135001,INV03,4356.707,4226.006,173.683,794508.466
2026-08-10 17:45:00,4135001,INV04,4155.888,4031.211,170.789,741168.339
2026-08-10 18:00:00,4135001,INV01,1256.146,1218.461,171.616,651527.386
2026-08-10 18:00:00,4135001,INV02,3233.401,3136.399,168.437,882004.108
2026-08-10 18:00:00,4135001,INV03,1047.403,1015.981,173.937,794508.72
2026-08-10 18:00:00,4135001,INV04,3170.971,3075.842,171.558,741169.108
2026-08-10 18:15:00,4135001,INV01,3860.374,3744.563,172.552,651528.322
2026-08-10 18:15:00,4135001,INV02,3637.102,3527.989,169.319,882004.99
2026-08-10 18:15:00,4135001,INV03,3614.638,3506.199,174.814,794509.597
2026-08-10 18:15:00,4135001,INV04,3653.013,3543.423,172.444,741169.994
2026-08-10 18:30:00,4135001,INV01,5301.958,5142.899,173.838,651529.608
2026-08-10 18:30:00,4135001,INV02,5336.491,5176.396,170.613,882006.284
2026-08-10 18:30:00,4135001,INV03,4954.917,4806.27,176.015,794510.798
2026-08-10 18:30:00,4135001,INV04,5053.386,4901.784,173.669,741171.22
2026-08-10 18:45:00,4135001,INV01,13.481,13.076,173.841,651529.611
2026-08-10 18:45:00,4135001,INV02,0.0,0.0,170.613,882006.284
2026-08-10 18:45:00,4135001,INV03,29.395,28.513,176.022,794510.806
2026-08-10 18:45:00,4135001,INV04,4.699,4.558,173.67,741171.221
2026-08-10 19:00:00,4135001,INV01,0.0,0.0,173.841,651529.611
2026-08-10 19:00:00,4135001,INV02,14.851,14.405,170.616,882006.288
2026-08-10 19:00:00,4135001,INV03,0.0,0.0,176.022,794510.806
2026-08-10 19:00:00,4135001,INV04,10.515,10.199,173.673,741171.223
2026-08-10 19:15:00,4135001,INV01,17.671,17.141,173.845,651529.615
2026-08-10 19:15:00,4135001,INV02,0.0,0.0,170.616,882006.288
2026-08-10 19:15:00,4135001,INV03,0.0,0.0,176.022,794510.806
2026-08-10 19:15:00,4135001,INV04,2.557,2.481,173.673,741171.224
2026-08-10 19:30:00,4135001,INV01,0.0,0.0,173.845,651529.615
2026-08-10 19:30:00,4135001,INV02,0.0,0.0,170.616,882006.288
2026-08-10 19:30:00,4135001,INV03,0.0,0.0,176.022,794510.806
2026-08-10 19:30:00,4135001,INV04,1.205,1.169,173.674,741171.224
2026-08-10 19:45:00,4135001,INV01,0.0,0.0,173.845,651529.615
2026-08-10 19:45:00,4135001,INV02,0.0,0.0,170.616,882006.288
2026-08-10 19:45:00,4135001,INV03,0.0,0.0,176.022,794510.806
2026-08-10 19:45:00,4135001,INV04,0.0,0.0,173.674,741171.224
2026-08-10 20:00:00,4135001,INV01,0.0,0.0,173.845,651529.615
2026-08-10 20:00:00,4135001,INV02,0.0,0.0,170.616,882006.288
2026-08-10 20:00:00,4135001,INV03,10.615,10.297,176.025,794510.808
2026-08-10 20:00:00,4135001,INV04,7.598,7.37,173.676,741171.226
2026-08-10 20:15:00,4135001,INV01,4.963,4.814,173.847,651529.617
2026-08-10 20:15:00,4135001,INV02,25.182,24.426,170.622,882006.294
2026-08-10 20:15:00,4135001,INV03,22.219,21.552,176.03,794510.813
2026-08-10 20:15:00,4135001,INV04,11.383,11.041,173.678,741171.229
2026-08-10 20:30:00,4135001,INV01,0.0,0.0,173.847,651529.617
2026-08-10 20:30:00,4135001,INV02,18.46,17.906,170.627,882006.298
2026-08-10 20:30:00,4135001,INV03,0.78,0.757,176.03,794510.814
2026-08-10 20:30:00,4135001,INV04,1.908,1.85,173.679,741171.229
2026-08-10 20:45:00,4135001,INV01,0.0,0.0,173.847,651529.617
2026-08-10 20:45:00,4135001,INV02,0.0,0.0,170.627,882006.298
2026-08-10 20:45:00,4135001,INV03,0.0,0.0,176.03,794510.814
2026-08-10 20:45:00,4135001,INV04,0.0,0.0,173.679,741171.229
2026-08-10 21:00:00,4135001,INV01,15.074,14.622,173.85,651529.62
2026-08-10 21:00:00,4135001,INV02,0.0,0.0,170.627,882006.298
2026-08-10 21:00:00,4135001,INV03,23.434,22.731,176.036,794510.819
2026-08-10 21:00:00,4135001,INV04,44.179,42.853,173.689,741171.24
2026-08-10 21:15:00,4135001,INV01,35.525,34.459,173.859,651529.629
2026-08-10 21:15:00,4135001,INV02,12.841,12.455,170.63,882006.301
2026-08-10 21:15:00,4135001,INV03,12.241,11.874,176.039,794510.822
2026-08-10 21:15:00,4135001,INV04,17.645,17.116,173.694,741171.244
2026-08-10 21:30:00,4135001,INV01,16.681,16.18,173.863,651529.633
2026-08-10 21:30:00,4135001,INV02,0.0,0.0,170.63,882006.301
2026-08-10 21:30:00,4135001,INV03,0.0,0.0,176.039,794510.822
2026-08-10 21:30:00,4135001,INV04,2.193,2.127,173.694,741171.245
2026-08-10 21:45:00,4135001,INV01,0.0,0.0,173.863,651529.633
2026-08-10 21:45:00,4135001,INV02,0.0,0.0,170.63,882006.301
2026-08-10 21:45:00,4135001,INV03,4.1,3.977,176.04,794510.823
2026-08-10 21:45:00,4135001,INV04,0.0,0.0,173.694,741171.245
2026-08-10 22:00:00,4135001,INV01,3.687,3.577,173.864,651529.634
2026-08-10 22:00:00,4135001,INV02,0.0,0.0,170.63,882006.301
2026-08-10 22:00:00,4135001,INV03,16.897,16.39,176.044,794510.827
2026-08-10 22:00:00,4135001,INV04,24.03,23.309,173.7,741171.251
2026-08-10 22:15:00,4135001,INV01,0.0,0.0,173.864,651529.634
2026-08-10 22:15:00,4135001,INV02,9.661,9.371,170.632,882006.304
2026-08-10 22:15:00,4135001,INV03,0.0,0.0,176.044,794510.827
2026-08-10 22:15:00,4135001,INV04,0.0,0.0,173.7,741171.251
2026-08-10 22:30:00,4135001,INV01,0.0,0.0,173.864,651529.634
2026-08-10 22:30:00,4135001,INV02,0.0,0.0,170.632,882006.304
2026-08-10 22:30:00,4135001,INV03,17.531,17.005,176.048,794510.832
2026-08-10 22:30:00,4135001,INV04,0.0,0.0,173.7,741171.251
2026-08-10 22:45:00,4135001,INV01,0.0,0.0,173.864,651529.634
2026-08-10 22:45:00,4135001,INV02,0.0,0.0,170.632,882006.304
2026-08-10 22:45:00,4135001,INV03,0.0,0.0,176.048,794510.832
2026-08-10 22:45:00,4135001,INV04,2.146,2.082,173.701,741171.251
2026-08-10 23:00:00,4135001,INV01,7.339,7.118,173.866,651529.636
2026-08-10 23:00:00,4135001,INV02,7.078,6.866,170.634,882006.306
2026-08-10 23:00:00,4135001,INV03,0.0,0.0,176.048,794510.832
2026-08-10 23:00:00,4135001,INV04,11.523,11.177,173.703,741171.254
2026-08-10 23:15:00,4135001,INV01,0.0,0.0,173.866,651529.636
2026-08-10 23:15:00,4135001,INV02,0.0,0.0,170.634,882006.306
2026-08-10 23:15:00,4135001,INV03,0.0,0.0,176.048,794510.832
2026-08-10 23:15:00,4135001,INV04,0.704,0.683,173.704,741171.254
2026-08-10 23:30:00,4135001,INV01,11.249,10.912,173.868,651529.638
2026-08-10 23:30:00,4135001,INV02,0.0,0.0,170.634,882006.306
2026-08-10 23:30:00,4135001,INV03,11.757,11.404,176.051,794510.835
2026-08-10 23:30:00,4135001,INV04,11.679,11.328,173.706,741171.257
2026-08-10 23:45:00,4135001,INV01,4.935,4.787,173.87,651529.64
2026-08-10 23:45:00,4135001,INV02,29.524,28.638,170.641,882006.313
2026-08-10 23:45:00,4135001,INV03,12.99,12.601,176.054,794510.838
2026-08-10 23:45:00,4135001,INV04,22.119,21.456,173.712,741171.262
2026-08-11 00:00:00,4135001,INV01,0.0,0.0,0.0,651529.64
2026-08-11 00:00:00,4135001,INV02,0.0,0.0,0.0,882006.313
2026-08-11 00:00:00,4135001,INV03,0.0,0.0,0.0,794510.838
2026-08-11 00:00:00,4135001,INV04,19.353,18.772,0.005,741171.267
2026-08-11 00:15:00,4135001,INV01,10.438,10.124,0.003,651529.642
2026-08-11 00:15:00,4135001,INV02,0.0,0.0,0.0,882006.313
2026-08-11 00:15:00,4135001,INV03,0.0,0.0,0.0,794510.838
2026-08-11 00:15:00,4135001,INV04,0.0,0.0,0.005,741171.267
2026-08-11 00:30:00,4135001,INV01,0.0,0.0,0.003,651529.642
2026-08-11 00:30:00,4135001,INV02,30.787,29.864,0.007,882006.32
2026-08-11 00:30:00,4135001,INV03,0.0,0.0,0.0,794510.838
2026-08-11 00:30:00,4135001,INV04,0.0,0.0,0.005,741171.267
2026-08-11 00:45:00,4135001,INV01,0.0,0.0,0.003,651529.642
2026-08-11 00:45:00,4135001,INV02,0.0,0.0,0.007,882006.32
2026-08-11 00:45:00,4135001,INV03,6.984,6.774,0.002,794510.839
2026-08-11 00:45:00,4135001,INV04,0.0,0.0,0.005,741171.267
2026-08-11 01:00:00,4135001,INV01,9.911,9.614,0.005,651529.645
2026-08-11 01:00:00,4135001,INV02,3.511,3.406,0.008,882006.321
2026-08-11 01:00:00,4135001,INV03,0.0,0.0,0.002,794510.839
2026-08-11 01:00:00,4135001,INV04,12.438,12.065,0.008,741171.27
2026-08-11 01:15:00,4135001,INV01,0.0,0.0,0.005,651529.645
2026-08-11 01:15:00,4135001,INV02,0.0,0.0,0.008,882006.321
2026-08-11 01:15:00,4135001,INV03,0.0,0.0,0.002,794510.839
2026-08-11 01:15:00,4135001,INV04,0.0,0.0,0.008,741171.27
2026-08-11 01:30:00,4135001,INV01,0.0,0.0,0.005,651529.645
2026-08-11 01:30:00,4135001,INV02,0.0,0.0,0.008,882006.321
2026-08-11 01:30:00,4135001,INV03,17.533,17.007,0.006,794510.844
2026-08-11 01:30:00,4135001,INV04,14.793,14.349,0.011,741171.274
2026-08-11 01:45:00,4135001,INV01,0.0,0.0,0.005,651529.645
2026-08-11 01:45:00,4135001,INV02,0.0,0.0,0.008,882006.321
2026-08-11 01:45:00,4135001,INV03,0.0,0.0,0.006,794510.844
2026-08-11 01:45:00,4135001,INV04,0.0,0.0,0.011,741171.274
2026-08-11 02:00:00,4135001,INV01,2.725,2.643,0.006,651529.645
2026-08-11 02:00:00,4135001,INV02,13.967,13.548,0.012,882006.324
2026-08-11 02:00:00,4135001,INV03,23.903,23.186,0.012,794510.849
2026-08-11 02:00:00,4135001,INV04,9.608,9.319,0.014,741171.276
2026-08-11 02:15:00,4135001,INV01,0.0,0.0,0.006,651529.645
2026-08-11 02:15:00,4135001,INV02,4.252,4.125,0.013,882006.325
2026-08-11 02:15:00,4135001,INV03,0.0,0.0,0.012,794510.849
2026-08-11 02:15:00,4135001,INV04,0.0,0.0,0.014,741171.276
2026-08-11 02:30:00,4135001,INV01,0.0,0.0,0.006,651529.645
2026-08-11 02:30:00,4135001,INV02,0.0,0.0,0.013,882006.325
2026-08-11 02:30:00,4135001,INV03,0.0,0.0,0.012,794510.849
2026-08-11 02:30:00,4135001,INV04,0.456,0.443,0.014,741171.276
2026-08-11 02:45:00,4135001,INV01,17.598,17.07,0.01,651529.649
2026-08-11 02:45:00,4135001,INV02,0.013,0.013,0.013,882006.325
2026-08-11 02:45:00,4135001,INV03,0.0,0.0,0.012,794510.849
2026-08-11 02:45:00,4135001,INV04,0.0,0.0,0.014,741171.276
2026-08-11 03:00:00,4135001,INV01,0.0,0.0,0.01,651529.649
2026-08-11 03:00:00,4135001,INV02,0.0,0.0,0.013,882006.325
2026-08-11 03:00:00,4135001,INV03,0.0,0.0,0.012,794510.849
2026-08-11 03:00:00,4135001,INV04,0.0,0.0,0.014,741171.276
2026-08-11 03:15:00,4135001,INV01,0.0,0.0,0.01,651529.649
2026-08-11 03:15:00,4135001,INV02,0.0,0.0,0.013,882006.325
2026-08-11 03:15:00,4135001,INV03,0.0,0.0,0.012,794510.849
2026-08-11 03:15:00,4135001,INV04,0.0,0.0,0.014,741171.276
2026-08-11 03:30:00,4135001,INV01,0.0,0.0,0.01,651529.649
2026-08-11 03:30:00,4135001,INV02,0.0,0.0,0.013,882006.325
2026-08-11 03:30:00,4135001,INV03,0.0,0.0,0.012,794510.849
2026-08-11 03:30:00,4135001,INV04,0.0,0.0,0.014,741171.276
2026-08-11 03:45:00,4135001,INV01,0.0,0.0,0.01,651529.649
2026-08-11 03:45:00,4135001,INV02,0.0,0.0,0.013,882006.325
2026-08-11 03:45:00,4135001,INV03,43.892,42.576,0.022,794510.86
2026-08-11 03:45:00,4135001,INV04,0.0,0.0,0.014,741171.276
2026-08-11 04:00:00,4135001,INV01,10.27,9.962,0.012,651529.652
2026-08-11 04:00:00,4135001,INV02,0.0,0.0,0.013,882006.325
2026-08-11 04:00:00,4135001,INV03,28.587,27.729,0.029,794510.867
2026-08-11 04:00:00,4135001,INV04,1.64,1.591,0.014,741171.276
2026-08-11 04:15:00,4135001,INV01,5.812,5.638,0.014,651529.653
2026-08-11 04:15:00,4135001,INV02,32.775,31.792,0.021,882006.333
2026-08-11 04:15:00,4135001,INV03,35.08,34.027,0.038,794510.875
2026-08-11 04:15:00,4135001,INV04,10.339,10.029,0.017,741171.279
2026-08-11 04:30:00,4135001,INV01,14.607,14.168,0.017,651529.657
2026-08-11 04:30:00,4135001,INV02,12.944,12.556,0.024,882006.337
2026-08-11 04:30:00,4135001,INV03,0.0,0.0,0.038,794510.875
2026-08-11 04:30:00,4135001,INV04,0.0,0.0,0.017,741171.279
2026-08-11 04:45:00,4135001,INV01,3.296,3.197,0.018,651529.658
2026-08-11 04:45:00,4135001,INV02,0.0,0.0,0.024,882006.337
2026-08-11 04:45:00,4135001,INV03,28.939,28.071,0.045,794510.883
2026-08-11 04:45:00,4135001,INV04,0.0,0.0,0.017,741171.279
2026-08-11 05:00:00,4135001,INV01,8.196,7.95,0.02,651529.66
2026-08-11 05:00:00,4135001,INV02,0.0,0.0,0.024,882006.337
2026-08-11 05:00:00,4135001,INV03,4.641,4.502,0.046,794510.884
2026-08-11 05:00:00,4135001,INV04,24.185,23.459,0.023,741171.285
2026-08-11 05:15:00,4135001,INV01,20.391,19.779,0.025,651529.665
2026-08-11 05:15:00,4135001,INV02,0.0,0.0,0.024,882006.337
2026-08-11 05:15:00,4135001,INV03,2.41,2.338,0.047,794510.884
2026-08-11 05:15:00,4135001,INV04,24.222,23.495,0.028,741171.291
2026-08-11 05:30:00,4135001,INV01,0.0,0.0,0.025,651529.665
2026-08-11 05:30:00,4135001,INV02,0.0,0.0,0.024,882006.337
2026-08-11 05:30:00,4135001,INV03,2.051,1.99,0.047,794510.885
2026-08-11 05:30:00,4135001,INV04,0.0,0.0,0.028,741171.291
2026-08-11 05:45:00,4135001,INV01,0.0,0.0,0.025,651529.665
2026-08-11 05:45:00,4135001,INV02,1.973,1.914,0.024,882006.337
2026-08-11 05:45:00,4135001,INV03,0.0,0.0,0.047,794510.885
2026-08-11 05:45:00,4135001,INV04,5.347,5.187,0.03,741171.292
2026-08-11 06:00:00,4135001,INV01,3230.269,3133.361,0.808,651530.448
2026-08-11 06:00:00,4135001,INV02,3117.082,3023.569,0.78,882007.093
2026-08-11 06:00:00,4135001,INV03,3313.285,3213.886,0.851,794511.688
2026-08-11 06:00:00,4135001,INV04,3204.516,3108.38,0.807,741172.069
2026-08-11 06:15:00,4135001,INV01,1096.372,1063.481,1.074,651530.714
2026-08-11 06:15:00,4135001,INV02,2631.884,2552.927,1.418,882007.731
2026-08-11 06:15:00,4135001,INV03,2513.242,2437.845,1.46,794512.298
2026-08-11 06:15:00,4135001,INV04,2688.008,2607.367,1.459,741172.721
2026-08-11 06:30:00,4135001,INV01,1451.771,1408.218,1.426,651531.066
2026-08-11 06:30:00,4135001,INV02,1438.098,1394.955,1.767,882008.08
2026-08-11 06:30:00,4135001,INV03,1424.673,1381.933,1.805,794512.643
2026-08-11 06:30:00,4135001,INV04,1391.34,1349.6,1.796,741173.058
2026-08-11 06:45:00,4135001,INV01,2547.885,2471.448,2.044,651531.684
2026-08-11 06:45:00,4135001,INV02,2734.349,2652.318,2.43,882008.743
2026-08-11 06:45:00,4135001,INV03,2530.728,2454.806,2.419,794513.257
2026-08-11 06:45:00,4135001,INV04,2738.034,2655.893,2.46,741173.722
2026-08-11 07:00:00,4135001,INV01,7419.826,7197.231,3.843,651533.483
2026-08-11 07:00:00,4135001,INV02,7215.613,6999.145,4.18,882010.493
2026-08-11 07:00:00,4135001,INV03,7525.098,7299.345,4.244,794515.082
2026-08-11 07:00:00,4135001,INV04,7411.517,7189.172,4.257,741175.52
2026-08-11 07:15:00,4135001,INV01,7355.083,7134.431,5.627,651535.267
2026-08-11 07:15:00,4135001,INV02,7524.057,7298.335,6.005,882012.317
2026-08-11 07:15:00,4135001,INV03,7151.002,6936.471,5.978,794516.816
2026-08-11 07:15:00,4135001,INV04,7018.798,6808.234,5.959,741177.222
2026-08-11 07:30:00,4135001,INV01,6261.305,6073.466,7.145,651536.785
2026-08-11 07:30:00,4135001,INV02,6396.122,6204.238,7.556,882013.868
2026-08-11 07:30:00,4135001,INV03,5969.461,5790.377,7.426,794518.263
2026-08-11 07:30:00,4135001,INV04,6266.33,6078.34,7.479,741178.741
2026-08-11 07:45:00,4135001,INV01,7936.809,7698.705,9.07,651538.71
2026-08-11 07:45:00,4135001,INV02,8095.117,7852.263,9.519,882015.831
2026-08-11 07:45:00,4135001,INV03,7516.354,7290.864,9.248,794520.086
2026-08-11 07:45:00,4135001,INV04,7654.519,7424.884,9.335,741180.597
2026-08-11 08:00:00,4135001,INV01,8464.661,8210.721,11.123,651540.762
2026-08-11 08:00:00,4135001,INV02,8531.173,8275.238,11.588,882017.9
2026-08-11 08:00:00,4135001,INV03,8281.162,8032.727,11.257,794522.094
2026-08-11 08:00:00,4135001,INV04,8381.299,8129.86,11.368,741182.63
2026-08-11 08:15:00,4135001,INV01,10027.35,9726.53,13.554,651543.194
2026-08-11 08:15:00,4135001,INV02,10188.942,9883.273,14.058,882020.371
2026-08-11 08:15:00,4135001,INV03,10072.563,9770.386,13.699,794524.537
2026-08-11 08:15:00,4135001,INV04,9911.979,9614.619,13.771,741185.034
2026-08-11 08:30:00,4135001,INV01,12406.649,12034.45,16.563,651546.203
2026-08-11 08:30:00,4135001,INV02,12221.721,11855.069,17.022,882023.335
2026-08-11 08:30:00,4135001,INV03,12828.517,12443.661,16.81,794527.648
2026-08-11 08:30:00,4135001,INV04,12633.852,12254.837,16.835,741188.097
2026-08-11 08:45:00,4135001,INV01,13445.325,13041.965,19.824,651549.463
2026-08-11 08:45:00,4135001,INV02,12817.183,12432.668,20.13,882026.443
2026-08-11 08:45:00,4135001,INV03,13183.408,12787.906,20.007,794530.845
2026-08-11 08:45:00,4135001,INV04,13502.909,13097.822,20.109,741191.372
2026-08-11 09:00:00,4135001,INV01,11030.563,10699.646,22.498,651552.138
2026-08-11 09:00:00,4135001,INV02,11192.804,10857.02,22.845,882029.157
2026-08-11 09:00:00,4135001,INV03,11334.498,10994.463,22.756,794533.593
2026-08-11 09:00:00,4135001,INV04,11867.8,11511.766,22.987,741194.25
2026-08-11 09:15:00,4135001,INV01,17089.71,16577.019,26.643,651556.282
2026-08-11 09:15:00,4135001,INV02,16849.87,16344.374,26.931,882033.243
2026-08-11 09:15:00,4135001,INV03,17212.452,16696.078,26.93,794537.767
2026-08-11 09:15:00,4135001,INV04,17340.128,16819.924,27.192,741198.455
2026-08-11 09:30:00,4135001,INV01,15355.939,14895.261,30.367,651560.006
2026-08-11 09:30:00,4135001,INV02,15171.968,14716.809,30.61,882036.923
2026-08-11 09:30:00,4135001,INV03,14224.725,13797.984,30.379,794541.217
2026-08-11 09:30:00,4135001,INV04,15405.452,14943.288,30.928,741202.191
2026-08-11 09:45:00,4135001,INV01,19334.856,18754.811,35.055,651564.695
2026-08-11 09:45:00,4135001,INV02,7448.22,7224.774,32.416,882038.729
2026-08-11 09:45:00,4135001,INV03,18991.799,18422.045,34.985,794545.822
2026-08-11 09:45:00,4135001,INV04,6343.268,6152.97,32.466,741203.729
2026-08-11 10:00:00,4135001,INV01,19473.933,18889.715,39.778,651569.417
2026-08-11 10:00:00,4135001,INV02,18538.665,17982.505,36.912,882043.224
2026-08-11 10:00:00,4135001,INV03,18744.172,18181.847,39.53,794550.368
2026-08-11 10:00:00,4135001,INV04,18532.052,17976.091,36.96,741208.223
2026-08-11 10:15:00,4135001,INV01,19153.567,18578.96,44.422,651574.062
2026-08-11 10:15:00,4135001,INV02,19253.291,18675.692,41.581,882047.893
2026-08-11 10:15:00,4135001,INV03,20019.946,19419.347,44.385,794555.223
2026-08-11 10:15:00,4135001,INV04,19351.167,18770.632,41.653,741212.915
2026-08-11 10:30:00,4135001,INV01,19154.989,18580.34,49.067,651578.707
2026-08-11 10:30:00,4135001,INV02,19688.662,19098.002,46.355,882052.668
2026-08-11 10:30:00,4135001,INV03,20210.455,19604.142,49.286,794560.124
2026-08-11 10:30:00,4135001,INV04,19636.24,19047.153,46.415,741217.677
2026-08-11 10:45:00,4135001,INV01,23860.113,23144.309,54.854,651584.493
2026-08-11 10:45:00,4135001,INV02,23621.005,22912.375,52.083,882058.396
2026-08-11 10:45:00,4135001,INV03,22905.475,22218.311,54.841,794565.678
2026-08-11 10:45:00,4135001,INV04,22783.604,22100.096,51.94,741223.202
2026-08-11 11:00:00,4135001,INV01,22637.123,21958.009,60.343,651589.983
2026-08-11 11:00:00,4135001,INV02,22428.894,21756.027,57.522,882063.835
2026-08-11 11:00:00,4135001,INV03,22680.571,22000.154,60.341,794571.178
2026-08-11 11:00:00,4135001,INV04,21843.171,21187.876,57.237,741228.499
2026-08-11 11:15:00,4135001,INV01,25618.229,24849.682,66.555,651596.195
2026-08-11 11:15:00,4135001,INV02,26267.09,25479.078,63.892,882070.205
2026-08-11 11:15:00,4135001,INV03,26819.437,26014.854,66.844,794577.682
2026-08-11 11:15:00,4135001,INV04,25118.024,24364.484,63.328,741234.59
2026-08-11 11:30:00,4135001,INV01,24523.578,23787.871,72.502,651602.142
2026-08-11 11:30:00,4135001,INV02,24242.291,23515.023,69.771,882076.083
2026-08-11 11:30:00,4135001,INV03,23181.752,22486.3,72.466,794583.304
2026-08-11 11:30:00,4135001,INV04,23303.372,22604.271,68.979,741240.241
2026-08-11 11:45:00,4135001,INV01,25572.81,24805.626,78.704,651608.343
2026-08-11 11:45:00,4135001,INV02,26353.785,25563.171,76.162,882082.474
2026-08-11 11:45:00,4135001,INV03,26892.997,26086.207,78.988,794589.825
2026-08-11 11:45:00,4135001,INV04,26593.649,25795.839,75.428,741246.69
2026-08-11 12:00:00,4135001,INV01,25867.122,25091.109,84.977,651614.616
2026-08-11 12:00:00,4135001,INV02,26133.425,25349.422,82.499,882088.812
2026-08-11 12:00:00,4135001,INV03,27122.689,26309.009,85.565,794596.402
2026-08-11 12:00:00,4135001,INV04,26732.579,25930.602,81.911,741253.173
2026-08-11 12:15:00,4135001,INV01,25029.954,24279.056,91.046,651620.686
2026-08-11 12:15:00,4135001,INV02,25279.28,24520.901,88.629,882094.942
2026-08-11 12:15:00,4135001,INV03,25416.056,24653.575,91.728,794602.566
2026-08-11 12:15:00,4135001,INV04,24500.33,23765.321,87.852,741259.114
2026-08-11 12:30:00,4135001,INV01,26907.754,26100.521,97.572,651627.211
2026-08-11 12:30:00,4135001,INV02,26966.136,26157.152,95.168,882101.481
2026-08-11 12:30:00,4135001,INV03,25852.96,25077.371,97.998,794608.835
2026-08-11 12:30:00,4135001,INV04,26968.699,26159.638,94.392,741265.654
2026-08-11 12:45:00,4135001,INV01,23418.563,22716.006,103.251,651632.89
2026-08-11 12:45:00,4135001,INV02,22459.519,21785.733,100.615,882106.928
2026-08-11 12:45:00,4135001,INV03,22514.891,21839.444,103.457,794614.295
2026-08-11 12:45:00,4135001,INV04,24220.955,23494.326,100.265,741271.528
2026-08-11 13:00:00,4135001,INV01,11273.929,10935.711,105.984,651635.624
2026-08-11 13:00:00,4135001,INV02,27325.487,26505.722,107.241,882113.554
2026-08-11 13:00:00,4135001,INV03,27853.822,27018.207,110.212,794621.05
2026-08-11 13:00:00,4135001,INV04,26352.887,25562.301,106.656,741277.918
2026-08-11 13:15:00,4135001,INV01,24071.347,23349.206,111.822,651641.461
2026-08-11 13:15:00,4135001,INV02,25382.047,24620.586,113.396,882119.709
2026-08-11 13:15:00,4135001,INV03,24737.449,23995.326,116.211,794627.048
2026-08-11 13:15:00,4135001,INV04,24044.099,23322.776,112.487,741283.749
2026-08-11 13:30:00,4135001,INV01,25597.526,24829.6,118.029,651647.669
2026-08-11 13:30:00,4135001,INV02,24594.149,23856.325,119.36,882125.673
2026-08-11 13:30:00,4135001,INV03,25053.8,24302.186,122.286,794633.124
2026-08-11 13:30:00,4135001,INV04,25639.393,24870.211,118.704,741289.967
2026-08-11 13:45:00,4135001,INV01,20135.461,19531.397,122.912,651652.552
2026-08-11 13:45:00,4135001,INV02,19895.956,19299.077,124.185,882130.498
2026-08-11 13:45:00,4135001,INV03,19676.94,19086.631,127.058,794637.896
2026-08-11 13:45:00,4135001,INV04,20299.096,19690.123,123.627,741294.889
2026-08-11 14:00:00,4135001,INV01,25402.734,24640.652,129.072,651658.712
2026-08-11 14:00:00,4135001,INV02,24503.254,23768.156,130.127,882136.44
2026-08-11 14:00:00,4135001,INV03,25043.2,24291.904,133.131,794643.969
2026-08-11 14:00:00,4135001,INV04,25967.322,25188.303,129.924,741301.186
2026-08-11 14:15:00,4135001,INV01,20041.442,19440.199,133.932,651663.572
2026-08-11 14:15:00,4135001,INV02,20200.028,19594.028,135.026,882141.339
2026-08-11 14:15:00,4135001,INV03,18900.295,18333.286,137.714,794648.552
2026-08-11 14:15:00,4135001,INV04,20074.937,19472.688,134.792,741306.054
2026-08-11 14:30:00,4135001,INV01,19307.909,18728.672,138.614,651668.254
2026-08-11 14:30:00,4135001,INV02,18315.213,17765.757,139.467,882145.78
2026-08-11 14:30:00,4135001,INV03,19070.09,18497.987,142.339,794653.176
2026-08-11 14:30:00,4135001,INV04,18842.944,18277.656,139.362,741310.624
2026-08-11 14:45:00,4135001,INV01,19461.473,18877.628,143.334,651672.973
2026-08-11 14:45:00,4135001,INV02,19561.154,18974.319,144.211,882150.524
2026-08-11 14:45:00,4135001,INV03,19873.53,19277.324,147.158,794657.996
2026-08-11 14:45:00,4135001,INV04,20303.7,19694.589,144.285,741315.548
2026-08-11 15:00:00,4135001,INV01,15118.479,14664.925,147.0,651676.64
2026-08-11 15:00:00,4135001,INV02,14979.7,14530.309,147.843,882154.156
2026-08-11 15:00:00,4135001,INV03,15199.159,14743.184,150.844,794661.682
2026-08-11 15:00:00,4135001,INV04,14326.718,13896.916,147.759,741319.022
2026-08-11 15:15:00,4135001,INV01,15315.968,14856.489,150.714,651680.354
2026-08-11 15:15:00,4135001,INV02,15570.763,15103.64,151.619,882157.932
2026-08-11 15:15:00,4135001,INV03,14696.614,14255.716,154.408,794665.245
2026-08-11 15:15:00,4135001,INV04,14742.252,14299.985,151.334,741322.597
2026-08-11 15:30:00,4135001,INV01,14743.844,14301.529,154.29,651683.929
2026-08-11 15:30:00,4135001,INV02,15693.345,15222.545,155.425,882161.738
2026-08-11 15:30:00,4135001,INV03,15021.711,14571.059,158.051,794668.888
2026-08-11 15:30:00,4135001,INV04,15838.14,15362.995,155.175,741326.437
2026-08-11 15:45:00,4135001,INV01,12113.998,11750.578,157.227,651686.867
2026-08-11 15:45:00,4135001,INV02,12417.677,12045.147,158.436,882164.749
2026-08-11 15:45:00,4135001,INV03,12398.709,12026.747,161.057,794671.895
2026-08-11 15:45:00,4135001,INV04,11804.178,11450.052,158.038,741329.3
2026-08-11 16:00:00,4135001,INV01,12301.896,11932.839,160.21,651689.85
2026-08-11 16:00:00,4135001,INV02,11838.225,11483.078,161.307,882167.62
2026-08-11 16:00:00,4135001,INV03,12575.722,12198.451,164.107,794674.945
2026-08-11 16:00:00,4135001,INV04,12318.358,11948.807,161.025,741332.287
2026-08-11 16:15:00,4135001,INV01,11804.771,11450.628,163.073,651692.713
2026-08-11 16:15:00,4135001,INV02,11668.293,11318.245,164.137,882170.449
2026-08-11 16:15:00,4135001,INV03,11636.765,11287.662,166.929,794677.766
2026-08-11 16:15:00,4135001,INV04,11728.478,11376.623,163.869,741335.131
2026-08-11 16:30:00,4135001,INV01,10647.261,10327.843,165.655,651695.295
2026-08-11 16:30:00,4135001,INV02,10101.872,9798.816,166.586,882172.899
2026-08-11 16:30:00,4135001,INV03,9853.706,9558.095,169.318,794680.156
2026-08-11 16:30:00,4135001,INV04,10287.189,9978.573,166.364,741337.626
2026-08-11 16:45:00,4135001,INV01,8256.027,8008.346,167.657,651697.297
2026-08-11 16:45:00,4135001,INV02,8378.624,8127.265,168.618,882174.931
2026-08-11 16:45:00,4135001,INV03,2169.065,2103.993,169.844,794680.682
2026-08-11 16:45:00,4135001,INV04,8291.265,8042.527,168.374,741339.637
2026-08-11 17:00:00,4135001,INV01,4094.152,3971.327,168.65,651698.29
2026-08-11 17:00:00,4135001,INV02,4125.893,4002.117,169.619,882175.931
2026-08-11 17:00:00,4135001,INV03,4110.126,3986.822,170.841,794681.679
2026-08-11 17:00:00,4135001,INV04,4383.244,4251.747,169.437,741340.7
2026-08-11 17:15:00,4135001,INV01,4093.269,3970.471,169.643,651699.282
2026-08-11 17:15:00,4135001,INV02,4057.085,3935.372,170.602,882176.915
2026-08-11 17:15:00,4135001,INV03,4011.564,3891.218,171.814,794682.651
2026-08-11 17:15:00,4135001,INV04,3948.06,3829.618,170.395,741341.657
2026-08-11 17:30:00,4135001,INV01,4572.528,4435.353,170.751,651700.391
2026-08-11 17:30:00,4135001,INV02,4662.319,4522.449,171.733,882178.046
2026-08-11 17:30:00,4135001,INV03,4600.197,4462.191,172.929,794683.767
2026-08-11 17:30:00,4135001,INV04,4737.931,4595.793,171.544,741342.806
2026-08-11 17:45:00,4135001,INV01,5573.99,5406.77,172.103,651701.743
2026-08-11 17:45:00,4135001,INV02,5725.712,5553.94,173.122,882179.434
2026-08-11 17:45:00,4135001,INV03,5653.799,5484.185,174.3,794685.138
2026-08-11 17:45:00,4135001,INV04,5632.197,5463.231,172.909,741344.172
2026-08-11 18:00:00,4135001,INV01,4200.706,4074.685,173.122,651702.761
2026-08-11 18:00:00,4135001,INV02,4151.831,4027.276,174.128,882180.441
2026-08-11 18:00:00,4135001,INV03,4208.892,4082.626,175.321,794686.159
2026-08-11 18:00:00,4135001,INV04,3991.858,3872.103,173.877,741345.14
2026-08-11 18:15:00,4135001,INV01,1131.917,1097.96,173.396,651703.036
2026-08-11 18:15:00,4135001,INV02,1141.007,1106.777,174.405,882180.718
2026-08-11 18:15:00,4135001,INV03,1170.985,1135.855,175.605,794686.443
2026-08-11 18:15:00,4135001,INV04,1197.441,1161.518,174.168,741345.43
2026-08-11 18:30:00,4135001,INV01,3115.825,3022.35,174.152,651703.791
2026-08-11 18:30:00,4135001,INV02,2935.425,2847.362,175.117,882181.43
2026-08-11 18:30:00,4135001,INV03,2958.179,2869.433,176.322,794687.16
2026-08-11 18:30:00,4135001,INV04,2847.191,2761.775,174.858,741346.121
2026-08-11 18:45:00,4135001,INV01,0.0,0.0,174.152,651703.791
2026-08-11 18:45:00,4135001,INV02,0.0,0.0,175.117,882181.43
2026-08-11 18:45:00,4135001,INV03,0.0,0.0,176.322,794687.16
2026-08-11 18:45:00,4135001,INV04,5.376,5.215,174.86,741346.122
2026-08-11 19:00:00,4135001,INV01,0.0,0.0,174.152,651703.791
2026-08-11 19:00:00,4135001,INV02,3.309,3.21,175.118,882181.43
2026-08-11 19:00:00,4135001,INV03,0.0,0.0,176.322,794687.16
2026-08-11 19:00:00,4135001,INV04,15.08,14.627,174.863,741346.126
2026-08-11 19:15:00,4135001,INV01,29.144,28.27,174.159,651703.798
2026-08-11 19:15:00,4135001,INV02,9.371,9.09,175.12,882181.433
2026-08-11 19:15:00,4135001,INV03,14.384,13.953,176.326,794687.164
2026-08-11 19:15:00,4135001,INV04,17.02,16.51,174.867,741346.13
2026-08-11 19:30:00,4135001,INV01,0.0,0.0,174.159,651703.798
2026-08-11 19:30:00,4135001,INV02,8.75,8.488,175.122,882181.435
2026-08-11 19:30:00,4135001,INV03,0.0,0.0,176.326,794687.164
2026-08-11 19:30:00,4135001,INV04,0.0,0.0,174.867,741346.13
2026-08-11 19:45:00,4135001,INV01,0.0,0.0,174.159,651703.798
2026-08-11 19:45:00,4135001,INV02,10.745,10.422,175.125,882181.437
2026-08-11 19:45:00,4135001,INV03,4.931,4.783,176.327,794687.165
2026-08-11 19:45:00,4135001,INV04,9.505,9.22,174.87,741346.132
2026-08-11 20:00:00,4135001,INV01,2.772,2.689,174.16,651703.799
2026-08-11 20:00:00,4135001,INV02,4.107,3.984,175.126,882181.438
2026-08-11 20:00:00,4135001,INV03,0.0,0.0,176.327,794687.165
2026-08-11 20:00:00,4135001,INV04,12.711,12.33,174.873,741346.135
2026-08-11 20:15:00,4135001,INV01,16.252,15.764,174.163,651703.803
2026-08-11 20:15:00,4135001,INV02,0.0,0.0,175.126,882181.438
2026-08-11 20:15:00,4135001,INV03,18.002,17.462,176.331,794687.169
2026-08-11 20:15:00,4135001,INV04,4.37,4.239,174.874,741346.136
2026-08-11 20:30:00,4135001,INV01,1.819,1.765,174.164,651703.804
2026-08-11 20:30:00,4135001,INV02,0.817,0.792,175.126,882181.439
2026-08-11 20:30:00,4135001,INV03,12.923,12.535,176.335,794687.172
2026-08-11 20:30:00,4135001,INV04,0.215,0.208,174.874,741346.136
2026-08-11 20:45:00,4135001,INV01,0.0,0.0,174.164,651703.804
2026-08-11 20:45:00,4135001,INV02,10.564,10.247,175.128,882181.441
2026-08-11 20:45:00,4135001,INV03,4.648,4.508,176.336,794687.173
2026-08-11 20:45:00,4135001,INV04,0.0,0.0,174.874,741346.136
2026-08-11 21:00:00,4135001,INV01,14.942,14.494,174.168,651703.807
2026-08-11 21:00:00,4135001,INV02,20.808,20.184,175.133,882181.446
2026-08-11 21:00:00,4135001,INV03,0.0,0.0,176.336,794687.173
2026-08-11 21:00:00,4135001,INV04,2.232,2.165,174.874,741346.137
2026-08-11 21:15:00,4135001,INV01,9.409,9.127,174.17,651703.809
2026-08-11 21:15:00,4135001,INV02,2.095,2.032,175.134,882181.447
2026-08-11 21:15:00,4135001,INV03,0.83,0.805,176.336,794687.174
2026-08-11 21:15:00,4135001,INV04,0.0,0.0,174.874,741346.137
2026-08-11 21:30:00,4135001,INV01,15.116,14.663,174.174,651703.813
2026-08-11 21:30:00,4135001,INV02,3.471,3.367,175.135,882181.448
2026-08-11 21:30:00,4135001,INV03,6.213,6.027,176.337,794687.175
2026-08-11 21:30:00,4135001,INV04,4.11,3.987,174.875,741346.138
2026-08-11 21:45:00,4135001,INV01,0.0,0.0,174.174,651703.813
2026-08-11 21:45:00,4135001,INV02,0.0,0.0,175.135,882181.448
2026-08-11 21:45:00,4135001,INV03,1.591,1.544,176.338,794687.175
2026-08-11 21:45:00,4135001,INV04,0.0,0.0,174.875,741346.138
2026-08-11 22:00:00,4135001,INV01,10.059,9.757,174.176,651703.816
2026-08-11 22:00:00,4135001,INV02,1.254,1.216,175.135,882181.448
2026-08-11 22:00:00,4135001,INV03,8.96,8.692,176.34,794687.178
2026-08-11 22:00:00,4135001,INV04,1.573,1.526,174.876,741346.138
2026-08-11 22:15:00,4135001,INV01,5.852,5.676,174.177,651703.817
2026-08-11 22:15:00,4135001,INV02,0.29,0.281,175.135,882181.448
2026-08-11 22:15:00,4135001,INV03,0.0,0.0,176.34,794687.178
2026-08-11 22:15:00,4135001,INV04,14.669,14.229,174.879,741346.142
2026-08-11 22:30:00,4135001,INV01,13.405,13.003,174.181,651703.82
2026-08-11 22:30:00,4135001,INV02,0.169,0.164,175.135,882181.448
2026-08-11 22:30:00,4135001,INV03,0.476,0.462,176.34,794687.178
2026-08-11 22:30:00,4135001,INV04,0.0,0.0,174.879,741346.142
2026-08-11 22:45:00,4135001,INV01,0.0,0.0,174.181,651703.82
2026-08-11 22:45:00,4135001,INV02,0.0,0.0,175.135,882181.448
2026-08-11 22:45:00,4135001,INV03,0.0,0.0,176.34,794687.178
2026-08-11 22:45:00,4135001,INV04,8.994,8.724,174.881,741346.144
2026-08-11 23:00:00,4135001,INV01,0.0,0.0,174.181,651703.82
2026-08-11 23:00:00,4135001,INV02,1.568,1.521,175.136,882181.448
2026-08-11 23:00:00,4135001,INV03,0.0,0.0,176.34,794687.178
2026-08-11 23:00:00,4135001,INV04,0.828,0.803,174.882,741346.144
2026-08-11 23:15:00,4135001,INV01,20.243,19.636,174.186,651703.825
2026-08-11 23:15:00,4135001,INV02,0.0,0.0,175.136,882181.448
2026-08-11 23:15:00,4135001,INV03,3.073,2.981,176.341,794687.179
2026-08-11 23:15:00,4135001,INV04,0.0,0.0,174.882,741346.144
2026-08-11 23:30:00,4135001,INV01,0.0,0.0,174.186,651703.825
2026-08-11 23:30:00,4135001,INV02,20.501,19.886,175.141,882181.453
2026-08-11 23:30:00,4135001,INV03,4.697,4.556,176.342,794687.18
2026-08-11 23:30:00,4135001,INV04,13.631,13.223,174.885,741346.147
2026-08-11 23:45:00,4135001,INV01,17.381,16.86,174.19,651703.829
2026-08-11 23:45:00,4135001,INV02,1.035,1.004,175.141,882181.454
2026-08-11 23:45:00,4135001,INV03,0.0,0.0,176.342,794687.18
2026-08-11 23:45:00,4135001,INV04,5.429,5.266,174.886,741346.149
2026-08-12 00:00:00,4135001,INV01,0.0,0.0,0.0,651703.829
2026-08-12 00:00:00,4135001,INV02,8.979,8.71,0.002,882181.456
2026-08-12 00:00:00,4135001,INV03,11.078,10.746,0.003,794687.182
2026-08-12 00:00:00,4135001,INV04,6.635,6.435,0.002,741346.15
2026-08-12 00:15:00,4135001,INV01,0.0,0.0,0.0,651703.829
2026-08-12 00:15:00,4135001,INV02,0.0,0.0,0.002,882181.456
2026-08-12 00:15:00,4135001,INV03,0.0,0.0,0.003,794687.182
2026-08-12 00:15:00,4135001,INV04,0.0,0.0,0.002,741346.15
2026-08-12 00:30:00,4135001,INV01,0.0,0.0,0.0,651703.829
2026-08-12 00:30:00,4135001,INV02,5.666,5.496,0.004,882181.457
2026-08-12 00:30:00,4135001,INV03,26.301,25.512,0.009,794687.189
2026-08-12 00:30:00,4135001,INV04,30.822,29.897,0.009,741346.158
2026-08-12 00:45:00,4135001,INV01,3.006,2.916,0.001,651703.83
2026-08-12 00:45:00,4135001,INV02,6.918,6.711,0.005,882181.459
2026-08-12 00:45:00,4135001,INV03,0.0,0.0,0.009,794687.189
2026-08-12 00:45:00,4135001,INV04,0.493,0.478,0.009,741346.158
2026-08-12 01:00:00,4135001,INV01,1.116,1.083,0.001,651703.83
2026-08-12 01:00:00,4135001,INV02,0.0,0.0,0.005,882181.459
2026-08-12 01:00:00,4135001,INV03,1.28,1.242,0.009,794687.189
2026-08-12 01:00:00,4135001,INV04,0.0,0.0,0.009,741346.158
2026-08-12 01:15:00,4135001,INV01,22.071,21.409,0.006,651703.836
2026-08-12 01:15:00,4135001,INV02,13.613,13.205,0.009,882181.462
2026-08-12 01:15:00,4135001,INV03,16.354,15.863,0.013,794687.193
2026-08-12 01:15:00,4135001,INV04,26.996,26.186,0.016,741346.164
2026-08-12 01:30:00,4135001,INV01,4.443,4.31,0.007,651703.837
2026-08-12 01:30:00,4135001,INV02,0.0,0.0,0.009,882181.462
2026-08-12 01:30:00,4135001,INV03,0.0,0.0,0.013,794687.193
2026-08-12 01:30:00,4135001,INV04,0.0,0.0,0.016,741346.164
2026-08-12 01:45:00,4135001,INV01,9.436,9.153,0.01,651703.839
2026-08-12 01:45:00,4135001,INV02,11.995,11.635,0.011,882181.465
2026-08-12 01:45:00,4135001,INV03,0.0,0.0,0.013,794687.193
2026-08-12 01:45:00,4135001,INV04,14.198,13.772,0.019,741346.168
2026-08-12 02:00:00,4135001,INV01,0.0,0.0,0.01,651703.839
2026-08-12 02:00:00,4135001,INV02,0.0,0.0,0.011,882181.465
2026-08-12 02:00:00,4135001,INV03,11.133,10.799,0.016,794687.196
2026-08-12 02:00:00,4135001,INV04,4.079,3.957,0.02,741346.169
2026-08-12 02:15:00,4135001,INV01,0.0,0.0,0.01,651703.839
2026-08-12 02:15:00,4135001,INV02,10.476,10.162,0.014,882181.468
2026-08-12 02:15:00,4135001,INV03,16.755,16.252,0.02,794687.2
2026-08-12 02:15:00,4135001,INV04,0.0,0.0,0.02,741346.169
2026-08-12 02:30:00,4135001,INV01,0.0,0.0,0.01,651703.839
2026-08-12 02:30:00,4135001,INV02,33.305,32.306,0.022,882181.476
2026-08-12 02:30:00,4135001,INV03,9.094,8.821,0.022,794687.202
2026-08-12 02:30:00,4135001,INV04,0.0,0.0,0.02,741346.169
2026-08-12 02:45:00,4135001,INV01,1.351,1.31,0.01,651703.839
2026-08-12 02:45:00,4135001,INV02,10.775,10.452,0.025,882181.478
2026-08-12 02:45:00,4135001,INV03,0.0,0.0,0.022,794687.202
2026-08-12 02:45:00,4135001,INV04,0.0,0.0,0.02,741346.169
2026-08-12 03:00:00,4135001,INV01,0.0,0.0,0.01,651703.839
2026-08-12 03:00:00,4135001,INV02,0.0,0.0,0.025,882181.478
2026-08-12 03:00:00,4135001,INV03,1.409,1.366,0.023,794687.202
2026-08-12 03:00:00,4135001,INV04,0.0,0.0,0.02,741346.169
2026-08-12 03:15:00,4135001,INV01,0.0,0.0,0.01,651703.839
2026-08-12 03:15:00,4135001,INV02,0.0,0.0,0.025,882181.478
2026-08-12 03:15:00,4135001,INV03,0.0,0.0,0.023,794687.202
2026-08-12 03:15:00,4135001,INV04,0.0,0.0,0.02,741346.169
2026-08-12 03:30:00,4135001,INV01,0.0,0.0,0.01,651703.839
2026-08-12 03:30:00,4135001,INV02,0.0,0.0,0.025,882181.478
2026-08-12 03:30:00,4135001,INV03,6.843,6.638,0.024,794687.204
2026-08-12 03:30:00,4135001,INV04,1.666,1.616,0.021,741346.169
2026-08-12 03:45:00,4135001,INV01,0.0,0.0,0.01,651703.839
2026-08-12 03:45:00,4135001,INV02,23.785,23.072,0.03,882181.484
2026-08-12 03:45:00,4135001,INV03,14.339,13.909,0.028,794687.207
2026-08-12 03:45:00,4135001,INV04,0.0,0.0,0.021,741346.169
2026-08-12 04:00:00,4135001,INV01,0.0,0.0,0.01,651703.839
2026-08-12 04:00:00,4135001,INV02,0.0,0.0,0.03,882181.484
2026-08-12 04:00:00,4135001,INV03,11.351,11.01,0.031,794687.21
2026-08-12 04:00:00,4135001,INV04,3.445,3.341,0.021,741346.17
2026-08-12 04:15:00,4135001,INV01,4.117,3.993,0.011,651703.84
2026-08-12 04:15:00,4135001,INV02,13.526,13.121,0.034,882181.487
2026-08-12 04:15:00,4135001,INV03,0.0,0.0,0.031,794687.21
2026-08-12 04:15:00,4135001,INV04,0.0,0.0,0.021,741346.17
2026-08-12 04:30:00,4135001,INV01,1.524,1.478,0.011,651703.841
2026-08-12 04:30:00,4135001,INV02,0.0,0.0,0.034,882181.487
2026-08-12 04:30:00,4135001,INV03,21.952,21.293,0.036,794687.216
2026-08-12 04:30:00,4135001,INV04,22.267,21.599,0.027,741346.175
2026-08-12 04:45:00,4135001,INV01,3.85,3.735,0.012,651703.842
2026-08-12 04:45:00,4135001,INV02,19.205,18.629,0.038,882181.492
2026-08-12 04:45:00,4135001,INV03,23.122,22.428,0.041,794687.221
2026-08-12 04:45:00,4135001,INV04,10.777,10.454,0.029,741346.178
2026-08-12 05:00:00,4135001,INV01,10.107,9.803,0.015,651703.844
2026-08-12 05:00:00,4135001,INV02,21.887,21.231,0.044,882181.497
2026-08-12 05:00:00,4135001,INV03,0.0,0.0,0.041,794687.221
2026-08-12 05:00:00,4135001,INV04,0.0,0.0,0.029,741346.178
2026-08-12 05:15:00,4135001,INV01,0.0,0.0,0.015,651703.844
2026-08-12 05:15:00,4135001,INV02,20.737,20.114,0.049,882181.502
2026-08-12 05:15:00,4135001,INV03,0.0,0.0,0.041,794687.221
2026-08-12 05:15:00,4135001,INV04,10.591,10.273,0.032,741346.181
2026-08-12 05:30:00,4135001,INV01,0.0,0.0,0.015,651703.844
2026-08-12 05:30:00,4135001,INV02,0.3,0.291,0.049,882181.502
2026-08-12 05:30:00,4135001,INV03,0.0,0.0,0.041,794687.221
2026-08-12 05:30:00,4135001,INV04,0.0,0.0,0.032,741346.181
2026-08-12 05:45:00,4135001,INV01,0.0,0.0,0.015,651703.844
2026-08-12 05:45:00,4135001,INV02,24.358,23.627,0.055,882181.508
2026-08-12 05:45:00,4135001,INV03,0.0,0.0,0.041,794687.221
2026-08-12 05:45:00,4135001,INV04,0.0,0.0,0.032,741346.181
2026-08-12 06:00:00,4135001,INV01,177.395,172.073,0.058,651703.887
2026-08-12 06:00:00,4135001,INV02,200.432,194.42,0.103,882181.557
2026-08-12 06:00:00,4135001,INV03,194.931,189.083,0.089,794687.268
2026-08-12 06:00:00,4135001,INV04,171.804,166.65,0.074,741346.222
2026-08-12 06:15:00,4135001,INV01,1620.453,1571.839,0.451,651704.28
2026-08-12 06:15:00,4135001,INV02,1638.354,1589.203,0.501,882181.954
2026-08-12 06:15:00,4135001,INV03,1608.817,1560.552,0.479,794687.659
2026-08-12 06:15:00,4135001,INV04,1542.839,1496.553,0.448,741346.596
2026-08-12 06:30:00,4135001,INV01,2571.58,2494.433,1.074,651704.904
2026-08-12 06:30:00,4135001,INV02,2436.334,2363.244,1.091,882182.545
2026-08-12 06:30:00,4135001,INV03,2600.717,2522.695,1.11,794688.289
2026-08-12 06:30:00,4135001,INV04,2595.139,2517.285,1.077,741347.226
2026-08-12 06:45:00,4135001,INV01,1887.58,1830.953,1.532,651705.361
2026-08-12 06:45:00,4135001,INV02,1871.968,1815.809,1.545,882182.999
2026-08-12 06:45:00,4135001,INV03,1883.897,1827.38,1.566,794688.746
2026-08-12 06:45:00,4135001,INV04,1817.666,1763.136,1.518,741347.667
2026-08-12 07:00:00,4135001,INV01,5525.432,5359.669,2.872,651706.701
2026-08-12 07:00:00,4135001,INV02,5830.187,5655.281,2.959,882184.413
2026-08-12 07:00:00,4135001,INV03,5639.774,5470.581,2.934,794690.114
2026-08-12 07:00:00,4135001,INV04,2656.189,2576.503,2.162,741348.311
2026-08-12 07:15:00,4135001,INV01,6272.264,6084.096,4.393,651708.222
2026-08-12 07:15:00,4135001,INV02,6267.043,6079.032,4.479,882185.933
2026-08-12 07:15:00,4135001,INV03,6247.578,6060.151,4.449,794691.629
2026-08-12 07:15:00,4135001,INV04,6527.265,6331.447,3.745,741349.894
2026-08-12 07:30:00,4135001,INV01,4745.186,4602.83,5.544,651709.373
2026-08-12 07:30:00,4135001,INV02,4644.501,4505.166,5.605,882187.059
2026-08-12 07:30:00,4135001,INV03,4644.439,4505.106,5.575,794692.755
2026-08-12 07:30:00,4135001,INV04,4463.977,4330.058,4.827,741350.976
2026-08-12 07:45:00,4135001,INV01,6631.476,6432.531,7.152,651710.981
2026-08-12 07:45:00,4135001,INV02,6580.219,6382.812,7.201,882188.655
2026-08-12 07:45:00,4135001,INV03,6611.847,6413.491,7.179,794694.358
2026-08-12 07:45:00,4135001,INV04,6779.067,6575.695,6.471,741352.62
2026-08-12 08:00:00,4135001,INV01,6937.893,6729.756,8.834,651712.664
2026-08-12 08:00:00,4135001,INV02,7093.496,6880.691,8.921,882190.375
2026-08-12 08:00:00,4135001,INV03,7091.68,6878.93,8.898,794696.078
2026-08-12 08:00:00,4135001,INV04,6619.136,6420.562,8.076,741354.225
2026-08-12 08:15:00,4135001,INV01,8787.911,8524.273,10.965,651714.795
2026-08-12 08:15:00,4135001,INV02,8945.001,8676.651,11.09,882192.544
2026-08-12 08:15:00,4135001,INV03,8969.405,8700.323,11.074,794698.253
2026-08-12 08:15:00,4135001,INV04,9110.368,8837.057,10.286,741356.434
2026-08-12 08:30:00,4135001,INV01,11206.087,10869.905,13.683,651717.512
2026-08-12 08:30:00,4135001,INV02,11313.825,10974.41,13.834,882195.287
2026-08-12 08:30:00,4135001,INV03,10919.572,10591.985,13.722,794700.901
2026-08-12 08:30:00,4135001,INV04,10753.181,10430.586,12.893,741359.042
2026-08-12 08:45:00,4135001,INV01,13222.819,12826.134,16.889,651720.719
2026-08-12 08:45:00,4135001,INV02,13437.824,13034.689,17.093,882198.546
2026-08-12 08:45:00,4135001,INV03,13176.047,12780.766,16.917,794704.096
2026-08-12 08:45:00,4135001,INV04,13664.684,13254.744,16.207,741362.356
2026-08-12 09:00:00,4135001,INV01,12150.119,11785.615,19.836,651723.665
2026-08-12 09:00:00,4135001,INV02,11768.587,11415.529,19.946,882201.4
2026-08-12 09:00:00,4135001,INV03,12266.152,11898.167,19.891,794707.071
2026-08-12 09:00:00,4135001,INV04,12431.645,12058.695,19.222,741365.37
2026-08-12 09:15:00,4135001,INV01,13292.56,12893.784,23.059,651726.889
2026-08-12 09:15:00,4135001,INV02,13277.11,12878.797,23.166,882204.62
2026-08-12 09:15:00,4135001,INV03,13536.24,13130.153,23.174,794710.353
2026-08-12 09:15:00,4135001,INV04,14207.244,13781.027,22.667,741368.816
2026-08-12 09:30:00,4135001,INV01,14509.96,14074.661,26.578,651730.407
2026-08-12 09:30:00,4135001,INV02,15199.241,14743.263,26.852,882208.306
2026-08-12 09:30:00,4135001,INV03,14990.878,14541.151,26.809,794713.989
2026-08-12 09:30:00,4135001,INV04,14866.993,14420.983,26.272,741372.421
2026-08-12 09:45:00,4135001,INV01,16752.089,16249.527,30.64,651734.47
2026-08-12 09:45:00,4135001,INV02,16825.161,16320.406,30.932,882212.386
2026-08-12 09:45:00,4135001,INV03,16433.793,15940.779,30.794,794717.974
2026-08-12 09:45:00,4135001,INV04,16411.19,15918.854,30.252,741376.401
2026-08-12 10:00:00,4135001,INV01,18175.322,17630.062,35.048,651738.877
2026-08-12 10:00:00,4135001,INV02,17567.373,17040.352,35.192,882216.646
2026-08-12 10:00:00,4135001,INV03,18937.418,18369.296,35.387,794722.566
2026-08-12 10:00:00,4135001,INV04,18756.298,18193.609,34.8,741380.949
2026-08-12 10:15:00,4135001,INV01,20819.717,20195.126,40.097,651743.926
2026-08-12 10:15:00,4135001,INV02,19563.162,18976.267,39.936,882221.39
2026-08-12 10:15:00,4135001,INV03,20358.592,19747.834,40.324,794727.503
2026-08-12 10:15:00,4135001,INV04,19703.165,19112.07,39.578,741385.727
2026-08-12 10:30:00,4135001,INV01,23802.311,23088.242,45.869,651749.698
2026-08-12 10:30:00,4135001,INV02,23175.559,22480.292,45.556,882227.01
2026-08-12 10:30:00,4135001,INV03,22655.609,21975.941,45.818,794732.997
2026-08-12 10:30:00,4135001,INV04,22626.118,21947.334,45.065,741391.214
2026-08-12 10:45:00,4135001,INV01,21885.771,21229.198,51.176,651755.005
2026-08-12 10:45:00,4135001,INV02,22216.571,21550.074,50.944,882232.397
2026-08-12 10:45:00,4135001,INV03,21179.5,20544.115,50.954,794738.133
2026-08-12 10:45:00,4135001,INV04,21943.689,21285.378,50.387,741396.535
2026-08-12 11:00:00,4135001,INV01,21119.2,20485.624,56.297,651760.127
2026-08-12 11:00:00,4135001,INV02,20144.691,19540.351,55.829,882237.282
2026-08-12 11:00:00,4135001,INV03,21236.793,20599.689,56.104,794743.283
2026-08-12 11:00:00,4135001,INV04,20161.37,19556.529,55.276,741401.424
2026-08-12 11:15:00,4135001,INV01,19588.919,19001.252,61.048,651764.877
2026-08-12 11:15:00,4135001,INV02,7169.066,6953.994,57.567,882239.021
2026-08-12 11:15:00,4135001,INV03,20833.98,20208.961,61.156,794748.335
2026-08-12 11:15:00,4135001,INV04,20679.113,20058.74,60.29,741406.439
2026-08-12 11:30:00,4135001,INV01,28343.795,27493.481,67.921,651771.75
2026-08-12 11:30:00,4135001,INV02,27650.704,26821.183,64.273,882245.726
2026-08-12 11:30:00,4135001,INV03,27857.032,27021.321,67.911,794755.091
2026-08-12 11:30:00,4135001,INV04,26816.442,26011.948,66.793,741412.942
2026-08-12 11:45:00,4135001,INV01,26892.848,26086.062,74.443,651778.272
2026-08-12 11:45:00,4135001,INV02,27443.197,26619.902,70.928,882252.381
2026-08-12 11:45:00,4135001,INV03,26849.109,26043.636,74.422,794761.602
2026-08-12 11:45:00,4135001,INV04,27755.058,26922.406,73.524,741419.673
2026-08-12 12:00:00,4135001,INV01,26726.858,25925.052,80.924,651784.753
2026-08-12 12:00:00,4135001,INV02,26536.669,25740.569,77.363,882258.816
2026-08-12 12:00:00,4135001,INV03,26119.123,25335.549,80.756,794767.936
2026-08-12 12:00:00,4135001,INV04,26773.516,25970.311,80.017,741426.165
2026-08-12 12:15:00,4135001,INV01,25602.532,24834.456,87.132,651790.962
2026-08-12 12:15:00,4135001,INV02,27236.155,26419.07,83.968,882265.421
2026-08-12 12:15:00,4135001,INV03,25450.451,24686.937,86.928,794774.107
2026-08-12 12:15:00,4135001,INV04,27235.732,26418.66,86.621,741432.77
2026-08-12 12:30:00,4135001,INV01,26862.972,26057.083,93.647,651797.476
2026-08-12 12:30:00,4135001,INV02,25595.339,24827.479,90.174,882271.628
2026-08-12 12:30:00,4135001,INV03,26184.105,25398.582,93.277,794780.457
2026-08-12 12:30:00,4135001,INV04,27279.489,26461.104,93.236,741439.385
2026-08-12 12:45:00,4135001,INV01,24444.787,23711.444,99.575,651803.404
2026-08-12 12:45:00,4135001,INV02,22821.013,22136.383,95.709,882277.162
2026-08-12 12:45:00,4135001,INV03,22650.943,21971.415,98.77,794785.95
2026-08-12 12:45:00,4135001,INV04,4064.402,3942.47,94.222,741440.371
2026-08-12 13:00:00,4135001,INV01,25612.718,24844.337,105.786,651809.615
2026-08-12 13:00:00,4135001,INV02,24618.885,23880.318,101.679,882283.132
2026-08-12 13:00:00,4135001,INV03,24463.251,23729.354,104.702,794791.882
2026-08-12 13:00:00,4135001,INV04,24511.362,23776.021,100.166,741446.315
2026-08-12 13:15:00,4135001,INV01,25654.322,24884.692,112.007,651815.836
2026-08-12 13:15:00,4135001,INV02,24910.575,24163.258,107.719,882289.173
2026-08-12 13:15:00,4135001,INV03,25682.915,24912.428,110.931,794798.11
2026-08-12 13:15:00,4135001,INV04,25110.102,24356.799,106.255,741452.404
2026-08-12 13:30:00,4135001,INV01,21821.645,21166.996,117.299,651821.128
2026-08-12 13:30:00,4135001,INV02,22094.26,21431.432,113.077,882294.531
2026-08-12 13:30:00,4135001,INV03,21038.587,20407.43,116.032,794803.212
2026-08-12 13:30:00,4135001,INV04,21155.611,20520.942,111.386,741457.534
2026-08-12 13:45:00,4135001,INV01,24910.68,24163.36,123.339,651827.169
2026-08-12 13:45:00,4135001,INV02,23455.993,22752.313,118.765,882300.219
2026-08-12 13:45:00,4135001,INV03,23114.377,22420.946,121.638,794808.817
2026-08-12 13:45:00,4135001,INV04,24674.44,23934.207,117.369,741463.518
2026-08-12 14:00:00,4135001,INV01,22135.11,21471.057,128.707,651832.537
2026-08-12 14:00:00,4135001,INV02,21887.919,21231.281,124.073,882305.527
2026-08-12 14:00:00,4135001,INV03,23052.336,22360.766,127.228,794814.407
2026-08-12 14:00:00,4135001,INV04,22046.278,21384.89,122.715,741468.864
2026-08-12 14:15:00,4135001,INV01,20627.324,20008.504,133.709,651837.539
2026-08-12 14:15:00,4135001,INV02,21779.995,21126.595,129.355,882310.808
2026-08-12 14:15:00,4135001,INV03,21643.04,20993.749,132.476,794819.656
2026-08-12 14:15:00,4135001,INV04,20890.125,20263.421,127.781,741473.93
2026-08-12 14:30:00,4135001,INV01,19307.736,18728.504,138.391,651842.221
2026-08-12 14:30:00,4135001,INV02,19709.513,19118.228,134.134,882315.588
2026-08-12 14:30:00,4135001,INV03,19867.68,19271.65,137.294,794824.474
2026-08-12 14:30:00,4135001,INV04,19108.593,18535.335,132.415,741478.564
2026-08-12 14:45:00,4135001,INV01,16675.306,16175.047,142.435,651846.265
2026-08-12 14:45:00,4135001,INV02,16184.042,15698.521,138.059,882319.513
2026-08-12 14:45:00,4135001,INV03,15835.359,15360.298,141.134,794828.314
2026-08-12 14:45:00,4135001,INV04,16303.311,15814.211,136.369,741482.517
2026-08-12 15:00:00,4135001,INV01,15284.701,14826.16,146.142,651849.971
2026-08-12 15:00:00,4135001,INV02,15498.29,15033.341,141.817,882323.271
2026-08-12 15:00:00,4135001,INV03,15170.516,14715.401,144.813,794831.993
2026-08-12 15:00:00,4135001,INV04,15792.483,15318.709,140.198,741486.347
2026-08-12 15:15:00,4135001,INV01,13922.512,13504.836,149.518,651853.347
2026-08-12 15:15:00,4135001,INV02,13521.243,13115.606,145.096,882326.55
2026-08-12 15:15:00,4135001,INV03,13734.988,13322.938,148.144,794835.323
2026-08-12 15:15:00,4135001,INV04,13742.734,13330.452,143.531,741489.679
2026-08-12 15:30:00,4135001,INV01,14400.98,13968.95,153.01,651856.84
2026-08-12 15:30:00,4135001,INV02,14302.36,13873.289,148.565,882330.018
2026-08-12 15:30:00,4135001,INV03,14724.136,14282.412,151.714,794838.894
2026-08-12 15:30:00,4135001,INV04,14220.792,13794.168,146.979,741493.128
2026-08-12 15:45:00,4135001,INV01,11536.494,11190.399,155.808,651859.637
2026-08-12 15:45:00,4135001,INV02,11910.126,11552.823,151.453,882332.906
2026-08-12 15:45:00,4135001,INV03,11438.387,11095.235,154.488,794841.668
2026-08-12 15:45:00,4135001,INV04,11651.648,11302.099,149.805,741495.954
2026-08-12 16:00:00,4135001,INV01,13068.381,12676.33,158.977,651862.806
2026-08-12 16:00:00,4135001,INV02,12948.982,12560.512,154.593,882336.046
2026-08-12 16:00:00,4135001,INV03,12450.201,12076.695,157.507,794844.687
2026-08-12 16:00:00,4135001,INV04,12390.716,12018.995,152.81,741498.958
2026-08-12 16:15:00,4135001,INV01,8666.731,8406.729,161.079,651864.908
2026-08-12 16:15:00,4135001,INV02,8722.552,8460.875,156.708,882338.162
2026-08-12 16:15:00,4135001,INV03,8859.648,8593.858,159.656,794846.836
2026-08-12 16:15:00,4135001,INV04,8790.93,8527.202,154.941,741501.09
2026-08-12 16:30:00,4135001,INV01,6539.643,6343.453,162.664,651866.494
2026-08-12 16:30:00,4135001,INV02,6773.934,6570.716,158.351,882339.804
2026-08-12 16:30:00,4135001,INV03,6695.114,6494.26,161.279,794848.459
2026-08-12 16:30:00,4135001,INV04,6755.348,6552.688,156.58,741502.728
2026-08-12 16:45:00,4135001,INV01,2110.001,2046.701,163.176,651867.005
2026-08-12 16:45:00,4135001,INV02,5792.082,5618.319,159.755,882341.209
2026-08-12 16:45:00,4135001,INV03,6083.941,5901.423,162.755,794849.934
2026-08-12 16:45:00,4135001,INV04,5813.99,5639.57,157.99,741504.138
2026-08-12 17:00:00,4135001,INV01,7496.102,7271.219,164.994,651868.823
2026-08-12 17:00:00,4135001,INV02,7800.513,7566.497,161.647,882343.101
2026-08-12 17:00:00,4135001,INV03,7396.843,7174.937,164.549,794851.728
2026-08-12 17:00:00,4135001,INV04,7609.288,7381.009,159.835,741505.983
2026-08-12 17:15:00,4135001,INV01,4849.522,4704.036,166.17,651869.999
2026-08-12 17:15:00,4135001,INV02,4863.846,4717.93,162.826,882344.28
2026-08-12 17:15:00,4135001,INV03,4909.2,4761.924,165.739,794852.919
2026-08-12 17:15:00,4135001,INV04,2197.622,2131.693,160.368,741506.516
2026-08-12 17:30:00,4135001,INV01,4502.443,4367.37,167.262,651871.091
2026-08-12 17:30:00,4135001,INV02,4745.283,4602.925,163.977,882345.431
2026-08-12 17:30:00,4135001,INV03,4865.703,4719.732,166.919,794854.099
2026-08-12 17:30:00,4135001,INV04,4815.41,4670.947,161.535,741507.684
2026-08-12 17:45:00,4135001,INV01,4076.531,3954.235,168.25,651872.08
2026-08-12 17:45:00,4135001,INV02,3968.578,3849.521,164.94,882346.393
2026-08-12 17:45:00,4135001,INV03,3880.867,3764.441,167.86,794855.04
2026-08-12 17:45:00,4135001,INV04,1737.507,1685.382,161.957,741508.105
2026-08-12 18:00:00,4135001,INV01,941.7,913.449,168.479,651872.308
2026-08-12 18:00:00,4135001,INV02,951.448,922.904,165.17,882346.624
2026-08-12 18:00:00,4135001,INV03,936.975,908.865,168.087,794855.267
2026-08-12 18:00:00,4135001,INV04,953.762,925.149,162.188,741508.337
2026-08-12 18:15:00,4135001,INV01,2402.321,2330.251,169.061,651872.891
2026-08-12 18:15:00,4135001,INV02,2336.081,2265.998,165.737,882347.19
2026-08-12 18:15:00,4135001,INV03,2405.27,2333.112,168.671,794855.85
2026-08-12 18:15:00,4135001,INV04,2419.792,2347.199,162.775,741508.924
2026-08-12 18:30:00,4135001,INV01,1300.585,1261.568,169.377,651873.206
2026-08-12 18:30:00,4135001,INV02,1325.22,1285.463,166.058,882347.512
2026-08-12 18:30:00,4135001,INV03,1321.769,1282.116,168.991,794856.171
2026-08-12 18:30:00,4135001,INV04,1316.749,1277.246,163.094,741509.243
2026-08-12 18:45:00,4135001,INV01,33.121,32.127,169.385,651873.214
2026-08-12 18:45:00,4135001,INV02,1.881,1.825,166.059,882347.512
2026-08-12 18:45:00,4135001,INV03,0.0,0.0,168.991,794856.171
2026-08-12 18:45:00,4135001,INV04,22.151,21.487,163.1,741509.248
2026-08-12 19:00:00,4135001,INV01,0.0,0.0,169.385,651873.214
2026-08-12 19:00:00,4135001,INV02,0.0,0.0,166.059,882347.512
2026-08-12 19:00:00,4135001,INV03,0.0,0.0,168.991,794856.171
2026-08-12 19:00:00,4135001,INV04,17.026,16.515,163.104,741509.252
2026-08-12 19:15:00,4135001,INV01,8.944,8.676,169.387,651873.216
2026-08-12 19:15:00,4135001,INV02,0.0,0.0,166.059,882347.512
2026-08-12 19:15:00,4135001,INV03,30.674,29.754,168.999,794856.178
2026-08-12 19:15:00,4135001,INV04,3.378,3.276,163.105,741509.253
2026-08-12 19:30:00,4135001,INV01,15.43,14.968,169.391,651873.22
2026-08-12 19:30:00,4135001,INV02,0.0,0.0,166.059,882347.512
2026-08-12 19:30:00,4135001,INV03,18.695,18.134,169.003,794856.183
2026-08-12 19:30:00,4135001,INV04,0.0,0.0,163.105,741509.253
2026-08-12 19:45:00,4135001,INV01,3.218,3.121,169.391,651873.221
2026-08-12 19:45:00,4135001,INV02,0.0,0.0,166.059,882347.512
2026-08-12 19:45:00,4135001,INV03,0.0,0.0,169.003,794856.183
2026-08-12 19:45:00,4135001,INV04,0.0,0.0,163.105,741509.253
2026-08-12 20:00:00,4135001,INV01,0.0,0.0,169.391,651873.221
2026-08-12 20:00:00,4135001,INV02,0.0,0.0,166.059,882347.512
2026-08-12 20:00:00,4135001,INV03,0.0,0.0,169.003,794856.183
2026-08-12 20:00:00,4135001,INV04,28.363,27.512,163.111,741509.26
2026-08-12 20:15:00,4135001,INV01,0.0,0.0,169.391,651873.221
2026-08-12 20:15:00,4135001,INV02,8.648,8.389,166.061,882347.514
2026-08-12 20:15:00,4135001,INV03,0.0,0.0,169.003,794856.183
2026-08-12 20:15:00,4135001,INV04,0.0,0.0,163.111,741509.26
2026-08-12 20:30:00,4135001,INV01,0.0,0.0,169.391,651873.221
2026-08-12 20:30:00,4135001,INV02,0.0,0.0,166.061,882347.514
2026-08-12 20:30:00,4135001,INV03,16.019,15.539,169.007,794856.187
2026-08-12 20:30:00,4135001,INV04,6.365,6.174,163.113,741509.262
2026-08-12 20:45:00,4135001,INV01,20.857,20.231,169.396,651873.226
2026-08-12 20:45:00,4135001,INV02,0.0,0.0,166.061,882347.514
2026-08-12 20:45:00,4135001,INV03,7.718,7.486,169.009,794856.188
2026-08-12 20:45:00,4135001,INV04,0.0,0.0,163.113,741509.262
2026-08-12 21:00:00,4135001,INV01,6.227,6.04,169.398,651873.227
2026-08-12 21:00:00,4135001,INV02,3.398,3.296,166.062,882347.515
2026-08-12 21:00:00,4135001,INV03,31.69,30.74,169.017,794856.196
2026-08-12 21:00:00,4135001,INV04,12.639,12.26,163.116,741509.265
2026-08-12 21:15:00,4135001,INV01,16.738,16.236,169.402,651873.231
2026-08-12 21:15:00,4135001,INV02,0.0,0.0,166.062,882347.515
2026-08-12 21:15:00,4135001,INV03,0.0,0.0,169.017,794856.196
2026-08-12 21:15:00,4135001,INV04,18.848,18.282,163.121,741509.269
2026-08-12 21:30:00,4135001,INV01,8.202,7.956,169.404,651873.233
2026-08-12 21:30:00,4135001,INV02,21.52,20.875,166.067,882347.52
2026-08-12 21:30:00,4135001,INV03,0.0,0.0,169.017,794856.196
2026-08-12 21:30:00,4135001,INV04,1.189,1.153,163.121,741509.269
2026-08-12 21:45:00,4135001,INV01,0.0,0.0,169.404,651873.233
2026-08-12 21:45:00,4135001,INV02,7.423,7.2,166.069,882347.522
2026-08-12 21:45:00,4135001,INV03,0.0,0.0,169.017,794856.196
2026-08-12 21:45:00,4135001,INV04,7.279,7.061,163.123,741509.271
2026-08-12 22:00:00,4135001,INV01,10.91,10.583,169.407,651873.236
2026-08-12 22:00:00,4135001,INV02,0.0,0.0,166.069,882347.522
2026-08-12 22:00:00,4135001,INV03,15.409,14.947,169.02,794856.2
2026-08-12 22:00:00,4135001,INV04,0.0,0.0,163.123,741509.271
2026-08-12 22:15:00,4135001,INV01,0.0,0.0,169.407,651873.236
2026-08-12 22:15:00,4135001,INV02,0.826,0.801,166.069,882347.522
2026-08-12 22:15:00,4135001,INV03,19.396,18.815,169.025,794856.205
2026-08-12 22:15:00,4135001,INV04,0.0,0.0,163.123,741509.271
2026-08-12 22:30:00,4135001,INV01,0.0,0.0,169.407,651873.236
2026-08-12 22:30:00,4135001,INV02,0.0,0.0,166.069,882347.522
2026-08-12 22:30:00,4135001,INV03,0.002,0.002,169.025,794856.205
2026-08-12 22:30:00,4135001,INV04,11.814,11.459,163.125,741509.274
2026-08-12 22:45:00,4135001,INV01,17.907,17.369,169.411,651873.24
2026-08-12 22:45:00,4135001,INV02,0.0,0.0,166.069,882347.522
2026-08-12 22:45:00,4135001,INV03,7.705,7.474,169.027,794856.206
2026-08-12 22:45:00,4135001,INV04,0.0,0.0,163.125,741509.274
2026-08-12 23:00:00,4135001,INV01,0.0,0.0,169.411,651873.24
2026-08-12 23:00:00,4135001,INV02,0.0,0.0,166.069,882347.522
2026-08-12 23:00:00,4135001,INV03,0.0,0.0,169.027,794856.206
2026-08-12 23:00:00,4135001,INV04,0.0,0.0,163.125,741509.274
2026-08-12 23:15:00,4135001,INV01,20.351,19.74,169.416,651873.245
2026-08-12 23:15:00,4135001,INV02,6.784,6.581,166.07,882347.524
2026-08-12 23:15:00,4135001,INV03,9.498,9.213,169.029,794856.209
2026-08-12 23:15:00,4135001,INV04,0.0,0.0,163.125,741509.274
2026-08-12 23:30:00,4135001,INV01,4.721,4.579,169.417,651873.246
2026-08-12 23:30:00,4135001,INV02,12.088,11.726,166.073,882347.527
2026-08-12 23:30:00,4135001,INV03,20.751,20.129,169.034,794856.214
2026-08-12 23:30:00,4135001,INV04,7.098,6.885,163.127,741509.276
2026-08-12 23:45:00,4135001,INV01,19.256,18.678,169.422,651873.251
2026-08-12 23:45:00,4135001,INV02,0.703,0.682,166.074,882347.527
2026-08-12 23:45:00,4135001,INV03,6.552,6.355,169.036,794856.215
2026-08-12 23:45:00,4135001,INV04,1.713,1.662,163.128,741509.276
2026-08-13 00:00:00,4135001,INV01,0.0,0.0,0.0,651873.251
2026-08-13 00:00:00,4135001,INV02,0.0,0.0,0.0,882347.527
2026-08-13 00:00:00,4135001,INV03,15.356,14.895,0.004,794856.219
2026-08-13 00:00:00,4135001,INV04,23.068,22.376,0.006,741509.282
2026-08-13 00:15:00,4135001,INV01,9.212,8.935,0.002,651873.253
2026-08-13 00:15:00,4135001,INV02,0.0,0.0,0.0,882347.527
2026-08-13 00:15:00,4135001,INV03,2.49,2.416,0.004,794856.22
2026-08-13 00:15:00,4135001,INV04,14.947,14.499,0.009,741509.285
2026-08-13 00:30:00,4135001,INV01,0.0,0.0,0.002,651873.253
2026-08-13 00:30:00,4135001,INV02,0.0,0.0,0.0,882347.527
2026-08-13 00:30:00,4135001,INV03,0.0,0.0,0.004,794856.22
2026-08-13 00:30:00,4135001,INV04,0.0,0.0,0.009,741509.285
2026-08-13 00:45:00,4135001,INV01,0.0,0.0,0.002,651873.253
2026-08-13 00:45:00,4135001,INV02,0.0,0.0,0.0,882347.527
2026-08-13 00:45:00,4135001,INV03,0.0,0.0,0.004,794856.22
2026-08-13 00:45:00,4135001,INV04,0.0,0.0,0.009,741509.285
2026-08-13 01:00:00,4135001,INV01,19.356,18.776,0.007,651873.258
2026-08-13 01:00:00,4135001,INV02,0.0,0.0,0.0,882347.527
2026-08-13 01:00:00,4135001,INV03,47.106,45.693,0.016,794856.231
2026-08-13 01:00:00,4135001,INV04,0.0,0.0,0.009,741509.285
2026-08-13 01:15:00,4135001,INV01,0.0,0.0,0.007,651873.258
2026-08-13 01:15:00,4135001,INV02,0.0,0.0,0.0,882347.527
2026-08-13 01:15:00,4135001,INV03,7.914,7.676,0.018,794856.233
2026-08-13 01:15:00,4135001,INV04,9.06,8.789,0.011,741509.288
2026-08-13 01:30:00,4135001,INV01,0.0,0.0,0.007,651873.258
2026-08-13 01:30:00,4135001,INV02,29.126,28.252,0.007,882347.534
2026-08-13 01:30:00,4135001,INV03,0.0,0.0,0.018,794856.233
2026-08-13 01:30:00,4135001,INV04,0.0,0.0,0.011,741509.288
2026-08-13 01:45:00,4135001,INV01,1.233,1.196,0.007,651873.258
2026-08-13 01:45:00,4135001,INV02,0.0,0.0,0.007,882347.534
2026-08-13 01:45:00,4135001,INV03,10.507,10.192,0.02,794856.236
2026-08-13 01:45:00,4135001,INV04,0.0,0.0,0.011,741509.288
2026-08-13 02:00:00,4135001,INV01,9.434,9.151,0.01,651873.261
2026-08-13 02:00:00,4135001,INV02,0.0,0.0,0.007,882347.534
2026-08-13 02:00:00,4135001,INV03,0.27,0.262,0.02,794856.236
2026-08-13 02:00:00,4135001,INV04,40.471,39.256,0.021,741509.297
2026-08-13 02:15:00,4135001,INV01,19.41,18.828,0.014,651873.265
2026-08-13 02:15:00,4135001,INV02,0.0,0.0,0.007,882347.534
2026-08-13 02:15:00,4135001,INV03,0.0,0.0,0.02,794856.236
2026-08-13 02:15:00,4135001,INV04,8.035,7.794,0.023,741509.299
2026-08-13 02:30:00,4135001,INV01,17.15,16.635,0.018,651873.269
2026-08-13 02:30:00,4135001,INV02,15.546,15.079,0.011,882347.538
2026-08-13 02:30:00,4135001,INV03,3.184,3.089,0.021,794856.236
2026-08-13 02:30:00,4135001,INV04,3.609,3.5,0.024,741509.3
2026-08-13 02:45:00,4135001,INV01,0.0,0.0,0.018,651873.269
2026-08-13 02:45:00,4135001,INV02,0.0,0.0,0.011,882347.538
2026-08-13 02:45:00,4135001,INV03,0.0,0.0,0.021,794856.236
2026-08-13 02:45:00,4135001,INV04,0.0,0.0,0.024,741509.3
2026-08-13 03:00:00,4135001,INV01,0.0,0.0,0.018,651873.269
2026-08-13 03:00:00,4135001,INV02,6.061,5.88,0.012,882347.539
2026-08-13 03:00:00,4135001,INV03,0.0,0.0,0.021,794856.236
2026-08-13 03:00:00,4135001,INV04,0.0,0.0,0.024,741509.3
2026-08-13 03:15:00,4135001,INV01,0.0,0.0,0.018,651873.269
2026-08-13 03:15:00,4135001,INV02,9.424,9.141,0.015,882347.542
2026-08-13 03:15:00,4135001,INV03,11.515,11.17,0.024,794856.239
2026-08-13 03:15:00,4135001,INV04,1.481,1.436,0.024,741509.301
2026-08-13 03:30:00,4135001,INV01,0.0,0.0,0.018,651873.269
2026-08-13 03:30:00,4135001,INV02,0.0,0.0,0.015,882347.542
2026-08-13 03:30:00,4135001,INV03,0.0,0.0,0.024,794856.239
2026-08-13 03:30:00,4135001,INV04,0.0,0.0,0.024,741509.301
2026-08-13 03:45:00,4135001,INV01,3.313,3.214,0.019,651873.27
2026-08-13 03:45:00,4135001,INV02,10.601,10.283,0.017,882347.544
2026-08-13 03:45:00,4135001,INV03,0.0,0.0,0.024,794856.239
2026-08-13 03:45:00,4135001,INV04,0.0,0.0,0.024,741509.301
2026-08-13 04:00:00,4135001,INV01,8.178,7.932,0.021,651873.272
2026-08-13 04:00:00,4135001,INV02,2.702,2.621,0.018,882347.545
2026-08-13 04:00:00,4135001,INV03,0.0,0.0,0.024,794856.239
2026-08-13 04:00:00,4135001,INV04,10.229,9.922,0.027,741509.303
2026-08-13 04:15:00,4135001,INV01,0.0,0.0,0.021,651873.272
2026-08-13 04:15:00,4135001,INV02,4.79,4.646,0.019,882347.546
2026-08-13 04:15:00,4135001,INV03,0.0,0.0,0.024,794856.239
2026-08-13 04:15:00,4135001,INV04,3.63,3.521,0.028,741509.304
2026-08-13 04:30:00,4135001,INV01,0.0,0.0,0.021,651873.272
2026-08-13 04:30:00,4135001,INV02,0.0,0.0,0.019,882347.546
2026-08-13 04:30:00,4135001,INV03,11.402,11.06,0.027,794856.242
2026-08-13 04:30:00,4135001,INV04,0.0,0.0,0.028,741509.304
2026-08-13 04:45:00,4135001,INV01,0.0,0.0,0.021,651873.272
2026-08-13 04:45:00,4135001,INV02,3.303,3.204,0.02,882347.547
2026-08-13 04:45:00,4135001,INV03,10.485,10.17,0.029,794856.245
2026-08-13 04:45:00,4135001,INV04,2.342,2.271,0.028,741509.305
2026-08-13 05:00:00,4135001,INV01,0.0,0.0,0.021,651873.272
2026-08-13 05:00:00,4135001,INV02,14.281,13.853,0.023,882347.55
2026-08-13 05:00:00,4135001,INV03,14.582,14.144,0.033,794856.248
2026-08-13 05:00:00,4135001,INV04,17.28,16.761,0.033,741509.309
2026-08-13 05:15:00,4135001,INV01,0.658,0.638,0.021,651873.272
2026-08-13 05:15:00,4135001,INV02,12.208,11.842,0.026,882347.553
2026-08-13 05:15:00,4135001,INV03,0.0,0.0,0.033,794856.248
2026-08-13 05:15:00,4135001,INV04,0.0,0.0,0.033,741509.309
2026-08-13 05:30:00,4135001,INV01,3.421,3.318,0.022,651873.273
2026-08-13 05:30:00,4135001,INV02,0.0,0.0,0.026,882347.553
2026-08-13 05:30:00,4135001,INV03,10.083,9.78,0.035,794856.251
2026-08-13 05:30:00,4135001,INV04,12.413,12.04,0.036,741509.312
2026-08-13 05:45:00,4135001,INV01,1.214,1.177,0.022,651873.273
2026-08-13 05:45:00,4135001,INV02,0.0,0.0,0.026,882347.553
2026-08-13 05:45:00,4135001,INV03,9.481,9.196,0.037,794856.253
2026-08-13 05:45:00,4135001,INV04,8.434,8.181,0.038,741509.314
2026-08-13 06:00:00,4135001,INV01,3887.867,3771.231,0.965,651874.216
2026-08-13 06:00:00,4135001,INV02,4123.709,3999.998,1.026,882348.553
2026-08-13 06:00:00,4135001,INV03,3820.11,3705.507,0.964,794857.179
2026-08-13 06:00:00,4135001,INV04,3903.389,3786.287,0.984,741510.26
2026-08-13 06:15:00,4135001,INV01,2016.052,1955.571,1.454,651874.705
2026-08-13 06:15:00,4135001,INV02,1911.379,1854.037,1.49,882349.017
2026-08-13 06:15:00,4135001,INV03,1892.154,1835.389,1.423,794857.638
2026-08-13 06:15:00,4135001,INV04,1855.195,1799.539,1.434,741510.71
2026-08-13 06:30:00,4135001,INV01,3362.95,3262.062,2.27,651875.521
2026-08-13 06:30:00,4135001,INV02,3238.004,3140.864,2.275,882349.802
2026-08-13 06:30:00,4135001,INV03,3301.225,3202.188,2.223,794858.439
2026-08-13 06:30:00,4135001,INV04,3203.006,3106.916,2.211,741511.487
2026-08-13 06:45:00,4135001,INV01,4680.971,4540.542,3.405,651876.656
2026-08-13 06:45:00,4135001,INV02,4583.939,4446.421,3.387,882350.914
2026-08-13 06:45:00,4135001,INV03,4612.721,4474.34,3.342,794859.557
2026-08-13 06:45:00,4135001,INV04,4429.323,4296.444,3.285,741512.561
2026-08-13 07:00:00,4135001,INV01,4378.227,4246.88,4.467,651877.718
2026-08-13 07:00:00,4135001,INV02,4431.053,4298.122,4.461,882351.988
2026-08-13 07:00:00,4135001,INV03,4225.784,4099.011,4.367,794860.582
2026-08-13 07:00:00,4135001,INV04,4262.146,4134.281,4.318,741513.595
2026-08-13 07:15:00,4135001,INV01,2958.403,2869.651,5.184,651878.435
2026-08-13 07:15:00,4135001,INV02,2871.107,2784.973,5.157,882352.684
2026-08-13 07:15:00,4135001,INV03,2972.196,2883.03,5.087,794861.303
2026-08-13 07:15:00,4135001,INV04,2917.49,2829.965,5.026,741514.302
2026-08-13 07:30:00,4135001,INV01,7033.068,6822.076,6.889,651880.14
2026-08-13 07:30:00,4135001,INV02,6836.005,6630.925,6.815,882354.342
2026-08-13 07:30:00,4135001,INV03,7048.288,6836.839,6.797,794863.012
2026-08-13 07:30:00,4135001,INV04,6921.395,6713.753,6.704,741515.981
2026-08-13 07:45:00,4135001,INV01,7235.365,7018.304,8.644,651881.895
2026-08-13 07:45:00,4135001,INV02,7412.05,7189.689,8.612,882356.14
2026-08-13 07:45:00,4135001,INV03,7775.51,7542.244,8.682,794864.897
2026-08-13 07:45:00,4135001,INV04,7850.592,7615.074,8.608,741517.884
2026-08-13 08:00:00,4135001,INV01,9988.909,9689.242,11.066,651884.317
2026-08-13 08:00:00,4135001,INV02,10089.477,9786.793,11.059,882358.586
2026-08-13 08:00:00,4135001,INV03,9947.855,9649.419,11.094,794867.31
2026-08-13 08:00:00,4135001,INV04,10297.813,9988.879,11.105,741520.382
2026-08-13 08:15:00,4135001,INV01,9295.012,9016.162,13.32,651886.571
2026-08-13 08:15:00,4135001,INV02,9150.068,8875.566,13.278,882360.805
2026-08-13 08:15:00,4135001,INV03,8899.447,8632.463,13.253,794869.468
2026-08-13 08:15:00,4135001,INV04,9171.996,8896.836,13.33,741522.606
2026-08-13 08:30:00,4135001,INV01,12234.712,11867.671,16.287,651889.538
2026-08-13 08:30:00,4135001,INV02,12403.085,12030.992,16.286,882363.813
2026-08-13 08:30:00,4135001,INV03,12539.341,12163.16,16.293,794872.509
2026-08-13 08:30:00,4135001,INV04,12171.756,11806.603,16.281,741525.557
2026-08-13 08:45:00,4135001,INV01,12009.112,11648.839,19.2,651892.451
2026-08-13 08:45:00,4135001,INV02,12152.798,11788.214,19.233,882366.76
2026-08-13 08:45:00,4135001,INV03,11794.782,11440.938,19.154,794875.369
2026-08-13 08:45:00,4135001,INV04,12090.43,11727.717,19.213,741528.489
2026-08-13 09:00:00,4135001,INV01,12198.537,11832.581,22.158,651895.409
2026-08-13 09:00:00,4135001,INV02,11937.223,11579.106,22.128,882369.655
2026-08-13 09:00:00,4135001,INV03,12276.527,11908.231,22.131,794878.346
2026-08-13 09:00:00,4135001,INV04,12814.581,12430.143,22.321,741531.597
2026-08-13 09:15:00,4135001,INV01,14612.839,14174.454,25.701,651898.952
2026-08-13 09:15:00,4135001,INV02,15016.235,14565.748,25.769,882373.296
2026-08-13 09:15:00,4135001,INV03,15297.569,14838.642,25.84,794882.056
2026-08-13 09:15:00,4135001,INV04,15008.432,14558.179,25.96,741535.237
2026-08-13 09:30:00,4135001,INV01,15836.997,15361.887,29.542,651902.793
2026-08-13 09:30:00,4135001,INV02,15360.775,14899.952,29.494,882377.021
2026-08-13 09:30:00,4135001,INV03,15742.177,15269.912,29.658,794885.873
2026-08-13 09:30:00,4135001,INV04,15394.188,14932.362,29.693,741538.97
2026-08-13 09:45:00,4135001,INV01,20039.748,19438.556,34.401,651907.652
2026-08-13 09:45:00,4135001,INV02,20940.385,20312.173,34.572,882382.099
2026-08-13 09:45:00,4135001,INV03,20682.923,20062.435,34.673,794890.889
2026-08-13 09:45:00,4135001,INV04,20307.266,19698.048,34.618,741543.894
2026-08-13 10:00:00,4135001,INV01,17020.12,16509.516,38.529,651911.78
2026-08-13 10:00:00,4135001,INV02,16987.497,16477.872,38.692,882386.219
2026-08-13 10:00:00,4135001,INV03,17122.172,16608.507,38.825,794895.041
2026-08-13 10:00:00,4135001,INV04,18394.763,17842.92,39.079,741548.355
2026-08-13 10:15:00,4135001,INV01,17878.494,17342.139,42.864,651916.115
2026-08-13 10:15:00,4135001,INV02,18523.723,17968.011,43.184,882390.711
2026-08-13 10:15:00,4135001,INV03,18150.746,17606.224,43.227,794899.442
2026-08-13 10:15:00,4135001,INV04,17494.537,16969.701,43.321,741552.597
2026-08-13 10:30:00,4135001,INV01,22310.763,21641.44,48.275,651921.526
2026-08-13 10:30:00,4135001,INV02,21077.627,20445.298,48.295,882395.822
2026-08-13 10:30:00,4135001,INV03,22308.014,21638.773,48.637,794904.852
2026-08-13 10:30:00,4135001,INV04,21720.547,21068.931,48.588,741557.864
2026-08-13 10:45:00,4135001,INV01,24720.914,23979.287,54.269,651927.521
2026-08-13 10:45:00,4135001,INV02,25375.256,24613.998,54.448,882401.975
2026-08-13 10:45:00,4135001,INV03,24636.593,23897.495,54.611,794910.827
2026-08-13 10:45:00,4135001,INV04,24061.862,23340.006,54.423,741563.699
2026-08-13 11:00:00,4135001,INV01,22016.82,21356.315,59.609,651932.86
2026-08-13 11:00:00,4135001,INV02,22665.853,21985.877,59.945,882407.472
2026-08-13 11:00:00,4135001,INV03,22173.388,21508.186,59.988,794916.204
2026-08-13 11:00:00,4135001,INV04,21368.472,20727.418,59.605,741568.881
2026-08-13 11:15:00,4135001,INV01,23152.447,22457.874,65.223,651938.474
2026-08-13 11:15:00,4135001,INV02,22599.603,21921.615,65.425,882412.952
2026-08-13 11:15:00,4135001,INV03,23341.904,22641.647,65.649,794921.864
2026-08-13 11:15:00,4135001,INV04,21848.68,21193.219,64.903,741574.18
2026-08-13 11:30:00,4135001,INV01,24681.472,23941.028,71.208,651944.459
2026-08-13 11:30:00,4135001,INV02,24758.391,24015.64,71.429,882418.956
2026-08-13 11:30:00,4135001,INV03,25554.777,24788.133,71.846,794928.061
2026-08-13 11:30:00,4135001,INV04,25233.999,24476.979,71.023,741580.299
2026-08-13 11:45:00,4135001,INV01,25080.557,24328.141,77.29,651950.541
2026-08-13 11:45:00,4135001,INV02,25508.297,24743.048,77.615,882425.142
2026-08-13 11:45:00,4135001,INV03,24199.032,23473.061,77.714,794933.929
2026-08-13 11:45:00,4135001,INV04,24859.915,24114.117,77.051,741586.327
2026-08-13 12:00:00,4135001,INV01,24290.579,23561.862,83.181,651956.432
2026-08-13 12:00:00,4135001,INV02,24552.212,23815.646,83.569,882431.096
2026-08-13 12:00:00,4135001,INV03,25044.322,24292.993,83.787,794940.003
2026-08-13 12:00:00,4135001,INV04,25613.68,24845.27,83.262,741592.539
2026-08-13 12:15:00,4135001,INV01,25362.788,24601.905,89.331,651962.582
2026-08-13 12:15:00,4135001,INV02,25271.621,24513.473,89.697,882437.224
2026-08-13 12:15:00,4135001,INV03,24303.62,23574.512,89.681,794945.896
2026-08-13 12:15:00,4135001,INV04,25891.377,25114.636,89.541,741598.817
2026-08-13 12:30:00,4135001,INV01,27812.953,26978.564,96.076,651969.327
2026-08-13 12:30:00,4135001,INV02,28600.797,27742.773,96.633,882444.16
2026-08-13 12:30:00,4135001,INV03,29056.32,28184.63,96.727,794952.942
2026-08-13 12:30:00,4135001,INV04,29512.987,28627.597,96.698,741605.974
2026-08-13 12:45:00,4135001,INV01,25750.398,24977.886,102.32,651975.571
2026-08-13 12:45:00,4135001,INV02,26223.628,25436.919,102.992,882450.519
2026-08-13 12:45:00,4135001,INV03,25826.522,25051.726,102.99,794959.205
2026-08-13 12:45:00,4135001,INV04,25330.937,24571.009,102.841,741612.117
2026-08-13 13:00:00,4135001,INV01,25330.567,24570.65,108.463,651981.714
2026-08-13 13:00:00,4135001,INV02,24511.952,23776.593,108.936,882456.463
2026-08-13 13:00:00,4135001,INV03,24240.038,23512.837,108.868,794965.083
2026-08-13 13:00:00,4135001,INV04,23626.254,22917.466,108.57,741617.846
2026-08-13 13:15:00,4135001,INV01,23781.841,23068.386,114.23,651987.481
2026-08-13 13:15:00,4135001,INV02,23340.87,22640.644,114.596,882462.124
2026-08-13 13:15:00,4135001,INV03,23596.095,22888.212,114.59,794970.806
2026-08-13 13:15:00,4135001,INV04,23303.503,22604.398,114.221,741623.498
2026-08-13 13:30:00,4135001,INV01,19850.117,19254.614,119.044,651992.295
2026-08-13 13:30:00,4135001,INV02,20045.424,19444.062,119.457,882466.985
2026-08-13 13:30:00,4135001,INV03,20318.341,19708.79,119.517,794975.733
2026-08-13 13:30:00,4135001,INV04,20603.217,19985.121,119.218,741628.494
2026-08-13 13:45:00,4135001,INV01,22980.614,22291.196,124.617,651997.868
2026-08-13 13:45:00,4135001,INV02,23054.525,22362.889,125.048,882472.575
2026-08-13 13:45:00,4135001,INV03,23423.04,22720.348,125.197,794981.413
2026-08-13 13:45:00,4135001,INV04,22803.316,22119.216,124.747,741634.024
2026-08-13 14:00:00,4135001,INV01,23214.618,22518.179,130.246,652003.497
2026-08-13 14:00:00,4135001,INV02,23074.754,22382.511,130.644,882478.171
2026-08-13 14:00:00,4135001,INV03,22656.544,21976.848,130.692,794986.907
2026-08-13 14:00:00,4135001,INV04,22870.576,22184.459,130.293,741639.57
2026-08-13 14:15:00,4135001,INV01,18573.349,18016.149,134.75,652008.001
2026-08-13 14:15:00,4135001,INV02,18554.812,17998.168,135.143,882482.67
2026-08-13 14:15:00,4135001,INV03,19402.576,18820.499,135.397,794991.612
2026-08-13 14:15:00,4135001,INV04,18806.411,18242.219,134.854,741644.13
2026-08-13 14:30:00,4135001,INV01,17075.81,16563.535,138.891,652012.142
2026-08-13 14:30:00,4135001,INV02,17881.414,17344.972,139.48,882487.007
2026-08-13 14:30:00,4135001,INV03,17798.929,17264.961,139.713,794995.928
2026-08-13 14:30:00,4135001,INV04,17136.583,16622.486,139.01,741648.286
2026-08-13 14:45:00,4135001,INV01,18373.757,17822.545,143.347,652016.598
2026-08-13 14:45:00,4135001,INV02,18757.349,18194.629,144.028,882491.555
2026-08-13 14:45:00,4135001,INV03,19040.222,18469.016,144.33,795000.546
2026-08-13 14:45:00,4135001,INV04,18601.98,18043.921,143.521,741652.797
2026-08-13 15:00:00,4135001,INV01,17263.098,16745.205,147.533,652020.784
2026-08-13 15:00:00,4135001,INV02,17109.856,16596.561,148.177,882495.705
2026-08-13 15:00:00,4135001,INV03,16688.004,16187.364,148.377,795004.592
2026-08-13 15:00:00,4135001,INV04,16922.746,16415.063,147.624,741656.901
2026-08-13 15:15:00,4135001,INV01,14206.877,13780.671,150.978,652024.229
2026-08-13 15:15:00,4135001,INV02,14328.491,13898.636,151.652,882499.179
2026-08-13 15:15:00,4135001,INV03,14973.404,14524.202,152.008,795008.224
2026-08-13 15:15:00,4135001,INV04,14921.315,14473.675,151.243,741660.519
2026-08-13 15:30:00,4135001,INV01,5535.393,5369.331,152.32,652025.572
2026-08-13 15:30:00,4135001,INV02,12598.274,12220.326,154.707,882502.234
2026-08-13 15:30:00,4135001,INV03,11842.697,11487.416,154.88,795011.095
2026-08-13 15:30:00,4135001,INV04,12422.126,12049.462,154.255,741663.531
2026-08-13 15:45:00,4135001,INV01,9162.01,8887.15,154.542,652027.793
2026-08-13 15:45:00,4135001,INV02,8812.093,8547.73,156.844,882504.371
2026-08-13 15:45:00,4135001,INV03,8738.825,8476.66,156.999,795013.215
2026-08-13 15:45:00,4135001,INV04,9356.74,9076.038,156.524,741665.8
2026-08-13 16:00:00,4135001,INV01,10077.656,9775.326,156.986,652030.237
2026-08-13 16:00:00,4135001,INV02,9705.457,9414.293,159.198,882506.725
2026-08-13 16:00:00,4135001,INV03,9348.84,9068.375,159.266,795015.482
2026-08-13 16:00:00,4135001,INV04,9465.545,9181.578,158.82,741668.096
2026-08-13 16:15:00,4135001,INV01,10015.513,9715.048,159.415,652032.666
2026-08-13 16:15:00,4135001,INV02,10169.044,9863.973,161.664,882509.191
2026-08-13 16:15:00,4135001,INV03,10640.539,10321.323,161.847,795018.062
2026-08-13 16:15:00,4135001,INV04,10517.645,10202.116,161.37,741670.646
2026-08-13 16:30:00,4135001,INV01,6766.712,6563.711,161.056,652034.307
2026-08-13 16:30:00,4135001,INV02,6510.502,6315.187,163.242,882510.77
2026-08-13 16:30:00,4135001,INV03,6583.202,6385.706,163.443,795019.658
2026-08-13 16:30:00,4135001,INV04,6922.404,6714.732,163.049,741672.325
2026-08-13 16:45:00,4135001,INV01,7914.144,7676.72,162.975,652036.226
2026-08-13 16:45:00,4135001,INV02,7985.272,7745.714,165.179,882512.706
2026-08-13 16:45:00,4135001,INV03,8168.61,7923.552,165.424,795021.639
2026-08-13 16:45:00,4135001,INV04,8242.635,7995.356,165.048,741674.324
2026-08-13 17:00:00,4135001,INV01,6923.757,6716.045,164.654,652037.905
2026-08-13 17:00:00,4135001,INV02,7047.163,6835.748,166.888,882514.415
2026-08-13 17:00:00,4135001,INV03,7036.598,6825.5,167.13,795023.346
2026-08-13 17:00:00,4135001,INV04,6863.776,6657.863,166.712,741675.988
2026-08-13 17:15:00,4135001,INV01,5415.552,5253.086,165.967,652039.218
2026-08-13 17:15:00,4135001,INV02,5813.499,5639.094,168.298,882515.825
2026-08-13 17:15:00,4135001,INV03,5818.529,5643.973,168.541,795024.757
2026-08-13 17:15:00,4135001,INV04,5603.651,5435.541,168.071,741677.347
2026-08-13 17:30:00,4135001,INV01,7016.862,6806.357,167.669,652040.92
2026-08-13 17:30:00,4135001,INV02,6527.043,6331.232,169.88,882517.407
2026-08-13 17:30:00,4135001,INV03,6929.952,6722.054,170.222,795026.437
2026-08-13 17:30:00,4135001,INV04,6741.574,6539.327,169.706,741678.982
2026-08-13 17:45:00,4135001,INV01,3695.586,3584.719,168.565,652041.816
2026-08-13 17:45:00,4135001,INV02,3666.877,3556.871,170.77,882518.297
2026-08-13 17:45:00,4135001,INV03,3781.799,3668.345,171.139,795027.354
2026-08-13 17:45:00,4135001,INV04,3682.942,3572.454,170.599,741679.875
2026-08-13 18:00:00,4135001,INV01,4862.998,4717.108,169.744,652042.995
2026-08-13 18:00:00,4135001,INV02,4877.997,4731.657,171.953,882519.48
2026-08-13 18:00:00,4135001,INV03,5096.765,4943.862,172.375,795028.59
2026-08-13 18:00:00,4135001,INV04,4799.966,4655.967,171.763,741681.039
2026-08-13 18:15:00,4135001,INV01,3416.55,3314.053,170.573,652043.824
2026-08-13 18:15:00,4135001,INV02,3367.982,3266.942,172.769,882520.296
2026-08-13 18:15:00,4135001,INV03,3217.326,3120.806,173.155,795029.37
2026-08-13 18:15:00,4135001,INV04,3467.372,3363.351,172.604,741681.88
2026-08-13 18:30:00,4135001,INV01,1494.481,1449.646,170.935,652044.186
2026-08-13 18:30:00,4135001,INV02,1521.316,1475.677,173.138,882520.665
2026-08-13 18:30:00,4135001,INV03,1478.928,1434.56,173.514,795029.729
2026-08-13 18:30:00,4135001,INV04,1465.306,1421.346,172.959,741682.235
2026-08-13 18:45:00,4135001,INV01,0.0,0.0,170.935,652044.186
2026-08-13 18:45:00,4135001,INV02,0.0,0.0,173.138,882520.665
2026-08-13 18:45:00,4135001,INV03,20.562,19.945,173.519,795029.734
2026-08-13 18:45:00,4135001,INV04,0.766,0.743,172.959,741682.236
2026-08-13 19:00:00,4135001,INV01,67.186,65.171,170.952,652044.203
2026-08-13 19:00:00,4135001,INV02,16.491,15.996,173.142,882520.669
2026-08-13 19:00:00,4135001,INV03,28.224,27.378,173.525,795029.741
2026-08-13 19:00:00,4135001,INV04,0.0,0.0,172.959,741682.236
2026-08-13 19:15:00,4135001,INV01,4.852,4.706,170.953,652044.204
2026-08-13 19:15:00,4135001,INV02,28.57,27.713,173.149,882520.676
2026-08-13 19:15:00,4135001,INV03,0.0,0.0,173.525,795029.741
2026-08-13 19:15:00,4135001,INV04,0.0,0.0,172.959,741682.236
2026-08-13 19:30:00,4135001,INV01,1.338,1.298,170.953,652044.204
2026-08-13 19:30:00,4135001,INV02,0.0,0.0,173.149,882520.676
2026-08-13 19:30:00,4135001,INV03,3.0,2.91,173.526,795029.742
2026-08-13 19:30:00,4135001,INV04,0.0,0.0,172.959,741682.236
2026-08-13 19:45:00,4135001,INV01,0.0,0.0,170.953,652044.204
2026-08-13 19:45:00,4135001,INV02,29.636,28.747,173.156,882520.683
2026-08-13 19:45:00,4135001,INV03,0.0,0.0,173.526,795029.742
2026-08-13 19:45:00,4135001,INV04,15.408,14.946,172.963,741682.239
2026-08-13 20:00:00,4135001,INV01,0.0,0.0,170.953,652044.204
2026-08-13 20:00:00,4135001,INV02,0.0,0.0,173.156,882520.683
2026-08-13 20:00:00,4135001,INV03,0.0,0.0,173.526,795029.742
2026-08-13 20:00:00,4135001,INV04,0.0,0.0,172.963,741682.239
2026-08-13 20:15:00,4135001,INV01,0.0,0.0,170.953,652044.204
2026-08-13 20:15:00,4135001,INV02,0.0,0.0,173.156,882520.683
2026-08-13 20:15:00,4135001,INV03,0.0,0.0,173.526,795029.742
2026-08-13 20:15:00,4135001,INV04,3.014,2.923,172.964,741682.24
2026-08-13 20:30:00,4135001,INV01,0.0,0.0,170.953,652044.204
2026-08-13 20:30:00,4135001,INV02,1.99,1.931,173.157,882520.684
2026-08-13 20:30:00,4135001,INV03,0.0,0.0,173.526,795029.742
2026-08-13 20:30:00,4135001,INV04,0.0,0.0,172.964,741682.24
2026-08-13 20:45:00,4135001,INV01,0.0,0.0,170.953,652044.204
2026-08-13 20:45:00,4135001,INV02,9.977,9.677,173.159,882520.686
2026-08-13 20:45:00,4135001,INV03,16.512,16.017,173.53,795029.746
2026-08-13 20:45:00,4135001,INV04,0.0,0.0,172.964,741682.24
2026-08-13 21:00:00,4135001,INV01,16.031,15.55,170.957,652044.208
2026-08-13 21:00:00,4135001,INV02,8.233,7.986,173.161,882520.688
2026-08-13 21:00:00,4135001,INV03,0.0,0.0,173.53,795029.746
2026-08-13 21:00:00,4135001,INV04,3.892,3.775,172.965,741682.241
2026-08-13 21:15:00,4135001,INV01,17.693,17.162,170.961,652044.212
2026-08-13 21:15:00,4135001,INV02,0.0,0.0,173.161,882520.688
2026-08-13 21:15:00,4135001,INV03,0.0,0.0,173.53,795029.746
2026-08-13 21:15:00,4135001,INV04,2.425,2.352,172.965,741682.242
2026-08-13 21:30:00,4135001,INV01,0.0,0.0,170.961,652044.212
2026-08-13 21:30:00,4135001,INV02,0.0,0.0,173.161,882520.688
2026-08-13 21:30:00,4135001,INV03,0.0,0.0,173.53,795029.746
2026-08-13 21:30:00,4135001,INV04,18.662,18.102,172.97,741682.246
2026-08-13 21:45:00,4135001,INV01,16.693,16.192,170.965,652044.216
2026-08-13 21:45:00,4135001,INV02,0.0,0.0,173.161,882520.688
2026-08-13 21:45:00,4135001,INV03,0.0,0.0,173.53,795029.746
2026-08-13 21:45:00,4135001,INV04,0.0,0.0,172.97,741682.246
2026-08-13 22:00:00,4135001,INV01,0.0,0.0,170.965,652044.216
2026-08-13 22:00:00,4135001,INV02,0.0,0.0,173.161,882520.688
2026-08-13 22:00:00,4135001,INV03,0.0,0.0,173.53,795029.746
2026-08-13 22:00:00,4135001,INV04,7.3,7.081,172.972,741682.248
2026-08-13 22:15:00,4135001,INV01,20.395,19.783,170.97,652044.221
2026-08-13 22:15:00,4135001,INV02,17.323,16.803,173.165,882520.692
2026-08-13 22:15:00,4135001,INV03,1.923,1.865,173.531,795029.746
2026-08-13 22:15:00,4135001,INV04,1.646,1.597,172.972,741682.248
2026-08-13 22:30:00,4135001,INV01,21.142,20.508,170.975,652044.226
2026-08-13 22:30:00,4135001,INV02,0.0,0.0,173.165,882520.692
2026-08-13 22:30:00,4135001,INV03,0.0,0.0,173.531,795029.746
2026-08-13 22:30:00,4135001,INV04,0.0,0.0,172.972,741682.248
2026-08-13 22:45:00,4135001,INV01,2.347,2.276,170.976,652044.227
2026-08-13 22:45:00,4135001,INV02,0.0,0.0,173.165,882520.692
2026-08-13 22:45:00,4135001,INV03,0.0,0.0,173.531,795029.746
2026-08-13 22:45:00,4135001,INV04,18.299,17.75,172.976,741682.253
2026-08-13 23:00:00,4135001,INV01,0.0,0.0,170.976,652044.227
2026-08-13 23:00:00,4135001,INV02,0.0,0.0,173.165,882520.692
2026-08-13 23:00:00,4135001,INV03,0.0,0.0,173.531,795029.746
2026-08-13 23:00:00,4135001,INV04,0.0,0.0,172.976,741682.253
2026-08-13 23:15:00,4135001,INV01,0.0,0.0,170.976,652044.227
2026-08-13 23:15:00,4135001,INV02,0.0,0.0,173.165,882520.692
2026-08-13 23:15:00,4135001,INV03,18.45,17.896,173.535,795029.751
2026-08-13 23:15:00,4135001,INV04,0.0,0.0,172.976,741682.253
2026-08-13 23:30:00,4135001,INV01,0.0,0.0,170.976,652044.227
2026-08-13 23:30:00,4135001,INV02,31.299,30.36,173.173,882520.7
2026-08-13 23:30:00,4135001,INV03,21.759,21.106,173.54,795029.756
2026-08-13 23:30:00,4135001,INV04,0.0,0.0,172.976,741682.253
2026-08-13 23:45:00,4135001,INV01,0.0,0.0,170.976,652044.227
2026-08-13 23:45:00,4135001,INV02,0.0,0.0,173.173,882520.7
2026-08-13 23:45:00,4135001,INV03,0.0,0.0,173.54,795029.756
2026-08-13 23:45:00,4135001,INV04,0.0,0.0,172.976,741682.253
2026-08-14 00:00:00,4135001,INV01,0.0,0.0,0.0,652044.227
2026-08-14 00:00:00,4135001,INV02,0.0,0.0,0.0,882520.7
2026-08-14 00:00:00,4135001,INV03,25.224,24.467,0.006,795029.762
2026-08-14 00:00:00,4135001,INV04,0.0,0.0,0.0,741682.253
2026-08-14 00:15:00,4135001,INV01,22.614,21.935,0.005,652044.232
2026-08-14 00:15:00,4135001,INV02,0.0,0.0,0.0,882520.7
2026-08-14 00:15:00,4135001,INV03,0.0,0.0,0.006,795029.762
2026-08-14 00:15:00,4135001,INV04,18.354,17.804,0.004,741682.257
2026-08-14 00:30:00,4135001,INV01,0.0,0.0,0.005,652044.232
2026-08-14 00:30:00,4135001,INV02,0.0,0.0,0.0,882520.7
2026-08-14 00:30:00,4135001,INV03,5.053,4.901,0.007,795029.763
2026-08-14 00:30:00,4135001,INV04,0.0,0.0,0.004,741682.257
2026-08-14 00:45:00,4135001,INV01,4.046,3.925,0.006,652044.233
2026-08-14 00:45:00,4135001,INV02,1.141,1.107,0.0,882520.7
2026-08-14 00:45:00,4135001,INV03,3.555,3.448,0.008,795029.764
2026-08-14 00:45:00,4135001,INV04,0.0,0.0,0.004,741682.257
2026-08-14 01:00:00,4135001,INV01,0.0,0.0,0.006,652044.233
2026-08-14 01:00:00,4135001,INV02,0.0,0.0,0.0,882520.7
2026-08-14 01:00:00,4135001,INV03,0.0,0.0,0.008,795029.764
2026-08-14 01:00:00,4135001,INV04,0.0,0.0,0.004,741682.257
2026-08-14 01:15:00,4135001,INV01,0.0,0.0,0.006,652044.233
2026-08-14 01:15:00,4135001,INV02,14.396,13.964,0.004,882520.704
2026-08-14 01:15:00,4135001,INV03,0.0,0.0,0.008,795029.764
2026-08-14 01:15:00,4135001,INV04,0.0,0.0,0.004,741682.257
2026-08-14 01:30:00,4135001,INV01,10.393,10.081,0.009,652044.236
2026-08-14 01:30:00,4135001,INV02,23.464,22.76,0.009,882520.71
2026-08-14 01:30:00,4135001,INV03,10.061,9.759,0.011,795029.766
2026-08-14 01:30:00,4135001,INV04,0.0,0.0,0.004,741682.257
2026-08-14 01:45:00,4135001,INV01,0.0,0.0,0.009,652044.236
2026-08-14 01:45:00,4135001,INV02,0.0,0.0,0.009,882520.71
2026-08-14 01:45:00,4135001,INV03,0.0,0.0,0.011,795029.766
2026-08-14 01:45:00,4135001,INV04,17.14,16.626,0.009,741682.261
2026-08-14 02:00:00,4135001,INV01,0.0,0.0,0.009,652044.236
2026-08-14 02:00:00,4135001,INV02,0.0,0.0,0.009,882520.71
2026-08-14 02:00:00,4135001,INV03,5.384,5.222,0.012,795029.768
2026-08-14 02:00:00,4135001,INV04,0.0,0.0,0.009,741682.261
2026-08-14 02:15:00,4135001,INV01,26.053,25.271,0.015,652044.242
2026-08-14 02:15:00,4135001,INV02,10.999,10.669,0.012,882520.712
2026-08-14 02:15:00,4135001,INV03,19.505,18.92,0.017,795029.773
2026-08-14 02:15:00,4135001,INV04,10.276,9.968,0.011,741682.264
2026-08-14 02:30:00,4135001,INV01,12.144,11.78,0.018,652044.245
2026-08-14 02:30:00,4135001,INV02,0.0,0.0,0.012,882520.712
2026-08-14 02:30:00,4135001,INV03,20.933,20.305,0.022,795029.778
2026-08-14 02:30:00,4135001,INV04,0.821,0.797,0.011,741682.264
2026-08-14 02:45:00,4135001,INV01,19.154,18.58,0.023,652044.25
2026-08-14 02:45:00,4135001,INV02,17.084,16.572,0.016,882520.716
2026-08-14 02:45:00,4135001,INV03,0.0,0.0,0.022,795029.778
2026-08-14 02:45:00,4135001,INV04,10.024,9.723,0.014,741682.266
2026-08-14 03:00:00,4135001,INV01,0.0,0.0,0.023,652044.25
2026-08-14 03:00:00,4135001,INV02,14.991,14.541,0.02,882520.72
2026-08-14 03:00:00,4135001,INV03,0.0,0.0,0.022,795029.778
2026-08-14 03:00:00,4135001,INV04,16.928,16.42,0.018,741682.27
2026-08-14 03:15:00,4135001,INV01,0.0,0.0,0.023,652044.25
2026-08-14 03:15:00,4135001,INV02,0.0,0.0,0.02,882520.72
2026-08-14 03:15:00,4135001,INV03,12.78,12.397,0.025,795029.781
2026-08-14 03:15:00,4135001,INV04,6.934,6.726,0.02,741682.272
2026-08-14 03:30:00,4135001,INV01,0.0,0.0,0.023,652044.25
2026-08-14 03:30:00,4135001,INV02,0.0,0.0,0.02,882520.72
2026-08-14 03:30:00,4135001,INV03,0.0,0.0,0.025,795029.781
2026-08-14 03:30:00,4135001,INV04,0.0,0.0,0.02,741682.272
2026-08-14 03:45:00,4135001,INV01,14.503,14.068,0.026,652044.253
2026-08-14 03:45:00,4135001,INV02,0.0,0.0,0.02,882520.72
2026-08-14 03:45:00,4135001,INV03,3.078,2.985,0.026,795029.781
2026-08-14 03:45:00,4135001,INV04,6.711,6.509,0.021,741682.274
2026-08-14 04:00:00,4135001,INV01,0.0,0.0,0.026,652044.253
2026-08-14 04:00:00,4135001,INV02,0.0,0.0,0.02,882520.72
2026-08-14 04:00:00,4135001,INV03,0.0,0.0,0.026,795029.781
2026-08-14 04:00:00,4135001,INV04,0.0,0.0,0.021,741682.274
2026-08-14 04:15:00,4135001,INV01,25.556,24.789,0.033,652044.26
2026-08-14 04:15:00,4135001,INV02,0.0,0.0,0.02,882520.72
2026-08-14 04:15:00,4135001,INV03,15.476,15.012,0.029,795029.785
2026-08-14 04:15:00,4135001,INV04,0.0,0.0,0.021,741682.274
2026-08-14 04:30:00,4135001,INV01,2.561,2.484,0.033,652044.26
2026-08-14 04:30:00,4135001,INV02,0.0,0.0,0.02,882520.72
2026-08-14 04:30:00,4135001,INV03,0.0,0.0,0.029,795029.785
2026-08-14 04:30:00,4135001,INV04,0.0,0.0,0.021,741682.274
2026-08-14 04:45:00,4135001,INV01,18.922,18.355,0.038,652044.265
2026-08-14 04:45:00,4135001,INV02,0.0,0.0,0.02,882520.72
2026-08-14 04:45:00,4135001,INV03,22.485,21.811,0.035,795029.791
2026-08-14 04:45:00,4135001,INV04,0.0,0.0,0.021,741682.274
2026-08-14 05:00:00,4135001,INV01,0.0,0.0,0.038,652044.265
2026-08-14 05:00:00,4135001,INV02,13.993,13.573,0.023,882520.723
2026-08-14 05:00:00,4135001,INV03,1.085,1.053,0.035,795029.791
2026-08-14 05:00:00,4135001,INV04,3.778,3.665,0.022,741682.275
2026-08-14 05:15:00,4135001,INV01,0.0,0.0,0.038,652044.265
2026-08-14 05:15:00,4135001,INV02,0.0,0.0,0.023,882520.723
2026-08-14 05:15:00,4135001,INV03,11.381,11.04,0.038,795029.794
2026-08-14 05:15:00,4135001,INV04,0.0,0.0,0.022,741682.275
2026-08-14 05:30:00,4135001,INV01,0.0,0.0,0.038,652044.265
2026-08-14 05:30:00,4135001,INV02,4.074,3.952,0.024,882520.724
2026-08-14 05:30:00,4135001,INV03,15.139,14.685,0.042,795029.797
2026-08-14 05:30:00,4135001,INV04,0.0,0.0,0.022,741682.275
2026-08-14 05:45:00,4135001,INV01,0.0,0.0,0.038,652044.265
2026-08-14 05:45:00,4135001,INV02,0.0,0.0,0.024,882520.724
2026-08-14 05:45:00,4135001,INV03,0.324,0.314,0.042,795029.797
2026-08-14 05:45:00,4135001,INV04,0.0,0.0,0.022,741682.275
2026-08-14 06:00:00,4135001,INV01,1902.624,1845.545,0.499,652044.726
2026-08-14 06:00:00,4135001,INV02,1887.25,1830.632,0.482,882521.182
2026-08-14 06:00:00,4135001,INV03,1947.031,1888.62,0.514,795030.27
2026-08-14 06:00:00,4135001,INV04,1941.634,1883.385,0.493,741682.746
2026-08-14 06:15:00,4135001,INV01,3484.139,3379.615,1.344,652045.571
2026-08-14 06:15:00,4135001,INV02,3372.869,3271.683,1.3,882522.0
2026-08-14 06:15:00,4135001,INV03,3556.055,3449.374,1.376,795031.132
2026-08-14 06:15:00,4135001,INV04,3616.667,3508.167,1.37,741683.623
2026-08-14 06:30:00,4135001,INV01,5363.417,5202.514,2.645,652046.872
2026-08-14 06:30:00,4135001,INV02,5808.74,5634.478,2.708,882523.409
2026-08-14 06:30:00,4135001,INV03,5636.704,5467.603,2.743,795032.499
2026-08-14 06:30:00,4135001,INV04,5356.457,5195.763,2.669,741684.922
2026-08-14 06:45:00,4135001,INV01,4502.051,4366.99,3.736,652047.963
2026-08-14 06:45:00,4135001,INV02,4677.725,4537.393,3.843,882524.543
2026-08-14 06:45:00,4135001,INV03,4578.74,4441.378,3.853,795033.609
2026-08-14 06:45:00,4135001,INV04,4694.338,4553.508,3.807,741686.06
2026-08-14 07:00:00,4135001,INV01,6033.513,5852.508,5.2,652049.427
2026-08-14 07:00:00,4135001,INV02,5897.567,5720.64,5.273,882525.973
2026-08-14 07:00:00,4135001,INV03,5998.676,5818.715,5.308,795035.064
2026-08-14 07:00:00,4135001,INV04,6136.679,5952.579,5.295,741687.548
2026-08-14 07:15:00,4135001,INV01,6414.816,6222.372,6.755,652050.982
2026-08-14 07:15:00,4135001,INV02,6593.374,6395.573,6.872,882527.572
2026-08-14 07:15:00,4135001,INV03,6332.156,6142.192,6.844,795036.599
2026-08-14 07:15:00,4135001,INV04,6223.284,6036.585,6.805,741689.057
2026-08-14 07:30:00,4135001,INV01,7607.324,7379.105,8.6,652052.827
2026-08-14 07:30:00,4135001,INV02,8188.903,7943.236,8.858,882529.558
2026-08-14 07:30:00,4135001,INV03,7771.51,7538.365,8.728,795038.484
2026-08-14 07:30:00,4135001,INV04,8168.85,7923.785,8.786,741691.038
2026-08-14 07:45:00,4135001,INV01,6791.415,6587.673,10.247,652054.474
2026-08-14 07:45:00,4135001,INV02,6817.765,6613.232,10.511,882531.211
2026-08-14 07:45:00,4135001,INV03,7134.007,6919.986,10.458,795040.214
2026-08-14 07:45:00,4135001,INV04,7002.217,6792.151,10.484,741692.736
2026-08-14 08:00:00,4135001,INV01,10271.224,9963.087,12.738,652056.965
2026-08-14 08:00:00,4135001,INV02,10216.838,9910.333,12.989,882533.689
2026-08-14 08:00:00,4135001,INV03,10109.941,9806.643,12.91,795042.666
2026-08-14 08:00:00,4135001,INV04,9843.385,9548.084,12.871,741695.123
2026-08-14 08:15:00,4135001,INV01,8975.938,8706.66,14.914,652059.141
2026-08-14 08:15:00,4135001,INV02,8480.203,8225.797,15.045,882535.745
2026-08-14 08:15:00,4135001,INV03,8530.646,8274.727,14.978,795044.734
2026-08-14 08:15:00,4135001,INV04,9090.585,8817.868,15.075,741697.328
2026-08-14 08:30:00,4135001,INV01,12731.53,12349.584,18.002,652062.229
2026-08-14 08:30:00,4135001,INV02,12709.823,12328.528,18.127,882538.827
2026-08-14 08:30:00,4135001,INV03,12547.223,12170.806,18.021,795047.777
2026-08-14 08:30:00,4135001,INV04,12438.966,12065.797,18.091,741700.344
2026-08-14 08:45:00,4135001,INV01,10821.428,10496.786,20.626,652064.853
2026-08-14 08:45:00,4135001,INV02,10801.097,10477.064,20.746,882541.447
2026-08-14 08:45:00,4135001,INV03,10570.141,10253.037,20.584,795050.34
2026-08-14 08:45:00,4135001,INV04,10843.931,10518.613,20.721,741702.974
2026-08-14 09:00:00,4135001,INV01,12638.21,12259.063,23.691,652067.918
2026-08-14 09:00:00,4135001,INV02,13532.136,13126.172,24.028,882544.728
2026-08-14 09:00:00,4135001,INV03,12698.369,12317.418,23.664,795053.42
2026-08-14 09:00:00,4135001,INV04,13290.752,12892.029,23.944,741706.197
2026-08-14 09:15:00,4135001,INV01,13039.629,12648.441,26.853,652071.08
2026-08-14 09:15:00,4135001,INV02,13375.918,12974.64,27.272,882547.972
2026-08-14 09:15:00,4135001,INV03,13542.492,13136.217,26.948,795056.704
2026-08-14 09:15:00,4135001,INV04,12559.775,12182.981,26.99,741709.243
2026-08-14 09:30:00,4135001,INV01,18781.375,18217.934,31.407,652075.634
2026-08-14 09:30:00,4135001,INV02,18589.393,18031.711,31.78,882552.48
2026-08-14 09:30:00,4135001,INV03,19124.041,18550.32,31.585,795061.341
2026-08-14 09:30:00,4135001,INV04,18165.495,17620.53,31.395,741713.648
2026-08-14 09:45:00,4135001,INV01,18774.421,18211.189,35.96,652080.187
2026-08-14 09:45:00,4135001,INV02,19191.895,18616.138,36.434,882557.134
2026-08-14 09:45:00,4135001,INV03,19556.531,18969.835,36.328,795066.084
2026-08-14 09:45:00,4135001,INV04,19369.629,18788.54,36.092,741718.345
2026-08-14 10:00:00,4135001,INV01,18094.289,17551.461,40.348,652084.575
2026-08-14 10:00:00,4135001,INV02,18707.784,18146.55,40.97,882561.67
2026-08-14 10:00:00,4135001,INV03,18486.414,17931.822,40.811,795070.567
2026-08-14 10:00:00,4135001,INV04,17615.92,17087.443,40.364,741722.617
2026-08-14 10:15:00,4135001,INV01,21991.634,21331.885,45.681,652089.908
2026-08-14 10:15:00,4135001,INV02,21643.235,20993.938,46.219,882566.919
2026-08-14 10:15:00,4135001,INV03,21480.151,20835.746,46.02,795075.776
2026-08-14 10:15:00,4135001,INV04,23090.032,22397.331,45.963,741728.216
2026-08-14 10:30:00,4135001,INV01,21991.425,21331.682,51.014,652095.241
2026-08-14 10:30:00,4135001,INV02,21387.194,20745.578,51.405,882572.105
2026-08-14 10:30:00,4135001,INV03,20598.725,19980.763,51.015,795080.771
2026-08-14 10:30:00,4135001,INV04,21415.46,20772.996,51.157,741733.409
2026-08-14 10:45:00,4135001,INV01,24337.528,23607.402,56.916,652101.143
2026-08-14 10:45:00,4135001,INV02,9695.941,9405.063,53.756,882574.456
2026-08-14 10:45:00,4135001,INV03,25624.266,24855.538,57.229,795086.985
2026-08-14 10:45:00,4135001,INV04,25274.265,24516.037,57.286,741739.538
2026-08-14 11:00:00,4135001,INV01,21827.679,21172.849,62.209,652106.436
2026-08-14 11:00:00,4135001,INV02,21655.273,21005.615,59.008,882579.708
2026-08-14 11:00:00,4135001,INV03,20384.213,19772.686,62.172,795091.928
2026-08-14 11:00:00,4135001,INV04,20665.954,20045.976,62.297,741744.55
2026-08-14 11:15:00,4135001,INV01,23129.759,22435.866,67.818,652112.045
2026-08-14 11:15:00,4135001,INV02,23288.17,22589.525,64.655,882585.355
2026-08-14 11:15:00,4135001,INV03,23551.593,22845.045,67.883,795097.639
2026-08-14 11:15:00,4135001,INV04,23134.716,22440.674,67.907,741750.16
2026-08-14 11:30:00,4135001,INV01,26165.428,25380.465,74.163,652118.39
2026-08-14 11:30:00,4135001,INV02,26321.548,25531.902,71.038,882591.738
2026-08-14 11:30:00,4135001,INV03,27169.116,26354.042,74.472,795104.228
2026-08-14 11:30:00,4135001,INV04,26253.234,25465.637,74.274,741756.526
2026-08-14 11:45:00,4135001,INV01,25177.408,24422.086,80.269,652124.495
2026-08-14 11:45:00,4135001,INV02,24062.278,23340.409,76.873,882597.573
2026-08-14 11:45:00,4135001,INV03,23475.504,22771.239,80.165,795109.92
2026-08-14 11:45:00,4135001,INV04,25369.389,24608.307,80.426,741762.678
2026-08-14 12:00:00,4135001,INV01,22074.456,21412.222,85.622,652129.848
2026-08-14 12:00:00,4135001,INV02,21881.003,21224.573,82.179,882602.879
2026-08-14 12:00:00,4135001,INV03,22803.511,22119.405,85.694,795115.45
2026-08-14 12:00:00,4135001,INV04,21880.023,21223.622,85.732,741767.984
2026-08-14 12:15:00,4135001,INV01,24930.188,24182.283,91.667,652135.894
2026-08-14 12:15:00,4135001,INV02,25409.94,24647.642,88.341,882609.041
2026-08-14 12:15:00,4135001,INV03,25753.998,24981.378,91.94,795121.696
2026-08-14 12:15:00,4135001,INV04,25541.742,24775.489,91.926,741774.178
2026-08-14 12:30:00,4135001,INV01,27449.952,26626.454,98.324,652142.551
2026-08-14 12:30:00,4135001,INV02,25596.911,24829.004,94.549,882615.249
2026-08-14 12:30:00,4135001,INV03,27131.203,26317.267,98.519,795128.275
2026-08-14 12:30:00,4135001,INV04,25367.794,24606.76,98.077,741780.33
2026-08-14 12:45:00,4135001,INV01,28146.839,27302.434,105.149,652149.376
2026-08-14 12:45:00,4135001,INV02,26447.964,25654.525,100.962,882621.662
2026-08-14 12:45:00,4135001,INV03,26037.529,25256.404,104.833,795134.589
2026-08-14 12:45:00,4135001,INV04,27245.759,26428.386,104.684,741786.937
2026-08-14 13:00:00,4135001,INV01,24942.264,24193.996,111.198,652155.425
2026-08-14 13:00:00,4135001,INV02,24725.703,23983.932,106.958,882627.658
2026-08-14 13:00:00,4135001,INV03,24371.027,23639.896,110.743,795140.499
2026-08-14 13:00:00,4135001,INV04,23398.985,22697.016,110.359,741792.611
2026-08-14 13:15:00,4135001,INV01,27078.808,26266.443,117.764,652161.991
2026-08-14 13:15:00,4135001,INV02,26231.243,25444.306,113.319,882634.019
2026-08-14 13:15:00,4135001,INV03,27670.244,26840.137,117.453,795147.209
2026-08-14 13:15:00,4135001,INV04,27783.276,26949.777,117.096,741799.349
2026-08-14 13:30:00,4135001,INV01,22588.714,21911.053,123.242,652167.469
2026-08-14 13:30:00,4135001,INV02,23018.882,22328.315,118.901,882639.601
2026-08-14 13:30:00,4135001,INV03,23038.279,22347.131,123.04,795152.796
2026-08-14 13:30:00,4135001,INV04,23786.405,23072.813,122.864,741805.117
2026-08-14 13:45:00,4135001,INV01,22819.134,22134.56,128.776,652173.003
2026-08-14 13:45:00,4135001,INV02,22300.648,21631.629,124.309,882645.009
2026-08-14 13:45:00,4135001,INV03,21506.845,20861.64,128.255,795158.011
2026-08-14 13:45:00,4135001,INV04,21807.107,21152.894,128.152,741810.405
2026-08-14 14:00:00,4135001,INV01,20053.036,19451.445,133.639,652177.866
2026-08-14 14:00:00,4135001,INV02,18980.638,18411.219,128.912,882649.612
2026-08-14 14:00:00,4135001,INV03,19685.841,19095.266,133.029,795162.785
2026-08-14 14:00:00,4135001,INV04,18648.157,18088.712,132.675,741814.927
2026-08-14 14:15:00,4135001,INV01,18372.349,17821.178,138.094,652182.321
2026-08-14 14:15:00,4135001,INV02,18402.889,17850.803,133.375,882654.075
2026-08-14 14:15:00,4135001,INV03,18490.078,17935.375,137.513,795167.269
2026-08-14 14:15:00,4135001,INV04,17780.499,17247.084,136.986,741819.239
2026-08-14 14:30:00,4135001,INV01,18457.425,17903.702,142.57,652186.797
2026-08-14 14:30:00,4135001,INV02,17583.008,17055.518,137.639,882658.339
2026-08-14 14:30:00,4135001,INV03,17682.898,17152.411,141.801,795171.557
2026-08-14 14:30:00,4135001,INV04,17625.345,17096.585,141.261,741823.513
2026-08-14 14:45:00,4135001,INV01,18061.379,17519.538,146.95,652191.177
2026-08-14 14:45:00,4135001,INV02,18310.937,17761.609,142.079,882662.779
2026-08-14 14:45:00,4135001,INV03,17790.006,17256.306,146.115,795175.871
2026-08-14 14:45:00,4135001,INV04,17526.727,17000.926,145.511,741827.763
2026-08-14 15:00:00,4135001,INV01,15299.849,14840.854,150.66,652194.887
2026-08-14 15:00:00,4135001,INV02,15445.018,14981.668,145.824,882666.525
2026-08-14 15:00:00,4135001,INV03,15260.708,14802.887,149.816,795179.572
2026-08-14 15:00:00,4135001,INV04,16232.565,15745.589,149.447,741831.7
2026-08-14 15:15:00,4135001,INV01,11963.349,11604.449,153.561,652197.788
2026-08-14 15:15:00,4135001,INV02,11961.437,11602.594,148.725,882669.425
2026-08-14 15:15:00,4135001,INV03,11817.802,11463.268,152.682,795182.438
2026-08-14 15:15:00,4135001,INV04,12213.96,11847.541,152.409,741834.662
2026-08-14 15:30:00,4135001,INV01,14716.064,14274.582,157.13,652201.357
2026-08-14 15:30:00,4135001,INV02,14669.34,14229.26,152.282,882672.982
2026-08-14 15:30:00,4135001,INV03,14531.257,14095.319,156.206,795185.961
2026-08-14 15:30:00,4135001,INV04,14459.317,14025.538,155.915,741838.168
2026-08-14 15:45:00,4135001,INV01,12174.587,11809.35,160.082,652204.309
2026-08-14 15:45:00,4135001,INV02,11919.048,11561.477,155.173,882675.873
2026-08-14 15:45:00,4135001,INV03,12556.836,12180.13,159.251,795189.006
2026-08-14 15:45:00,4135001,INV04,12688.124,12307.48,158.992,741841.245
2026-08-14 16:00:00,4135001,INV01,12614.973,12236.523,163.141,652207.368
2026-08-14 16:00:00,4135001,INV02,3597.929,3489.992,156.045,882676.745
2026-08-14 16:00:00,4135001,INV03,12715.282,12333.823,162.334,795192.09
2026-08-14 16:00:00,4135001,INV04,12528.275,12152.427,162.03,741844.283
2026-08-14 16:15:00,4135001,INV01,7630.403,7401.491,164.992,652209.219
2026-08-14 16:15:00,4135001,INV02,8157.637,7912.908,158.023,882678.724
2026-08-14 16:15:00,4135001,INV03,8066.572,7824.575,164.29,795194.046
2026-08-14 16:15:00,4135001,INV04,8030.8,7789.876,163.978,741846.231
2026-08-14 16:30:00,4135001,INV01,9668.721,9378.66,167.336,652211.563
2026-08-14 16:30:00,4135001,INV02,4502.043,4366.982,159.115,882679.815
2026-08-14 16:30:00,4135001,INV03,9765.11,9472.157,166.658,795196.414
2026-08-14 16:30:00,4135001,INV04,9852.952,9557.363,166.367,741848.62
2026-08-14 16:45:00,4135001,INV01,6737.275,6535.156,168.97,652213.197
2026-08-14 16:45:00,4135001,INV02,6572.271,6375.103,160.709,882681.409
2026-08-14 16:45:00,4135001,INV03,6521.145,6325.511,168.24,795197.996
2026-08-14 16:45:00,4135001,INV04,6963.481,6754.577,168.056,741850.309
2026-08-14 17:00:00,4135001,INV01,8442.05,8188.788,171.017,652215.244
2026-08-14 17:00:00,4135001,INV02,7858.588,7622.83,162.615,882683.315
2026-08-14 17:00:00,4135001,INV03,8388.387,8136.735,170.274,795200.03
2026-08-14 17:00:00,4135001,INV04,7896.928,7660.02,169.971,741852.224
2026-08-14 17:15:00,4135001,INV01,6226.466,6039.672,172.527,652216.754
2026-08-14 17:15:00,4135001,INV02,6037.704,5856.573,164.079,882684.779
2026-08-14 17:15:00,4135001,INV03,5981.355,5801.914,171.724,795201.48
2026-08-14 17:15:00,4135001,INV04,6047.481,5866.057,171.437,741853.69
2026-08-14 17:30:00,4135001,INV01,3570.391,3463.28,173.393,652217.62
2026-08-14 17:30:00,4135001,INV02,3602.498,3494.423,164.952,882685.653
2026-08-14 17:30:00,4135001,INV03,3767.876,3654.84,172.638,795202.394
2026-08-14 17:30:00,4135001,INV04,3680.27,3569.862,172.33,741854.583
2026-08-14 17:45:00,4135001,INV01,2164.067,2099.145,173.918,652218.145
2026-08-14 17:45:00,4135001,INV02,2285.662,2217.092,165.507,882686.207
2026-08-14 17:45:00,4135001,INV03,2150.453,2085.94,173.16,795202.915
2026-08-14 17:45:00,4135001,INV04,2268.032,2199.991,172.88,741855.133
2026-08-14 18:00:00,4135001,INV01,4352.406,4221.834,174.973,652219.2
2026-08-14 18:00:00,4135001,INV02,4351.719,4221.168,166.562,882687.262
2026-08-14 18:00:00,4135001,INV03,4328.883,4199.017,174.209,795203.965
2026-08-14 18:00:00,4135001,INV04,1265.824,1227.849,173.187,741855.439
2026-08-14 18:15:00,4135001,INV01,3163.048,3068.156,175.74,652219.967
2026-08-14 18:15:00,4135001,INV02,3084.768,2992.225,167.31,882688.01
2026-08-14 18:15:00,4135001,INV03,3142.247,3047.98,174.971,795204.727
2026-08-14 18:15:00,4135001,INV04,3008.104,2917.861,173.916,741856.169
2026-08-14 18:30:00,4135001,INV01,2870.612,2784.494,176.436,652220.663
2026-08-14 18:30:00,4135001,INV02,2833.222,2748.225,167.997,882688.697
2026-08-14 18:30:00,4135001,INV03,2966.215,2877.228,175.691,795205.446
2026-08-14 18:30:00,4135001,INV04,1436.394,1393.302,174.265,741856.517
2026-08-14 18:45:00,4135001,INV01,0.0,0.0,176.436,652220.663
2026-08-14 18:45:00,4135001,INV02,9.874,9.578,168.0,882688.7
2026-08-14 18:45:00,4135001,INV03,0.0,0.0,175.691,795205.446
2026-08-14 18:45:00,4135001,INV04,11.022,10.692,174.267,741856.52
2026-08-14 19:00:00,4135001,INV01,7.796,7.562,176.438,652220.665
2026-08-14 19:00:00,4135001,INV02,15.498,15.033,168.003,882688.703
2026-08-14 19:00:00,4135001,INV03,1.525,1.479,175.691,795205.447
2026-08-14 19:00:00,4135001,INV04,4.653,4.514,174.268,741856.521
2026-08-14 19:15:00,4135001,INV01,0.267,0.259,176.438,652220.665
2026-08-14 19:15:00,4135001,INV02,7.277,7.059,168.005,882688.705
2026-08-14 19:15:00,4135001,INV03,18.762,18.199,175.696,795205.451
2026-08-14 19:15:00,4135001,INV04,0.0,0.0,174.268,741856.521
2026-08-14 19:30:00,4135001,INV01,16.309,15.82,176.442,652220.669
2026-08-14 19:30:00,4135001,INV02,0.0,0.0,168.005,882688.705
2026-08-14 19:30:00,4135001,INV03,0.0,0.0,175.696,795205.451
2026-08-14 19:30:00,4135001,INV04,0.0,0.0,174.268,741856.521
2026-08-14 19:45:00,4135001,INV01,33.368,32.367,176.45,652220.677
2026-08-14 19:45:00,4135001,INV02,1.347,1.307,168.005,882688.705
2026-08-14 19:45:00,4135001,INV03,0.0,0.0,175.696,795205.451
2026-08-14 19:45:00,4135001,INV04,4.23,4.103,174.269,741856.522
2026-08-14 20:00:00,4135001,INV01,0.0,0.0,176.45,652220.677
2026-08-14 20:00:00,4135001,INV02,0.0,0.0,168.005,882688.705
2026-08-14 20:00:00,4135001,INV03,0.0,0.0,175.696,795205.451
2026-08-14 20:00:00,4135001,INV04,0.0,0.0,174.269,741856.522
2026-08-14 20:15:00,4135001,INV01,6.525,6.329,176.452,652220.679
2026-08-14 20:15:00,4135001,INV02,0.0,0.0,168.005,882688.705
2026-08-14 20:15:00,4135001,INV03,0.0,0.0,175.696,795205.451
2026-08-14 20:15:00,4135001,INV04,20.85,20.224,174.274,741856.527
2026-08-14 20:30:00,4135001,INV01,0.0,0.0,176.452,652220.679
2026-08-14 20:30:00,4135001,INV02,1.46,1.416,168.006,882688.706
2026-08-14 20:30:00,4135001,INV03,31.29,30.351,175.703,795205.459
2026-08-14 20:30:00,4135001,INV04,20.061,19.46,174.279,741856.532
2026-08-14 20:45:00,4135001,INV01,0.0,0.0,176.452,652220.679
2026-08-14 20:45:00,4135001,INV02,0.62,0.601,168.006,882688.706
2026-08-14 20:45:00,4135001,INV03,0.0,0.0,175.703,795205.459
2026-08-14 20:45:00,4135001,INV04,0.0,0.0,174.279,741856.532
2026-08-14 21:00:00,4135001,INV01,0.0,0.0,176.452,652220.679
2026-08-14 21:00:00,4135001,INV02,0.0,0.0,168.006,882688.706
2026-08-14 21:00:00,4135001,INV03,0.0,0.0,175.703,795205.459
2026-08-14 21:00:00,4135001,INV04,0.0,0.0,174.279,741856.532
2026-08-14 21:15:00,4135001,INV01,0.0,0.0,176.452,652220.679
2026-08-14 21:15:00,4135001,INV02,0.0,0.0,168.006,882688.706
2026-08-14 21:15:00,4135001,INV03,0.0,0.0,175.703,795205.459
2026-08-14 21:15:00,4135001,INV04,24.818,24.073,174.285,741856.538
2026-08-14 21:30:00,4135001,INV01,7.815,7.581,176.454,652220.681
2026-08-14 21:30:00,4135001,INV02,6.061,5.879,168.007,882688.707
2026-08-14 21:30:00,4135001,INV03,0.0,0.0,175.703,795205.459
2026-08-14 21:30:00,4135001,INV04,13.283,12.884,174.289,741856.541
2026-08-14 21:45:00,4135001,INV01,17.418,16.896,176.458,652220.685
2026-08-14 21:45:00,4135001,INV02,24.121,23.398,168.013,882688.713
2026-08-14 21:45:00,4135001,INV03,0.0,0.0,175.703,795205.459
2026-08-14 21:45:00,4135001,INV04,0.37,0.359,174.289,741856.541
2026-08-14 22:00:00,4135001,INV01,0.0,0.0,176.458,652220.685
2026-08-14 22:00:00,4135001,INV02,0.0,0.0,168.013,882688.713
2026-08-14 22:00:00,4135001,INV03,37.262,36.144,175.712,795205.468
2026-08-14 22:00:00,4135001,INV04,17.887,17.351,174.293,741856.546
2026-08-14 22:15:00,4135001,INV01,0.0,0.0,176.458,652220.685
2026-08-14 22:15:00,4135001,INV02,4.109,3.986,168.014,882688.714
2026-08-14 22:15:00,4135001,INV03,18.614,18.056,175.717,795205.472
2026-08-14 22:15:00,4135001,INV04,12.695,12.314,174.296,741856.549
2026-08-14 22:30:00,4135001,INV01,15.466,15.002,176.462,652220.689
2026-08-14 22:30:00,4135001,INV02,19.779,19.186,168.019,882688.719
2026-08-14 22:30:00,4135001,INV03,0.0,0.0,175.717,795205.472
2026-08-14 22:30:00,4135001,INV04,7.989,7.749,174.298,741856.551
2026-08-14 22:45:00,4135001,INV01,0.0,0.0,176.462,652220.689
2026-08-14 22:45:00,4135001,INV02,23.863,23.147,168.025,882688.725
2026-08-14 22:45:00,4135001,INV03,0.0,0.0,175.717,795205.472
2026-08-14 22:45:00,4135001,INV04,15.433,14.97,174.302,741856.554
2026-08-14 23:00:00,4135001,INV01,0.0,0.0,176.462,652220.689
2026-08-14 23:00:00,4135001,INV02,9.904,9.607,168.027,882688.727
2026-08-14 23:00:00,4135001,INV03,0.0,0.0,175.717,795205.472
2026-08-14 23:00:00,4135001,INV04,17.962,17.424,174.306,741856.559
2026-08-14 23:15:00,4135001,INV01,4.768,4.625,176.463,652220.69
2026-08-14 23:15:00,4135001,INV02,15.505,15.04,168.031,882688.731
2026-08-14 23:15:00,4135001,INV03,17.424,16.901,175.721,795205.477
2026-08-14 23:15:00,4135001,INV04,15.884,15.407,174.31,741856.563
2026-08-14 23:30:00,4135001,INV01,0.0,0.0,176.463,652220.69
2026-08-14 23:30:00,4135001,INV02,7.615,7.386,168.033,882688.733
2026-08-14 23:30:00,4135001,INV03,5.572,5.405,175.722,795205.478
2026-08-14 23:30:00,4135001,INV04,1.279,1.24,174.31,741856.563
2026-08-14 23:45:00,4135001,INV01,0.0,0.0,176.463,652220.69
2026-08-14 23:45:00,4135001,INV02,0.0,0.0,168.033,882688.733
2026-08-14 23:45:00,4135001,INV03,0.0,0.0,175.722,795205.478
2026-08-14 23:45:00,4135001,INV04,0.0,0.0,174.31,741856.563
2026-08-15 00:00:00,4135001,INV01,28.709,27.847,0.007,652220.697
2026-08-15 00:00:00,4135001,INV02,0.0,0.0,0.0,882688.733
2026-08-15 00:00:00,4135001,INV03,0.0,0.0,0.0,795205.478
2026-08-15 00:00:00,4135001,INV04,0.0,0.0,0.0,741856.563
2026-08-15 00:15:00,4135001,INV01,9.177,8.901,0.009,652220.699
2026-08-15 00:15:00,4135001,INV02,25.726,24.955,0.006,882688.739
2026-08-15 00:15:00,4135001,INV03,8.104,7.86,0.002,795205.48
2026-08-15 00:15:00,4135001,INV04,0.0,0.0,0.0,741856.563
2026-08-15 00:30:00,4135001,INV01,0.696,0.675,0.009,652220.699
2026-08-15 00:30:00,4135001,INV02,0.0,0.0,0.006,882688.739
2026-08-15 00:30:00,4135001,INV03,25.406,24.644,0.008,795205.486
2026-08-15 00:30:00,4135001,INV04,12.85,12.465,0.003,741856.566
2026-08-15 00:45:00,4135001,INV01,23.99,23.271,0.015,652220.705
2026-08-15 00:45:00,4135001,INV02,9.068,8.796,0.008,882688.741
2026-08-15 00:45:00,4135001,INV03,0.0,0.0,0.008,795205.486
2026-08-15 00:45:00,4135001,INV04,0.0,0.0,0.003,741856.566
2026-08-15 01:00:00,4135001,INV01,0.0,0.0,0.015,652220.705
2026-08-15 01:00:00,4135001,INV02,0.0,0.0,0.008,882688.741
2026-08-15 01:00:00,4135001,INV03,0.0,0.0,0.008,795205.486
2026-08-15 01:00:00,4135001,INV04,0.0,0.0,0.003,741856.566
2026-08-15 01:15:00,4135001,INV01,0.0,0.0,0.015,652220.705
2026-08-15 01:15:00,4135001,INV02,0.0,0.0,0.008,882688.741
2026-08-15 01:15:00,4135001,INV03,0.0,0.0,0.008,795205.486
2026-08-15 01:15:00,4135001,INV04,0.0,0.0,0.003,741856.566
2026-08-15 01:30:00,4135001,INV01,0.0,0.0,0.015,652220.705
2026-08-15 01:30:00,4135001,INV02,0.0,0.0,0.008,882688.741
2026-08-15 01:30:00,4135001,INV03,0.0,0.0,0.008,795205.486
2026-08-15 01:30:00,4135001,INV04,5.617,5.448,0.004,741856.567
2026-08-15 01:45:00,4135001,INV01,22.585,21.908,0.021,652220.711
2026-08-15 01:45:00,4135001,INV02,11.437,11.094,0.011,882688.744
2026-08-15 01:45:00,4135001,INV03,0.0,0.0,0.008,795205.486
2026-08-15 01:45:00,4135001,INV04,3.32,3.22,0.005,741856.568
2026-08-15 02:00:00,4135001,INV01,0.0,0.0,0.021,652220.711
2026-08-15 02:00:00,4135001,INV02,11.18,10.845,0.014,882688.747
2026-08-15 02:00:00,4135001,INV03,2.051,1.989,0.009,795205.487
2026-08-15 02:00:00,4135001,INV04,0.0,0.0,0.005,741856.568
2026-08-15 02:15:00,4135001,INV01,0.012,0.012,0.021,652220.711
2026-08-15 02:15:00,4135001,INV02,8.404,8.152,0.016,882688.749
2026-08-15 02:15:00,4135001,INV03,0.0,0.0,0.009,795205.487
2026-08-15 02:15:00,4135001,INV04,0.0,0.0,0.005,741856.568
2026-08-15 02:30:00,4135001,INV01,0.0,0.0,0.021,652220.711
2026-08-15 02:30:00,4135001,INV02,0.0,0.0,0.016,882688.749
2026-08-15 02:30:00,4135001,INV03,20.549,19.933,0.014,795205.492
2026-08-15 02:30:00,4135001,INV04,7.575,7.348,0.007,741856.57
2026-08-15 02:45:00,4135001,INV01,0.0,0.0,0.021,652220.711
2026-08-15 02:45:00,4135001,INV02,23.8,23.086,0.022,882688.755
2026-08-15 02:45:00,4135001,INV03,0.0,0.0,0.014,795205.492
2026-08-15 02:45:00,4135001,INV04,0.0,0.0,0.007,741856.57
2026-08-15 03:00:00,4135001,INV01,0.0,0.0,0.021,652220.711
2026-08-15 03:00:00,4135001,INV02,18.388,17.837,0.026,882688.759
2026-08-15 03:00:00,4135001,INV03,0.0,0.0,0.014,795205.492
2026-08-15 03:00:00,4135001,INV04,0.0,0.0,0.007,741856.57
2026-08-15 03:15:00,4135001,INV01,0.0,0.0,0.021,652220.711
2026-08-15 03:15:00,4135001,INV02,12.267,11.899,0.029,882688.762
2026-08-15 03:15:00,4135001,INV03,0.0,0.0,0.014,795205.492
2026-08-15 03:15:00,4135001,INV04,4.925,4.777,0.008,741856.571
2026-08-15 03:30:00,4135001,INV01,6.968,6.759,0.022,652220.712
2026-08-15 03:30:00,4135001,INV02,14.825,14.38,0.033,882688.766
2026-08-15 03:30:00,4135001,INV03,0.0,0.0,0.014,795205.492
2026-08-15 03:30:00,4135001,INV04,38.856,37.69,0.018,741856.581
2026-08-15 03:45:00,4135001,INV01,13.279,12.88,0.026,652220.716
2026-08-15 03:45:00,4135001,INV02,14.064,13.643,0.036,882688.769
2026-08-15 03:45:00,4135001,INV03,0.0,0.0,0.014,795205.492
2026-08-15 03:45:00,4135001,INV04,19.039,18.468,0.022,741856.585
2026-08-15 04:00:00,4135001,INV01,0.0,0.0,0.026,652220.716
2026-08-15 04:00:00,4135001,INV02,0.0,0.0,0.036,882688.769
2026-08-15 04:00:00,4135001,INV03,6.562,6.365,0.015,795205.493
2026-08-15 04:00:00,4135001,INV04,0.0,0.0,0.022,741856.585
2026-08-15 04:15:00,4135001,INV01,4.095,3.972,0.027,652220.717
2026-08-15 04:15:00,4135001,INV02,3.637,3.528,0.037,882688.77
2026-08-15 04:15:00,4135001,INV03,0.0,0.0,0.015,795205.493
2026-08-15 04:15:00,4135001,INV04,4.836,4.69,0.024,741856.586
2026-08-15 04:30:00,4135001,INV01,0.0,0.0,0.027,652220.717
2026-08-15 04:30:00,4135001,INV02,4.478,4.344,0.038,882688.771
2026-08-15 04:30:00,4135001,INV03,0.0,0.0,0.015,795205.493
2026-08-15 04:30:00,4135001,INV04,19.612,19.024,0.028,741856.591
2026-08-15 04:45:00,4135001,INV01,0.0,0.0,0.027,652220.717
2026-08-15 04:45:00,4135001,INV02,9.252,8.975,0.04,882688.773
2026-08-15 04:45:00,4135001,INV03,14.057,13.635,0.019,795205.497
2026-08-15 04:45:00,4135001,INV04,0.0,0.0,0.028,741856.591
2026-08-15 05:00:00,4135001,INV01,0.0,0.0,0.027,652220.717
2026-08-15 05:00:00,4135001,INV02,0.0,0.0,0.04,882688.773
2026-08-15 05:00:00,4135001,INV03,7.265,7.047,0.02,795205.498
2026-08-15 05:00:00,4135001,INV04,0.0,0.0,0.028,741856.591
2026-08-15 05:15:00,4135001,INV01,0.0,0.0,0.027,652220.717
2026-08-15 05:15:00,4135001,INV02,21.581,20.934,0.046,882688.778
2026-08-15 05:15:00,4135001,INV03,0.0,0.0,0.02,795205.498
2026-08-15 05:15:00,4135001,INV04,28.915,28.048,0.035,741856.598
2026-08-15 05:30:00,4135001,INV01,28.996,28.126,0.034,652220.724
2026-08-15 05:30:00,4135001,INV02,0.0,0.0,0.046,882688.778
2026-08-15 05:30:00,4135001,INV03,15.692,15.221,0.024,795205.502
2026-08-15 05:30:00,4135001,INV04,28.322,27.472,0.042,741856.605
2026-08-15 05:45:00,4135001,INV01,0.0,0.0,0.034,652220.724
2026-08-15 05:45:00,4135001,INV02,0.0,0.0,0.046,882688.778
2026-08-15 05:45:00,4135001,INV03,0.0,0.0,0.024,795205.502
2026-08-15 05:45:00,4135001,INV04,13.631,13.222,0.045,741856.608
2026-08-15 06:00:00,4135001,INV01,454.587,440.949,0.144,652220.834
2026-08-15 06:00:00,4135001,INV02,470.943,456.815,0.16,882688.893
2026-08-15 06:00:00,4135001,INV03,442.919,429.632,0.132,795205.61
2026-08-15 06:00:00,4135001,INV04,451.356,437.815,0.155,741856.718
2026-08-15 06:15:00,4135001,INV01,183.238,177.741,0.188,652220.878
2026-08-15 06:15:00,4135001,INV02,199.71,193.719,0.208,882688.941
2026-08-15 06:15:00,4135001,INV03,205.926,199.748,0.182,795205.66
2026-08-15 06:15:00,4135001,INV04,193.297,187.498,0.202,741856.765
2026-08-15 06:30:00,4135001,INV01,1411.919,1369.561,0.531,652221.221
2026-08-15 06:30:00,4135001,INV02,438.454,425.301,0.315,882689.047
2026-08-15 06:30:00,4135001,INV03,1457.854,1414.118,0.535,795206.013
2026-08-15 06:30:00,4135001,INV04,725.29,703.532,0.378,741856.941
2026-08-15 06:45:00,4135001,INV01,4358.56,4227.803,1.588,652222.278
2026-08-15 06:45:00,4135001,INV02,4446.85,4313.445,1.393,882690.126
2026-08-15 06:45:00,4135001,INV03,4464.394,4330.462,1.618,795207.096
2026-08-15 06:45:00,4135001,INV04,4316.921,4187.413,1.425,741857.987
2026-08-15 07:00:00,4135001,INV01,6151.976,5967.417,3.079,652223.769
2026-08-15 07:00:00,4135001,INV02,5734.385,5562.353,2.784,882691.516
2026-08-15 07:00:00,4135001,INV03,5982.579,5803.102,3.068,795208.546
2026-08-15 07:00:00,4135001,INV04,5832.868,5657.882,2.839,741859.402
2026-08-15 07:15:00,4135001,INV01,5638.116,5468.973,4.447,652225.137
2026-08-15 07:15:00,4135001,INV02,5445.377,5282.016,4.104,882692.837
2026-08-15 07:15:00,4135001,INV03,5550.949,5384.421,4.415,795209.893
2026-08-15 07:15:00,4135001,INV04,5533.595,5367.587,4.181,741860.744
2026-08-15 07:30:00,4135001,INV01,5245.986,5088.607,5.719,652226.409
2026-08-15 07:30:00,4135001,INV02,5155.759,5001.087,5.354,882694.087
2026-08-15 07:30:00,4135001,INV03,5323.406,5163.703,5.705,795211.184
2026-08-15 07:30:00,4135001,INV04,5255.698,5098.027,5.455,741862.018
2026-08-15 07:45:00,4135001,INV01,7284.506,7065.971,7.485,652228.175
2026-08-15 07:45:00,4135001,INV02,7255.246,7037.589,7.114,882695.847
2026-08-15 07:45:00,4135001,INV03,7102.858,6889.772,7.428,795212.906
2026-08-15 07:45:00,4135001,INV04,6989.826,6780.131,7.15,741863.713
2026-08-15 08:00:00,4135001,INV01,10355.888,10045.211,9.997,652230.687
2026-08-15 08:00:00,4135001,INV02,10417.719,10105.188,9.64,882698.373
2026-08-15 08:00:00,4135001,INV03,10062.417,9760.545,9.868,795215.346
2026-08-15 08:00:00,4135001,INV04,10453.255,10139.657,9.685,741866.248
2026-08-15 08:15:00,4135001,INV01,9783.897,9490.38,12.369,652233.059
2026-08-15 08:15:00,4135001,INV02,10232.207,9925.241,12.121,882700.854
2026-08-15 08:15:00,4135001,INV03,10348.084,10037.642,12.377,795217.856
2026-08-15 08:15:00,4135001,INV04,9976.195,9676.909,12.105,741868.668
2026-08-15 08:30:00,4135001,INV01,10919.075,10591.503,15.017,652235.707
2026-08-15 08:30:00,4135001,INV02,10889.887,10563.191,14.762,882703.495
2026-08-15 08:30:00,4135001,INV03,10557.947,10241.208,14.938,795220.416
2026-08-15 08:30:00,4135001,INV04,10287.62,9978.991,14.599,741871.162
2026-08-15 08:45:00,4135001,INV01,14045.36,13623.999,18.423,652239.113
2026-08-15 08:45:00,4135001,INV02,14218.495,13791.94,18.21,882706.943
2026-08-15 08:45:00,4135001,INV03,14150.519,13726.004,18.369,795223.847
2026-08-15 08:45:00,4135001,INV04,14307.957,13878.718,18.069,741874.632
2026-08-15 09:00:00,4135001,INV01,16156.694,15671.993,22.341,652243.031
2026-08-15 09:00:00,4135001,INV02,16254.443,15766.81,22.152,882710.885
2026-08-15 09:00:00,4135001,INV03,16238.337,15751.187,22.307,795227.785
2026-08-15 09:00:00,4135001,INV04,16338.211,15848.065,22.031,741878.594
2026-08-15 09:15:00,4135001,INV01,17986.19,17446.604,26.703,652247.393
2026-08-15 09:15:00,4135001,INV02,17063.262,16551.364,26.29,882715.023
2026-08-15 09:15:00,4135001,INV03,17631.257,17102.319,26.583,795232.061
2026-08-15 09:15:00,4135001,INV04,17701.525,17170.479,26.324,741882.887
2026-08-15 09:30:00,4135001,INV01,16531.626,16035.678,30.712,652251.402
2026-08-15 09:30:00,4135001,INV02,17303.904,16784.787,30.486,882719.219
2026-08-15 09:30:00,4135001,INV03,16253.384,15765.783,30.524,795236.002
2026-08-15 09:30:00,4135001,INV04,16009.579,15529.292,30.206,741886.769
2026-08-15 09:45:00,4135001,INV01,19487.134,18902.52,35.437,652256.127
2026-08-15 09:45:00,4135001,INV02,19469.645,18885.556,35.207,882723.94
2026-08-15 09:45:00,4135001,INV03,19484.044,18899.523,35.249,795240.727
2026-08-15 09:45:00,4135001,INV04,19013.971,18443.552,34.817,741891.38
2026-08-15 10:00:00,4135001,INV01,18338.987,17788.817,39.885,652260.575
2026-08-15 10:00:00,4135001,INV02,18555.843,17999.168,39.707,882728.44
2026-08-15 10:00:00,4135001,INV03,18619.669,18061.079,39.764,795245.242
2026-08-15 10:00:00,4135001,INV04,18196.7,17650.799,39.23,741895.793
2026-08-15 10:15:00,4135001,INV01,20339.099,19728.926,44.817,652265.507
2026-08-15 10:15:00,4135001,INV02,21056.3,20424.611,44.813,882733.546
2026-08-15 10:15:00,4135001,INV03,20163.101,19558.208,44.654,795250.132
2026-08-15 10:15:00,4135001,INV04,20849.509,20224.024,44.286,741900.849
2026-08-15 10:30:00,4135001,INV01,23036.001,22344.921,50.403,652271.093
2026-08-15 10:30:00,4135001,INV02,23493.31,22788.511,50.51,882739.243
2026-08-15 10:30:00,4135001,INV03,23890.996,23174.266,50.447,795255.925
2026-08-15 10:30:00,4135001,INV04,24236.572,23509.475,50.163,741906.726
2026-08-15 10:45:00,4135001,INV01,21870.76,21214.637,55.707,652276.397
2026-08-15 10:45:00,4135001,INV02,21402.555,20760.478,55.7,882744.433
2026-08-15 10:45:00,4135001,INV03,21013.072,20382.679,55.543,795261.021
2026-08-15 10:45:00,4135001,INV04,20790.312,20166.603,55.205,741911.768
2026-08-15 11:00:00,4135001,INV01,22275.603,21607.335,61.108,652281.798
2026-08-15 11:00:00,4135001,INV02,22792.254,22108.486,61.228,882749.96
2026-08-15 11:00:00,4135001,INV03,23599.016,22891.045,61.266,795266.744
2026-08-15 11:00:00,4135001,INV04,23671.475,22961.331,60.945,741917.508
2026-08-15 11:15:00,4135001,INV01,25353.535,24592.929,67.257,652287.947
2026-08-15 11:15:00,4135001,INV02,25744.274,24971.945,67.471,882756.203
2026-08-15 11:15:00,4135001,INV03,26530.905,25734.978,67.7,795273.178
2026-08-15 11:15:00,4135001,INV04,25123.771,24370.058,67.037,741923.6
2026-08-15 11:30:00,4135001,INV01,26693.823,25893.008,73.73,652294.42
2026-08-15 11:30:00,4135001,INV02,27754.188,26921.562,74.201,882762.934
2026-08-15 11:30:00,4135001,INV03,26198.514,25412.559,74.053,795279.531
2026-08-15 11:30:00,4135001,INV04,26258.751,25470.989,73.405,741929.968
2026-08-15 11:45:00,4135001,INV01,10724.373,10402.642,76.331,652297.021
2026-08-15 11:45:00,4135001,INV02,24638.947,23899.779,80.176,882768.909
2026-08-15 11:45:00,4135001,INV03,24243.807,23516.492,79.932,795285.41
2026-08-15 11:45:00,4135001,INV04,24103.274,23380.176,79.25,741935.813
2026-08-15 12:00:00,4135001,INV01,27068.299,26256.25,82.895,652303.585
2026-08-15 12:00:00,4135001,INV02,26555.83,25759.155,86.616,882775.349
2026-08-15 12:00:00,4135001,INV03,26841.442,26036.199,86.441,795291.919
2026-08-15 12:00:00,4135001,INV04,26939.201,26131.025,85.783,741942.346
2026-08-15 12:15:00,4135001,INV01,29078.612,28206.254,89.946,652310.636
2026-08-15 12:15:00,4135001,INV02,28755.595,27892.927,93.589,882782.322
2026-08-15 12:15:00,4135001,INV03,27732.458,26900.484,93.166,795298.644
2026-08-15 12:15:00,4135001,INV04,27656.532,26826.836,92.49,741949.053
2026-08-15 12:30:00,4135001,INV01,27073.804,26261.59,96.512,652317.202
2026-08-15 12:30:00,4135001,INV02,26251.598,25464.05,99.955,882788.688
2026-08-15 12:30:00,4135001,INV03,27088.762,26276.099,99.735,795305.213
2026-08-15 12:30:00,4135001,INV04,25394.087,24632.265,98.648,741955.211
2026-08-15 12:45:00,4135001,INV01,25807.77,25033.537,102.77,652323.46
2026-08-15 12:45:00,4135001,INV02,25667.045,24897.034,106.179,882794.912
2026-08-15 12:45:00,4135001,INV03,24946.366,24197.975,105.784,795311.263
2026-08-15 12:45:00,4135001,INV04,25716.869,24945.363,104.884,741961.447
2026-08-15 13:00:00,4135001,INV01,26524.786,25729.043,109.202,652329.892
2026-08-15 13:00:00,4135001,INV02,25580.92,24813.493,112.383,882801.115
2026-08-15 13:00:00,4135001,INV03,25781.352,25007.911,112.036,795317.515
2026-08-15 13:00:00,4135001,INV04,26971.97,26162.811,111.425,741967.988
2026-08-15 13:15:00,4135001,INV01,21822.734,21168.052,114.494,652335.184
2026-08-15 13:15:00,4135001,INV02,23594.567,22886.73,118.104,882806.837
2026-08-15 13:15:00,4135001,INV03,22931.918,22243.961,117.597,795323.076
2026-08-15 13:15:00,4135001,INV04,23366.442,22665.448,117.091,741973.654
2026-08-15 13:30:00,4135001,INV01,25192.923,24437.135,120.604,652341.294
2026-08-15 13:30:00,4135001,INV02,25847.298,25071.879,124.372,882813.105
2026-08-15 13:30:00,4135001,INV03,25399.005,24637.035,123.757,795329.235
2026-08-15 13:30:00,4135001,INV04,25151.83,24397.275,123.19,741979.753
2026-08-15 13:45:00,4135001,INV01,21733.615,21081.607,125.874,652346.564
2026-08-15 13:45:00,4135001,INV02,21420.909,20778.282,129.567,882818.3
2026-08-15 13:45:00,4135001,INV03,21536.187,20890.102,128.979,795334.457
2026-08-15 13:45:00,4135001,INV04,21515.87,20870.394,128.408,741984.971
2026-08-15 14:00:00,4135001,INV01,23932.986,23214.996,131.678,652352.368
2026-08-15 14:00:00,4135001,INV02,23210.424,22514.112,135.195,882823.928
2026-08-15 14:00:00,4135001,INV03,23523.942,22818.224,134.684,795340.162
2026-08-15 14:00:00,4135001,INV04,23263.504,22565.599,134.049,741990.612
2026-08-15 14:15:00,4135001,INV01,20449.869,19836.373,136.637,652357.327
2026-08-15 14:15:00,4135001,INV02,22061.633,21399.784,140.545,882829.278
2026-08-15 14:15:00,4135001,INV03,20859.41,20233.628,139.742,795345.22
2026-08-15 14:15:00,4135001,INV04,21823.88,21169.164,139.342,741995.905
2026-08-15 14:30:00,4135001,INV01,16684.204,16183.678,140.683,652361.373
2026-08-15 14:30:00,4135001,INV02,17086.527,16573.931,144.689,882833.422
2026-08-15 14:30:00,4135001,INV03,16853.787,16348.173,143.829,795349.307
2026-08-15 14:30:00,4135001,INV04,15810.544,15336.228,143.176,741999.739
2026-08-15 14:45:00,4135001,INV01,15081.432,14628.989,144.34,652365.03
2026-08-15 14:45:00,4135001,INV02,15355.95,14895.271,148.413,882837.145
2026-08-15 14:45:00,4135001,INV03,15037.254,14586.137,147.476,795352.954
2026-08-15 14:45:00,4135001,INV04,14408.695,13976.434,146.67,742003.233
2026-08-15 15:00:00,4135001,INV01,17162.317,16647.448,148.502,652369.192
2026-08-15 15:00:00,4135001,INV02,17583.178,17055.682,152.676,882841.409
2026-08-15 15:00:00,4135001,INV03,17204.447,16688.313,151.648,795357.126
2026-08-15 15:00:00,4135001,INV04,17587.695,17060.064,150.935,742007.498
2026-08-15 15:15:00,4135001,INV01,11648.764,11299.302,151.327,652372.017
2026-08-15 15:15:00,4135001,INV02,12176.522,11811.227,155.629,882844.362
2026-08-15 15:15:00,4135001,INV03,11636.123,11287.039,154.47,795359.948
2026-08-15 15:15:00,4135001,INV04,11793.398,11439.596,153.795,742010.358
2026-08-15 15:30:00,4135001,INV01,15396.926,14935.019,155.06,652375.75
2026-08-15 15:30:00,4135001,INV02,15534.848,15068.803,159.396,882848.129
2026-08-15 15:30:00,4135001,INV03,15434.199,14971.173,158.212,795363.69
2026-08-15 15:30:00,4135001,INV04,15643.832,15174.517,157.588,742014.151
2026-08-15 15:45:00,4135001,INV01,11424.229,11081.503,157.831,652378.521
2026-08-15 15:45:00,4135001,INV02,12138.007,11773.866,162.34,882851.073
2026-08-15 15:45:00,4135001,INV03,12032.493,11671.518,161.13,795366.608
2026-08-15 15:45:00,4135001,INV04,11587.76,11240.127,160.399,742016.961
2026-08-15 16:00:00,4135001,INV01,10064.981,9763.031,160.272,652380.962
2026-08-15 16:00:00,4135001,INV02,10556.506,10239.811,164.9,882853.633
2026-08-15 16:00:00,4135001,INV03,9830.191,9535.285,163.514,795368.992
2026-08-15 16:00:00,4135001,INV04,10376.891,10065.584,162.915,742019.478
2026-08-15 16:15:00,4135001,INV01,7779.895,7546.498,162.158,652382.848
2026-08-15 16:15:00,4135001,INV02,8038.275,7797.127,166.849,882855.582
2026-08-15 16:15:00,4135001,INV03,7570.361,7343.25,165.35,795370.828
2026-08-15 16:15:00,4135001,INV04,7660.351,7430.54,164.773,742021.335
2026-08-15 16:30:00,4135001,INV01,8284.871,8036.325,164.167,652384.857
2026-08-15 16:30:00,4135001,INV02,8900.753,8633.73,169.008,882857.74
2026-08-15 16:30:00,4135001,INV03,8592.222,8334.456,167.434,795372.912
2026-08-15 16:30:00,4135001,INV04,8551.526,8294.98,166.846,742023.409
2026-08-15 16:45:00,4135001,INV01,7126.518,6912.722,165.895,652386.585
2026-08-15 16:45:00,4135001,INV02,7306.771,7087.568,170.779,882859.512
2026-08-15 16:45:00,4135001,INV03,6956.916,6748.209,169.121,795374.599
2026-08-15 16:45:00,4135001,INV04,7000.058,6790.056,168.544,742025.107
2026-08-15 17:00:00,4135001,INV01,5288.525,5129.869,167.178,652387.868
2026-08-15 17:00:00,4135001,INV02,5347.456,5187.033,172.076,882860.809
2026-08-15 17:00:00,4135001,INV03,5426.365,5263.574,170.436,795375.915
2026-08-15 17:00:00,4135001,INV04,5357.885,5197.148,169.843,742026.406
2026-08-15 17:15:00,4135001,INV01,6101.595,5918.548,168.658,652389.348
2026-08-15 17:15:00,4135001,INV02,1985.75,1926.177,172.558,882861.291
2026-08-15 17:15:00,4135001,INV03,6378.948,6187.579,171.983,795377.461
2026-08-15 17:15:00,4135001,INV04,6271.676,6083.526,171.364,742027.927
2026-08-15 17:30:00,4135001,INV01,7276.119,7057.835,170.422,652391.112
2026-08-15 17:30:00,4135001,INV02,7613.207,7384.811,174.404,882863.137
2026-08-15 17:30:00,4135001,INV03,7430.694,7207.773,173.785,795379.263
2026-08-15 17:30:00,4135001,INV04,7329.432,7109.549,173.141,742029.704
2026-08-15 17:45:00,4135001,INV01,2778.436,2695.083,171.096,652391.786
2026-08-15 17:45:00,4135001,INV02,727.156,705.342,174.58,882863.313
2026-08-15 17:45:00,4135001,INV03,2680.109,2599.706,174.435,795379.913
2026-08-15 17:45:00,4135001,INV04,2843.901,2758.584,173.831,742030.394
2026-08-15 18:00:00,4135001,INV01,2816.835,2732.33,171.779,652392.469
2026-08-15 18:00:00,4135001,INV02,2851.215,2765.678,175.272,882864.005
2026-08-15 18:00:00,4135001,INV03,2865.418,2779.455,175.13,795380.608
2026-08-15 18:00:00,4135001,INV04,2967.781,2878.747,174.551,742031.114
2026-08-15 18:15:00,4135001,INV01,733.155,711.16,171.957,652392.647
2026-08-15 18:15:00,4135001,INV02,782.344,758.874,175.461,882864.194
2026-08-15 18:15:00,4135001,INV03,737.878,715.742,175.309,795380.787
2026-08-15 18:15:00,4135001,INV04,772.754,749.571,174.738,742031.301
2026-08-15 18:30:00,4135001,INV01,3092.633,2999.854,172.707,652393.397
2026-08-15 18:30:00,4135001,INV02,3261.45,3163.606,176.252,882864.985
2026-08-15 18:30:00,4135001,INV03,3275.345,3177.084,176.103,795381.581
2026-08-15 18:30:00,4135001,INV04,3220.975,3124.346,175.519,742032.082
2026-08-15 18:45:00,4135001,INV01,26.451,25.658,172.713,652393.403
2026-08-15 18:45:00,4135001,INV02,0.0,0.0,176.252,882864.985
2026-08-15 18:45:00,4135001,INV03,0.0,0.0,176.103,795381.581
2026-08-15 18:45:00,4135001,INV04,0.0,0.0,175.519,742032.082
2026-08-15 19:00:00,4135001,INV01,0.0,0.0,172.713,652393.403
2026-08-15 19:00:00,4135001,INV02,0.0,0.0,176.252,882864.985
2026-08-15 19:00:00,4135001,INV03,5.028,4.877,176.105,795381.583
2026-08-15 19:00:00,4135001,INV04,30.36,29.45,175.527,742032.089
2026-08-15 19:15:00,4135001,INV01,0.0,0.0,172.713,652393.403
2026-08-15 19:15:00,4135001,INV02,0.0,0.0,176.252,882864.985
2026-08-15 19:15:00,4135001,INV03,33.599,32.591,176.113,795381.591
2026-08-15 19:15:00,4135001,INV04,0.0,0.0,175.527,742032.089
2026-08-15 19:30:00,4135001,INV01,0.0,0.0,172.713,652393.403
2026-08-15 19:30:00,4135001,INV02,0.0,0.0,176.252,882864.985
2026-08-15 19:30:00,4135001,INV03,0.0,0.0,176.113,795381.591
2026-08-15 19:30:00,4135001,INV04,20.861,20.235,175.532,742032.095
2026-08-15 19:45:00,4135001,INV01,26.189,25.403,172.719,652393.409
2026-08-15 19:45:00,4135001,INV02,0.0,0.0,176.252,882864.985
2026-08-15 19:45:00,4135001,INV03,0.0,0.0,176.113,795381.591
2026-08-15 19:45:00,4135001,INV04,0.0,0.0,175.532,742032.095
2026-08-15 20:00:00,4135001,INV01,0.0,0.0,172.719,652393.409
2026-08-15 20:00:00,4135001,INV02,0.0,0.0,176.252,882864.985
2026-08-15 20:00:00,4135001,INV03,5.045,4.893,176.114,795381.592
2026-08-15 20:00:00,4135001,INV04,0.0,0.0,175.532,742032.095
2026-08-15 20:15:00,4135001,INV01,4.407,4.275,172.72,652393.41
2026-08-15 20:15:00,4135001,INV02,15.396,14.934,176.256,882864.989
2026-08-15 20:15:00,4135001,INV03,34.772,33.728,176.122,795381.6
2026-08-15 20:15:00,4135001,INV04,2.633,2.554,175.532,742032.095
2026-08-15 20:30:00,4135001,INV01,0.0,0.0,172.72,652393.41
2026-08-15 20:30:00,4135001,INV02,17.471,16.947,176.26,882864.993
2026-08-15 20:30:00,4135001,INV03,3.603,3.495,176.123,795381.601
2026-08-15 20:30:00,4135001,INV04,0.0,0.0,175.532,742032.095
2026-08-15 20:45:00,4135001,INV01,0.0,0.0,172.72,652393.41
2026-08-15 20:45:00,4135001,INV02,0.0,0.0,176.26,882864.993
2026-08-15 20:45:00,4135001,INV03,0.0,0.0,176.123,795381.601
2026-08-15 20:45:00,4135001,INV04,0.0,0.0,175.532,742032.095
2026-08-15 21:00:00,4135001,INV01,7.277,7.059,172.722,652393.412
2026-08-15 21:00:00,4135001,INV02,0.0,0.0,176.26,882864.993
2026-08-15 21:00:00,4135001,INV03,0.0,0.0,176.123,795381.601
2026-08-15 21:00:00,4135001,INV04,17.845,17.31,175.537,742032.1
2026-08-15 21:15:00,4135001,INV01,0.0,0.0,172.722,652393.412
2026-08-15 21:15:00,4135001,INV02,0.0,0.0,176.26,882864.993
2026-08-15 21:15:00,4135001,INV03,8.049,7.808,176.125,795381.603
2026-08-15 21:15:00,4135001,INV04,13.355,12.954,175.54,742032.103
2026-08-15 21:30:00,4135001,INV01,9.879,9.583,172.725,652393.415
2026-08-15 21:30:00,4135001,INV02,0.0,0.0,176.26,882864.993
2026-08-15 21:30:00,4135001,INV03,16.376,15.885,176.129,795381.607
2026-08-15 21:30:00,4135001,INV04,0.0,0.0,175.54,742032.103
2026-08-15 21:45:00,4135001,INV01,0.916,0.889,172.725,652393.415
2026-08-15 21:45:00,4135001,INV02,0.0,0.0,176.26,882864.993
2026-08-15 21:45:00,4135001,INV03,1.181,1.146,176.129,795381.607
2026-08-15 21:45:00,4135001,INV04,12.089,11.726,175.543,742032.106
2026-08-15 22:00:00,4135001,INV01,4.701,4.56,172.726,652393.416
2026-08-15 22:00:00,4135001,INV02,6.845,6.639,176.262,882864.995
2026-08-15 22:00:00,4135001,INV03,8.121,7.878,176.131,795381.609
2026-08-15 22:00:00,4135001,INV04,0.0,0.0,175.543,742032.106
2026-08-15 22:15:00,4135001,INV01,15.88,15.404,172.73,652393.42
2026-08-15 22:15:00,4135001,INV02,0.0,0.0,176.262,882864.995
2026-08-15 22:15:00,4135001,INV03,15.442,14.979,176.135,795381.613
2026-08-15 22:15:00,4135001,INV04,2.285,2.216,175.543,742032.106
2026-08-15 22:30:00,4135001,INV01,6.723,6.521,172.731,652393.421
2026-08-15 22:30:00,4135001,INV02,0.0,0.0,176.262,882864.995
2026-08-15 22:30:00,4135001,INV03,0.0,0.0,176.135,795381.613
2026-08-15 22:30:00,4135001,INV04,0.0,0.0,175.543,742032.106
2026-08-15 22:45:00,4135001,INV01,0.0,0.0,172.731,652393.421
2026-08-15 22:45:00,4135001,INV02,0.0,0.0,176.262,882864.995
2026-08-15 22:45:00,4135001,INV03,5.881,5.704,176.137,795381.615
2026-08-15 22:45:00,4135001,INV04,2.024,1.964,175.544,742032.107
2026-08-15 23:00:00,4135001,INV01,39.615,38.427,172.741,652393.431
2026-08-15 23:00:00,4135001,INV02,18.233,17.686,176.266,882864.999
2026-08-15 23:00:00,4135001,INV03,0.0,0.0,176.137,795381.615
2026-08-15 23:00:00,4135001,INV04,0.0,0.0,175.544,742032.107
2026-08-15 23:15:00,4135001,INV01,0.0,0.0,172.741,652393.431
2026-08-15 23:15:00,4135001,INV02,13.13,12.736,176.27,882865.002
2026-08-15 23:15:00,4135001,INV03,4.836,4.691,176.138,795381.616
2026-08-15 23:15:00,4135001,INV04,0.0,0.0,175.544,742032.107
2026-08-15 23:30:00,4135001,INV01,23.58,22.872,172.747,652393.437
2026-08-15 23:30:00,4135001,INV02,19.765,19.173,176.274,882865.007
2026-08-15 23:30:00,4135001,INV03,0.0,0.0,176.138,795381.616
2026-08-15 23:30:00,4135001,INV04,4.307,4.178,175.545,742032.108
2026-08-15 23:45:00,4135001,INV01,0.0,0.0,172.747,652393.437
2026-08-15 23:45:00,4135001,INV02,2.138,2.073,176.275,882865.008
2026-08-15 23:45:00,4135001,INV03,3.958,3.84,176.139,795381.617
2026-08-15 23:45:00,4135001,INV04,8.64,8.381,175.547,742032.11
2026-08-16 00:00:00,4135001,INV01,0.0,0.0,0.0,652393.437
2026-08-16 00:00:00,4135001,INV02,39.572,38.384,0.01,882865.017
2026-08-16 00:00:00,4135001,INV03,3.877,3.761,0.001,795381.618
2026-08-16 00:00:00,4135001,INV04,37.75,36.617,0.009,742032.119
2026-08-16 00:15:00,4135001,INV01,0.0,0.0,0.0,652393.437
2026-08-16 00:15:00,4135001,INV02,0.0,0.0,0.01,882865.017
2026-08-16 00:15:00,4135001,INV03,0.0,0.0,0.001,795381.618
2026-08-16 00:15:00,4135001,INV04,5.719,5.547,0.011,742032.12
2026-08-16 00:30:00,4135001,INV01,0.0,0.0,0.0,652393.437
2026-08-16 00:30:00,4135001,INV02,0.0,0.0,0.01,882865.017
2026-08-16 00:30:00,4135001,INV03,5.179,5.024,0.002,795381.619
2026-08-16 00:30:00,4135001,INV04,9.167,8.892,0.013,742032.123
2026-08-16 00:45:00,4135001,INV01,0.946,0.918,0.0,652393.437
2026-08-16 00:45:00,4135001,INV02,11.349,11.008,0.012,882865.02
2026-08-16 00:45:00,4135001,INV03,0.0,0.0,0.002,795381.619
2026-08-16 00:45:00,4135001,INV04,0.0,0.0,0.013,742032.123
2026-08-16 01:00:00,4135001,INV01,0.0,0.0,0.0,652393.437
2026-08-16 01:00:00,4135001,INV02,0.0,0.0,0.012,882865.02
2026-08-16 01:00:00,4135001,INV03,0.0,0.0,0.002,795381.619
2026-08-16 01:00:00,4135001,INV04,0.0,0.0,0.013,742032.123
2026-08-16 01:15:00,4135001,INV01,3.233,3.136,0.001,652393.438
2026-08-16 01:15:00,4135001,INV02,28.372,27.521,0.019,882865.027
2026-08-16 01:15:00,4135001,INV03,4.509,4.374,0.003,795381.62
2026-08-16 01:15:00,4135001,INV04,0.0,0.0,0.013,742032.123
2026-08-16 01:30:00,4135001,INV01,5.454,5.29,0.002,652393.439
2026-08-16 01:30:00,4135001,INV02,1.994,1.934,0.02,882865.027
2026-08-16 01:30:00,4135001,INV03,7.222,7.006,0.005,795381.622
2026-08-16 01:30:00,4135001,INV04,0.0,0.0,0.013,742032.123
2026-08-16 01:45:00,4135001,INV01,0.0,0.0,0.002,652393.439
2026-08-16 01:45:00,4135001,INV02,8.06,7.819,0.022,882865.029
2026-08-16 01:45:00,4135001,INV03,10.091,9.788,0.007,795381.624
2026-08-16 01:45:00,4135001,INV04,31.919,30.961,0.021,742032.13
2026-08-16 02:00:00,4135001,INV01,1.985,1.925,0.003,652393.44
2026-08-16 02:00:00,4135001,INV02,0.505,0.49,0.022,882865.03
2026-08-16 02:00:00,4135001,INV03,5.729,5.557,0.009,795381.626
2026-08-16 02:00:00,4135001,INV04,0.0,0.0,0.021,742032.13
2026-08-16 02:15:00,4135001,INV01,4.808,4.663,0.004,652393.441
2026-08-16 02:15:00,4135001,INV02,34.76,33.717,0.03,882865.038
2026-08-16 02:15:00,4135001,INV03,0.0,0.0,0.009,795381.626
2026-08-16 02:15:00,4135001,INV04,2.095,2.032,0.021,742032.131
2026-08-16 02:30:00,4135001,INV01,0.0,0.0,0.004,652393.441
2026-08-16 02:30:00,4135001,INV02,0.0,0.0,0.03,882865.038
2026-08-16 02:30:00,4135001,INV03,1.483,1.439,0.009,795381.626
2026-08-16 02:30:00,4135001,INV04,0.0,0.0,0.021,742032.131
2026-08-16 02:45:00,4135001,INV01,0.0,0.0,0.004,652393.441
2026-08-16 02:45:00,4135001,INV02,0.0,0.0,0.03,882865.038
2026-08-16 02:45:00,4135001,INV03,14.627,14.188,0.013,795381.63
2026-08-16 02:45:00,4135001,INV04,1.501,1.456,0.021,742032.131
2026-08-16 03:00:00,4135001,INV01,0.0,0.0,0.004,652393.441
2026-08-16 03:00:00,4135001,INV02,10.966,10.637,0.033,882865.041
2026-08-16 03:00:00,4135001,INV03,12.787,12.403,0.016,795381.633
2026-08-16 03:00:00,4135001,INV04,0.0,0.0,0.021,742032.131
2026-08-16 03:15:00,4135001,INV01,0.0,0.0,0.004,652393.441
2026-08-16 03:15:00,4135001,INV02,0.0,0.0,0.033,882865.041
2026-08-16 03:15:00,4135001,INV03,10.411,10.099,0.018,795381.635
2026-08-16 03:15:00,4135001,INV04,7.564,7.337,0.023,742032.133
2026-08-16 03:30:00,4135001,INV01,0.0,0.0,0.004,652393.441
2026-08-16 03:30:00,4135001,INV02,0.0,0.0,0.033,882865.041
2026-08-16 03:30:00,4135001,INV03,10.41,10.098,0.021,795381.638
2026-08-16 03:30:00,4135001,INV04,18.279,17.731,0.028,742032.138
2026-08-16 03:45:00,4135001,INV01,1.053,1.021,0.004,652393.441
2026-08-16 03:45:00,4135001,INV02,2.123,2.06,0.033,882865.041
2026-08-16 03:45:00,4135001,INV03,10.547,10.231,0.023,795381.64
2026-08-16 03:45:00,4135001,INV04,0.0,0.0,0.028,742032.138
2026-08-16 04:00:00,4135001,INV01,0.0,0.0,0.004,652393.441
2026-08-16 04:00:00,4135001,INV02,11.636,11.287,0.036,882865.044
2026-08-16 04:00:00,4135001,INV03,0.0,0.0,0.023,795381.64
2026-08-16 04:00:00,4135001,INV04,0.0,0.0,0.028,742032.138
2026-08-16 04:15:00,4135001,INV01,19.691,19.1,0.009,652393.446
2026-08-16 04:15:00,4135001,INV02,33.102,32.109,0.044,882865.052
2026-08-16 04:15:00,4135001,INV03,0.0,0.0,0.023,795381.64
2026-08-16 04:15:00,4135001,INV04,0.0,0.0,0.028,742032.138
2026-08-16 04:30:00,4135001,INV01,0.0,0.0,0.009,652393.446
2026-08-16 04:30:00,4135001,INV02,7.387,7.166,0.046,882865.054
2026-08-16 04:30:00,4135001,INV03,0.0,0.0,0.023,795381.64
2026-08-16 04:30:00,4135001,INV04,0.0,0.0,0.028,742032.138
2026-08-16 04:45:00,4135001,INV01,0.0,0.0,0.009,652393.446
2026-08-16 04:45:00,4135001,INV02,0.0,0.0,0.046,882865.054
2026-08-16 04:45:00,4135001,INV03,0.0,0.0,0.023,795381.64
2026-08-16 04:45:00,4135001,INV04,0.0,0.0,0.028,742032.138
2026-08-16 05:00:00,4135001,INV01,9.016,8.745,0.011,652393.448
2026-08-16 05:00:00,4135001,INV02,10.429,10.116,0.049,882865.056
2026-08-16 05:00:00,4135001,INV03,16.909,16.402,0.028,795381.644
2026-08-16 05:00:00,4135001,INV04,0.0,0.0,0.028,742032.138
2026-08-16 05:15:00,4135001,INV01,0.0,0.0,0.011,652393.448
2026-08-16 05:15:00,4135001,INV02,4.92,4.773,0.05,882865.058
2026-08-16 05:15:00,4135001,INV03,5.093,4.94,0.029,795381.646
2026-08-16 05:15:00,4135001,INV04,0.0,0.0,0.028,742032.138
2026-08-16 05:30:00,4135001,INV01,4.039,3.917,0.012,652393.449
2026-08-16 05:30:00,4135001,INV02,0.0,0.0,0.05,882865.058
2026-08-16 05:30:00,4135001,INV03,0.0,0.0,0.029,795381.646
2026-08-16 05:30:00,4135001,INV04,0.0,0.0,0.028,742032.138
2026-08-16 05:45:00,4135001,INV01,0.0,0.0,0.012,652393.449
2026-08-16 05:45:00,4135001,INV02,0.0,0.0,0.05,882865.058
2026-08-16 05:45:00,4135001,INV03,21.173,20.538,0.034,795381.651
2026-08-16 05:45:00,4135001,INV04,14.849,14.404,0.031,742032.141
2026-08-16 06:00:00,4135001,INV01,4397.072,4265.16,1.078,652394.515
2026-08-16 06:00:00,4135001,INV02,4484.302,4349.773,1.137,882866.145
2026-08-16 06:00:00,4135001,INV03,4551.062,4414.53,1.138,795382.754
2026-08-16 06:00:00,4135001,INV04,4360.906,4230.079,1.089,742033.199
2026-08-16 06:15:00,4135001,INV01,5156.322,5001.632,2.329,652395.766
2026-08-16 06:15:00,4135001,INV02,4901.531,4754.485,2.326,882867.334
2026-08-16 06:15:00,4135001,INV03,5079.757,4927.365,2.369,795383.986
2026-08-16 06:15:00,4135001,INV04,5101.67,4948.62,2.326,742034.436
2026-08-16 06:30:00,4135001,INV01,2152.268,2087.7,2.851,652396.288
2026-08-16 06:30:00,4135001,INV02,2160.117,2095.313,2.85,882867.857
2026-08-16 06:30:00,4135001,INV03,2082.298,2019.829,2.874,795384.491
2026-08-16 06:30:00,4135001,INV04,2093.643,2030.834,2.834,742034.943
2026-08-16 06:45:00,4135001,INV01,3573.213,3466.016,3.717,652397.154
2026-08-16 06:45:00,4135001,INV02,3483.358,3378.857,3.694,882868.702
2026-08-16 06:45:00,4135001,INV03,3413.917,3311.499,3.702,795385.319
2026-08-16 06:45:00,4135001,INV04,3576.749,3469.446,3.701,742035.811
2026-08-16 07:00:00,4135001,INV01,5031.46,4880.516,4.937,652398.374
2026-08-16 07:00:00,4135001,INV02,5129.722,4975.83,4.938,882869.946
2026-08-16 07:00:00,4135001,INV03,5069.266,4917.188,4.932,795386.548
2026-08-16 07:00:00,4135001,INV04,5006.319,4856.13,4.915,742037.025
2026-08-16 07:15:00,4135001,INV01,5613.314,5444.915,6.299,652399.735
2026-08-16 07:15:00,4135001,INV02,5301.201,5142.165,6.224,882871.232
2026-08-16 07:15:00,4135001,INV03,5289.149,5130.474,6.214,795387.831
2026-08-16 07:15:00,4135001,INV04,5427.746,5264.913,6.231,742038.341
2026-08-16 07:30:00,4135001,INV01,5348.414,5187.962,7.596,652401.032
2026-08-16 07:30:00,4135001,INV02,5384.891,5223.344,7.53,882872.537
2026-08-16 07:30:00,4135001,INV03,5314.914,5155.467,7.503,795389.12
2026-08-16 07:30:00,4135001,INV04,5337.893,5177.757,7.526,742039.636
2026-08-16 07:45:00,4135001,INV01,6890.829,6684.104,9.267,652402.703
2026-08-16 07:45:00,4135001,INV02,6739.591,6537.404,9.164,882874.172
2026-08-16 07:45:00,4135001,INV03,6543.827,6347.512,9.09,795390.707
2026-08-16 07:45:00,4135001,INV04,7045.817,6834.443,9.234,742041.344
2026-08-16 08:00:00,4135001,INV01,7384.556,7163.02,11.057,652404.494
2026-08-16 08:00:00,4135001,INV02,7411.558,7189.211,10.961,882875.969
2026-08-16 08:00:00,4135001,INV03,7734.292,7502.263,10.965,795392.582
2026-08-16 08:00:00,4135001,INV04,7159.604,6944.816,10.971,742043.08
2026-08-16 08:15:00,4135001,INV01,10804.338,10480.208,13.677,652407.114
2026-08-16 08:15:00,4135001,INV02,10280.635,9972.216,13.454,882878.462
2026-08-16 08:15:00,4135001,INV03,10313.803,10004.389,13.467,795395.083
2026-08-16 08:15:00,4135001,INV04,10083.379,9780.878,13.416,742045.526
2026-08-16 08:30:00,4135001,INV01,10969.538,10640.452,16.338,652409.774
2026-08-16 08:30:00,4135001,INV02,10931.206,10603.27,16.105,882881.113
2026-08-16 08:30:00,4135001,INV03,10406.803,10094.599,15.99,795397.607
2026-08-16 08:30:00,4135001,INV04,11167.534,10832.508,16.124,742048.234
2026-08-16 08:45:00,4135001,INV01,10714.277,10392.848,18.936,652412.373
2026-08-16 08:45:00,4135001,INV02,11235.708,10898.637,18.83,882883.838
2026-08-16 08:45:00,4135001,INV03,11442.378,11099.107,18.765,795400.382
2026-08-16 08:45:00,4135001,INV04,10660.467,10340.653,18.709,742050.819
2026-08-16 09:00:00,4135001,INV01,11768.961,11415.892,21.79,652415.227
2026-08-16 09:00:00,4135001,INV02,12019.586,11658.998,21.745,882886.752
2026-08-16 09:00:00,4135001,INV03,11779.214,11425.838,21.621,795403.238
2026-08-16 09:00:00,4135001,INV04,11560.691,11213.871,21.512,742053.622
2026-08-16 09:15:00,4135001,INV01,16064.764,15582.821,25.685,652419.122
2026-08-16 09:15:00,4135001,INV02,17094.578,16581.74,25.89,882890.898
2026-08-16 09:15:00,4135001,INV03,16457.374,15963.653,25.612,795407.229
2026-08-16 09:15:00,4135001,INV04,16338.202,15848.056,25.474,742057.584
2026-08-16 09:30:00,4135001,INV01,17118.546,16604.99,29.837,652423.274
2026-08-16 09:30:00,4135001,INV02,5691.0,5520.27,27.27,882892.278
2026-08-16 09:30:00,4135001,INV03,17618.411,17089.859,29.885,795411.502
2026-08-16 09:30:00,4135001,INV04,16621.639,16122.99,29.505,742061.615
2026-08-16 09:45:00,4135001,INV01,20247.28,19639.862,34.747,652428.183
2026-08-16 09:45:00,4135001,INV02,19125.835,18552.06,31.908,882896.916
2026-08-16 09:45:00,4135001,INV03,18793.48,18229.676,34.442,795416.059
2026-08-16 09:45:00,4135001,INV04,18898.298,18331.349,34.088,742066.198
2026-08-16 10:00:00,4135001,INV01,17908.655,17371.396,39.09,652432.526
2026-08-16 10:00:00,4135001,INV02,17531.105,17005.172,36.159,882901.167
2026-08-16 10:00:00,4135001,INV03,18607.925,18049.687,38.955,795420.571
2026-08-16 10:00:00,4135001,INV04,18226.987,17680.177,38.508,742070.618
2026-08-16 10:15:00,4135001,INV01,24066.784,23344.78,44.926,652438.363
2026-08-16 10:15:00,4135001,INV02,23386.16,22684.575,41.831,882906.838
2026-08-16 10:15:00,4135001,INV03,22577.28,21899.962,44.43,795426.046
2026-08-16 10:15:00,4135001,INV04,24335.959,23605.88,44.41,742076.519
2026-08-16 10:30:00,4135001,INV01,22517.933,21842.395,50.386,652443.823
2026-08-16 10:30:00,4135001,INV02,22153.553,21488.946,47.203,882912.211
2026-08-16 10:30:00,4135001,INV03,22938.49,22250.335,49.992,795431.609
2026-08-16 10:30:00,4135001,INV04,22338.209,21668.062,49.827,742081.936
2026-08-16 10:45:00,4135001,INV01,22113.023,21449.632,55.749,652449.186
2026-08-16 10:45:00,4135001,INV02,20999.14,20369.165,52.295,882917.303
2026-08-16 10:45:00,4135001,INV03,20846.383,20220.991,55.048,795436.664
2026-08-16 10:45:00,4135001,INV04,22184.285,21518.757,55.206,742087.316
2026-08-16 11:00:00,4135001,INV01,23306.995,22607.785,61.401,652454.837
2026-08-16 11:00:00,4135001,INV02,23066.251,22374.264,57.889,882922.896
2026-08-16 11:00:00,4135001,INV03,23789.247,23075.57,60.816,795442.433
2026-08-16 11:00:00,4135001,INV04,24901.107,24154.073,61.245,742093.355
2026-08-16 11:15:00,4135001,INV01,24762.061,24019.199,67.406,652460.842
2026-08-16 11:15:00,4135001,INV02,24278.421,23550.068,63.776,882928.784
2026-08-16 11:15:00,4135001,INV03,25370.839,24609.713,66.969,795448.586
2026-08-16 11:15:00,4135001,INV04,25242.66,24485.381,67.366,742099.476
2026-08-16 11:30:00,4135001,INV01,24760.697,24017.876,73.41,652466.847
2026-08-16 11:30:00,4135001,INV02,25268.791,24510.727,69.904,882934.912
2026-08-16 11:30:00,4135001,INV03,25885.918,25109.34,73.246,795454.863
2026-08-16 11:30:00,4135001,INV04,25844.076,25068.754,73.633,742105.743
2026-08-16 11:45:00,4135001,INV01,25606.368,24838.177,79.62,652473.056
2026-08-16 11:45:00,4135001,INV02,26931.784,26123.831,76.435,882941.443
2026-08-16 11:45:00,4135001,INV03,26088.196,25305.55,79.573,795461.189
2026-08-16 11:45:00,4135001,INV04,26573.028,25775.837,80.077,742112.187
2026-08-16 12:00:00,4135001,INV01,25033.099,24282.106,85.69,652479.127
2026-08-16 12:00:00,4135001,INV02,24186.725,23461.123,82.3,882947.308
2026-08-16 12:00:00,4135001,INV03,24910.643,24163.324,85.613,795467.23
2026-08-16 12:00:00,4135001,INV04,24871.885,24125.728,86.109,742118.219
2026-08-16 12:15:00,4135001,INV01,26585.289,25787.73,92.137,652485.574
2026-08-16 12:15:00,4135001,INV02,27332.13,26512.166,88.928,882953.936
2026-08-16 12:15:00,4135001,INV03,27196.639,26380.74,92.209,795473.825
2026-08-16 12:15:00,4135001,INV04,26776.952,25973.644,92.602,742124.712
2026-08-16 12:30:00,4135001,INV01,23775.848,23062.572,97.903,652491.339
2026-08-16 12:30:00,4135001,INV02,24664.131,23924.207,94.909,882959.917
2026-08-16 12:30:00,4135001,INV03,23006.522,22316.326,97.788,795479.404
2026-08-16 12:30:00,4135001,INV04,23272.541,22574.365,98.246,742130.356
2026-08-16 12:45:00,4135001,INV01,27125.767,26311.994,104.481,652497.917
2026-08-16 12:45:00,4135001,INV02,27564.833,26737.888,101.594,882966.601
2026-08-16 12:45:00,4135001,INV03,27093.224,26280.428,104.358,795485.975
2026-08-16 12:45:00,4135001,INV04,27147.885,26333.448,104.829,742136.939
2026-08-16 13:00:00,4135001,INV01,22749.122,22066.648,109.997,652503.434
2026-08-16 13:00:00,4135001,INV02,24543.696,23807.385,107.546,882972.553
2026-08-16 13:00:00,4135001,INV03,23135.676,22441.605,109.968,795491.585
2026-08-16 13:00:00,4135001,INV04,24061.409,23339.567,110.664,742142.774
2026-08-16 13:15:00,4135001,INV01,24940.471,24192.257,116.045,652509.482
2026-08-16 13:15:00,4135001,INV02,25646.214,24876.828,113.765,882978.772
2026-08-16 13:15:00,4135001,INV03,9704.461,9413.327,112.321,795493.938
2026-08-16 13:15:00,4135001,INV04,24655.074,23915.422,116.643,742148.753
2026-08-16 13:30:00,4135001,INV01,20460.463,19846.649,121.007,652514.444
2026-08-16 13:30:00,4135001,INV02,20500.049,19885.047,118.736,882983.744
2026-08-16 13:30:00,4135001,INV03,3910.564,3793.247,113.27,795494.887
2026-08-16 13:30:00,4135001,INV04,20885.535,20258.969,121.708,742153.817
2026-08-16 13:45:00,4135001,INV01,23237.71,22540.579,126.642,652520.079
2026-08-16 13:45:00,4135001,INV02,23299.863,22600.868,124.386,882989.394
2026-08-16 13:45:00,4135001,INV03,22011.838,21351.483,118.608,795500.224
2026-08-16 13:45:00,4135001,INV04,22462.824,21788.94,127.155,742159.265
2026-08-16 14:00:00,4135001,INV01,18470.669,17916.549,131.121,652524.558
2026-08-16 14:00:00,4135001,INV02,19289.959,18711.26,129.064,882994.072
2026-08-16 14:00:00,4135001,INV03,18432.062,17879.101,123.077,795504.694
2026-08-16 14:00:00,4135001,INV04,18387.446,17835.822,131.614,742163.724
2026-08-16 14:15:00,4135001,INV01,17837.873,17302.737,135.447,652528.884
2026-08-16 14:15:00,4135001,INV02,18571.075,18013.943,133.568,882998.575
2026-08-16 14:15:00,4135001,INV03,17724.032,17192.311,127.376,795508.992
2026-08-16 14:15:00,4135001,INV04,17895.701,17358.83,135.953,742168.063
2026-08-16 14:30:00,4135001,INV01,20629.528,20010.643,140.45,652533.886
2026-08-16 14:30:00,4135001,INV02,19997.46,19397.536,138.417,883003.425
2026-08-16 14:30:00,4135001,INV03,7986.587,7746.989,129.312,795510.929
2026-08-16 14:30:00,4135001,INV04,20593.435,19975.632,140.947,742173.057
2026-08-16 14:45:00,4135001,INV01,19987.074,19387.461,145.296,652538.733
2026-08-16 14:45:00,4135001,INV02,19531.521,18945.576,143.153,883008.161
2026-08-16 14:45:00,4135001,INV03,20419.748,19807.156,134.264,795515.881
2026-08-16 14:45:00,4135001,INV04,20079.581,19477.193,145.817,742177.927
2026-08-16 15:00:00,4135001,INV01,16017.381,15536.86,149.181,652542.617
2026-08-16 15:00:00,4135001,INV02,16006.768,15526.565,147.035,883012.043
2026-08-16 15:00:00,4135001,INV03,2663.035,2583.144,134.91,795516.527
2026-08-16 15:00:00,4135001,INV04,16700.343,16199.332,149.867,742181.976
2026-08-16 15:15:00,4135001,INV01,15389.007,14927.337,152.913,652546.349
2026-08-16 15:15:00,4135001,INV02,15348.629,14888.17,150.757,883015.765
2026-08-16 15:15:00,4135001,INV03,14999.48,14549.496,138.547,795520.164
2026-08-16 15:15:00,4135001,INV04,15079.559,14627.172,153.523,742185.633
2026-08-16 15:30:00,4135001,INV01,11519.278,11173.699,155.706,652549.143
2026-08-16 15:30:00,4135001,INV02,11463.811,11119.897,153.537,883018.545
2026-08-16 15:30:00,4135001,INV03,11249.552,10912.066,141.275,795522.892
2026-08-16 15:30:00,4135001,INV04,11416.622,11074.124,156.292,742188.402
2026-08-16 15:45:00,4135001,INV01,11735.262,11383.204,158.552,652551.989
2026-08-16 15:45:00,4135001,INV02,11761.747,11408.895,156.389,883021.397
2026-08-16 15:45:00,4135001,INV03,11773.492,11420.287,144.13,795525.747
2026-08-16 15:45:00,4135001,INV04,11643.832,11294.517,159.115,742191.225
2026-08-16 16:00:00,4135001,INV01,12069.051,11706.98,161.479,652554.915
2026-08-16 16:00:00,4135001,INV02,12504.022,12128.901,159.421,883024.429
2026-08-16 16:00:00,4135001,INV03,12930.984,12543.054,147.266,795528.883
2026-08-16 16:00:00,4135001,INV04,12225.158,11858.403,162.08,742194.19
2026-08-16 16:15:00,4135001,INV01,8830.056,8565.154,163.62,652557.057
2026-08-16 16:15:00,4135001,INV02,8810.179,8545.873,161.558,883026.566
2026-08-16 16:15:00,4135001,INV03,8237.439,7990.315,149.264,795530.88
2026-08-16 16:15:00,4135001,INV04,8827.931,8563.093,164.221,742196.331
2026-08-16 16:30:00,4135001,INV01,10227.611,9920.782,166.1,652559.537
2026-08-16 16:30:00,4135001,INV02,10181.535,9876.089,164.027,883029.035
2026-08-16 16:30:00,4135001,INV03,10130.738,9826.816,151.72,795533.337
2026-08-16 16:30:00,4135001,INV04,9655.164,9365.509,166.562,742198.672
2026-08-16 16:45:00,4135001,INV01,12042.485,11681.21,169.02,652562.457
2026-08-16 16:45:00,4135001,INV02,12514.686,12139.245,167.062,883032.069
2026-08-16 16:45:00,4135001,INV03,12159.627,11794.838,154.669,795536.286
2026-08-16 16:45:00,4135001,INV04,12142.912,11778.625,169.507,742201.617
2026-08-16 17:00:00,4135001,INV01,6180.813,5995.388,170.519,652563.956
2026-08-16 17:00:00,4135001,INV02,5856.713,5681.012,168.482,883033.49
2026-08-16 17:00:00,4135001,INV03,5774.593,5601.355,156.069,795537.686
2026-08-16 17:00:00,4135001,INV04,5829.063,5654.191,170.92,742203.03
2026-08-16 17:15:00,4135001,INV01,3580.594,3473.176,171.387,652564.824
2026-08-16 17:15:00,4135001,INV02,3350.519,3250.003,169.294,883034.302
2026-08-16 17:15:00,4135001,INV03,3591.823,3484.069,156.94,795538.557
2026-08-16 17:15:00,4135001,INV04,3354.121,3253.498,171.734,742203.844
2026-08-16 17:30:00,4135001,INV01,3933.13,3815.136,172.341,652565.778
2026-08-16 17:30:00,4135001,INV02,3782.189,3668.724,170.212,883035.219
2026-08-16 17:30:00,4135001,INV03,4063.164,3941.269,157.926,795539.542
2026-08-16 17:30:00,4135001,INV04,3896.815,3779.91,172.679,742204.789
2026-08-16 17:45:00,4135001,INV01,2510.01,2434.71,172.95,652566.387
2026-08-16 17:45:00,4135001,INV02,2530.81,2454.885,170.825,883035.833
2026-08-16 17:45:00,4135001,INV03,2591.214,2513.477,158.554,795540.171
2026-08-16 17:45:00,4135001,INV04,2623.648,2544.939,173.315,742205.425
2026-08-16 18:00:00,4135001,INV01,2448.387,2374.935,173.544,652566.98
2026-08-16 18:00:00,4135001,INV02,2414.701,2342.26,171.411,883036.419
2026-08-16 18:00:00,4135001,INV03,2314.016,2244.595,159.115,795540.732
2026-08-16 18:00:00,4135001,INV04,2401.718,2329.667,173.897,742206.007
2026-08-16 18:15:00,4135001,INV01,3252.428,3154.856,174.332,652567.769
2026-08-16 18:15:00,4135001,INV02,3312.767,3213.384,172.214,883037.222
2026-08-16 18:15:00,4135001,INV03,3173.921,3078.703,159.885,795541.502
2026-08-16 18:15:00,4135001,INV04,3191.266,3095.528,174.671,742206.781
2026-08-16 18:30:00,4135001,INV01,1939.641,1881.452,174.803,652568.239
2026-08-16 18:30:00,4135001,INV02,1981.484,1922.039,172.695,883037.703
2026-08-16 18:30:00,4135001,INV03,1949.84,1891.345,160.358,795541.975
2026-08-16 18:30:00,4135001,INV04,1928.66,1870.801,175.139,742207.249
2026-08-16 18:45:00,4135001,INV01,0.0,0.0,174.803,652568.239
2026-08-16 18:45:00,4135001,INV02,14.195,13.769,172.698,883037.706
2026-08-16 18:45:00,4135001,INV03,0.0,0.0,160.358,795541.975
2026-08-16 18:45:00,4135001,INV04,1.672,1.622,175.139,742207.249
2026-08-16 19:00:00,4135001,INV01,8.323,8.074,174.805,652568.242
2026-08-16 19:00:00,4135001,INV02,0.0,0.0,172.698,883037.706
2026-08-16 19:00:00,4135001,INV03,0.0,0.0,160.358,795541.975
2026-08-16 19:00:00,4135001,INV04,3.414,3.311,175.14,742207.25
2026-08-16 19:15:00,4135001,INV01,0.0,0.0,174.805,652568.242
2026-08-16 19:15:00,4135001,INV02,20.292,19.683,172.703,883037.711
2026-08-16 19:15:00,4135001,INV03,16.022,15.541,160.362,795541.978
2026-08-16 19:15:00,4135001,INV04,13.677,13.267,175.144,742207.253
2026-08-16 19:30:00,4135001,INV01,0.0,0.0,174.805,652568.242
2026-08-16 19:30:00,4135001,INV02,0.0,0.0,172.703,883037.711
2026-08-16 19:30:00,4135001,INV03,0.0,0.0,160.362,795541.978
2026-08-16 19:30:00,4135001,INV04,0.0,0.0,175.144,742207.253
2026-08-16 19:45:00,4135001,INV01,0.369,0.358,174.805,652568.242
2026-08-16 19:45:00,4135001,INV02,16.906,16.399,172.707,883037.715
2026-08-16 19:45:00,4135001,INV03,3.44,3.337,160.362,795541.979
2026-08-16 19:45:00,4135001,INV04,22.407,21.735,175.149,742207.259
2026-08-16 20:00:00,4135001,INV01,4.481,4.347,174.806,652568.243
2026-08-16 20:00:00,4135001,INV02,16.042,15.56,172.711,883037.719
2026-08-16 20:00:00,4135001,INV03,1.533,1.487,160.363,795541.98
2026-08-16 20:00:00,4135001,INV04,0.0,0.0,175.149,742207.259
2026-08-16 20:15:00,4135001,INV01,0.0,0.0,174.806,652568.243
2026-08-16 20:15:00,4135001,INV02,0.107,0.104,172.711,883037.719
2026-08-16 20:15:00,4135001,INV03,5.884,5.708,160.364,795541.981
2026-08-16 20:15:00,4135001,INV04,0.0,0.0,175.149,742207.259
2026-08-16 20:30:00,4135001,INV01,14.06,13.638,174.809,652568.246
2026-08-16 20:30:00,4135001,INV02,0.0,0.0,172.711,883037.719
2026-08-16 20:30:00,4135001,INV03,41.789,40.535,160.374,795541.991
2026-08-16 20:30:00,4135001,INV04,14.727,14.286,175.153,742207.262
2026-08-16 20:45:00,4135001,INV01,23.477,22.772,174.815,652568.252
2026-08-16 20:45:00,4135001,INV02,7.505,7.28,172.713,883037.721
2026-08-16 20:45:00,4135001,INV03,12.482,12.107,160.377,795541.994
2026-08-16 20:45:00,4135001,INV04,8.205,7.958,175.155,742207.264
2026-08-16 21:00:00,4135001,INV01,0.0,0.0,174.815,652568.252
2026-08-16 21:00:00,4135001,INV02,0.247,0.239,172.713,883037.721
2026-08-16 21:00:00,4135001,INV03,0.0,0.0,160.377,795541.994
2026-08-16 21:00:00,4135001,INV04,3.634,3.525,175.155,742207.265
2026-08-16 21:15:00,4135001,INV01,0.0,0.0,174.815,652568.252
2026-08-16 21:15:00,4135001,INV02,3.909,3.791,172.714,883037.722
2026-08-16 21:15:00,4135001,INV03,0.0,0.0,160.377,795541.994
2026-08-16 21:15:00,4135001,INV04,3.209,3.113,175.156,742207.266
2026-08-16 21:30:00,4135001,INV01,3.083,2.99,174.816,652568.253
2026-08-16 21:30:00,4135001,INV02,0.0,0.0,172.714,883037.722
2026-08-16 21:30:00,4135001,INV03,5.064,4.912,160.379,795541.995
2026-08-16 21:30:00,4135001,INV04,0.0,0.0,175.156,742207.266
2026-08-16 21:45:00,4135001,INV01,5.093,4.94,174.817,652568.254
2026-08-16 21:45:00,4135001,INV02,0.0,0.0,172.714,883037.722
2026-08-16 21:45:00,4135001,INV03,8.518,8.263,160.381,795541.997
2026-08-16 21:45:00,4135001,INV04,12.137,11.773,175.159,742207.269
2026-08-16 22:00:00,4135001,INV01,0.0,0.0,174.817,652568.254
2026-08-16 22:00:00,4135001,INV02,0.0,0.0,172.714,883037.722
2026-08-16 22:00:00,4135001,INV03,0.0,0.0,160.381,795541.997
2026-08-16 22:00:00,4135001,INV04,3.668,3.558,175.16,742207.27
2026-08-16 22:15:00,4135001,INV01,0.0,0.0,174.817,652568.254
2026-08-16 22:15:00,4135001,INV02,0.0,0.0,172.714,883037.722
2026-08-16 22:15:00,4135001,INV03,1.672,1.622,160.381,795541.998
2026-08-16 22:15:00,4135001,INV04,43.137,41.843,175.171,742207.28
2026-08-16 22:30:00,4135001,INV01,8.194,7.949,174.819,652568.256
2026-08-16 22:30:00,4135001,INV02,11.749,11.396,172.717,883037.725
2026-08-16 22:30:00,4135001,INV03,17.902,17.365,160.385,795542.002
2026-08-16 22:30:00,4135001,INV04,0.0,0.0,175.171,742207.28
2026-08-16 22:45:00,4135001,INV01,0.0,0.0,174.819,652568.256
2026-08-16 22:45:00,4135001,INV02,0.0,0.0,172.717,883037.725
2026-08-16 22:45:00,4135001,INV03,14.075,13.653,160.389,795542.006
2026-08-16 22:45:00,4135001,INV04,3.142,3.048,175.171,742207.281
2026-08-16 23:00:00,4135001,INV01,0.0,0.0,174.819,652568.256
2026-08-16 23:00:00,4135001,INV02,0.0,0.0,172.717,883037.725
2026-08-16 23:00:00,4135001,INV03,14.242,13.815,160.392,795542.009
2026-08-16 23:00:00,4135001,INV04,21.618,20.969,175.177,742207.286
2026-08-16 23:15:00,4135001,INV01,9.163,8.888,174.821,652568.258
2026-08-16 23:15:00,4135001,INV02,35.894,34.817,172.726,883037.733
2026-08-16 23:15:00,4135001,INV03,0.0,0.0,160.392,795542.009
2026-08-16 23:15:00,4135001,INV04,0.0,0.0,175.177,742207.286
2026-08-16 23:30:00,4135001,INV01,1.979,1.92,174.822,652568.258
2026-08-16 23:30:00,4135001,INV02,0.0,0.0,172.726,883037.733
2026-08-16 23:30:00,4135001,INV03,6.728,6.526,160.394,795542.011
2026-08-16 23:30:00,4135001,INV04,0.0,0.0,175.177,742207.286
2026-08-16 23:45:00,4135001,INV01,8.502,8.247,174.824,652568.261
2026-08-16 23:45:00,4135001,INV02,0.0,0.0,172.726,883037.733
2026-08-16 23:45:00,4135001,INV03,5.574,5.407,160.395,795542.012
2026-08-16 23:45:00,4135001,INV04,1.66,1.611,175.177,742207.287
2026-08-17 00:00:00,4135001,INV01,35.531,34.465,0.009,652568.269
2026-08-17 00:00:00,4135001,INV02,0.0,0.0,0.0,883037.733
2026-08-17 00:00:00,4135001,INV03,0.0,0.0,0.0,795542.012
2026-08-17 00:00:00,4135001,INV04,0.0,0.0,0.0,742207.287
2026-08-17 00:15:00,4135001,INV01,3.216,3.119,0.009,652568.27
2026-08-17 00:15:00,4135001,INV02,12.665,12.285,0.003,883037.736
2026-08-17 00:15:00,4135001,INV03,11.984,11.625,0.003,795542.015
2026-08-17 00:15:00,4135001,INV04,2.378,2.307,0.001,742207.287
2026-08-17 00:30:00,4135001,INV01,0.6,0.582,0.01,652568.27
2026-08-17 00:30:00,4135001,INV02,0.0,0.0,0.003,883037.736
2026-08-17 00:30:00,4135001,INV03,0.967,0.938,0.003,795542.015
2026-08-17 00:30:00,4135001,INV04,16.108,15.624,0.004,742207.291
2026-08-17 00:45:00,4135001,INV01,1.311,1.271,0.01,652568.27
2026-08-17 00:45:00,4135001,INV02,9.604,9.316,0.005,883037.739
2026-08-17 00:45:00,4135001,INV03,0.0,0.0,0.003,795542.015
2026-08-17 00:45:00,4135001,INV04,6.85,6.644,0.006,742207.293
2026-08-17 01:00:00,4135001,INV01,29.738,28.846,0.017,652568.278
2026-08-17 01:00:00,4135001,INV02,35.884,34.808,0.014,883037.747
2026-08-17 01:00:00,4135001,INV03,0.0,0.0,0.003,795542.015
2026-08-17 01:00:00,4135001,INV04,13.571,13.164,0.009,742207.296
2026-08-17 01:15:00,4135001,INV01,12.318,11.948,0.02,652568.281
2026-08-17 01:15:00,4135001,INV02,8.323,8.073,0.016,883037.749
2026-08-17 01:15:00,4135001,INV03,0.0,0.0,0.003,795542.015
2026-08-17 01:15:00,4135001,INV04,0.0,0.0,0.009,742207.296
2026-08-17 01:30:00,4135001,INV01,26.483,25.689,0.026,652568.287
2026-08-17 01:30:00,4135001,INV02,0.0,0.0,0.016,883037.749
2026-08-17 01:30:00,4135001,INV03,8.112,7.869,0.005,795542.017
2026-08-17 01:30:00,4135001,INV04,0.0,0.0,0.009,742207.296
2026-08-17 01:45:00,4135001,INV01,0.0,0.0,0.026,652568.287
2026-08-17 01:45:00,4135001,INV02,0.0,0.0,0.016,883037.749
2026-08-17 01:45:00,4135001,INV03,8.28,8.032,0.007,795542.019
2026-08-17 01:45:00,4135001,INV04,8.54,8.283,0.012,742207.298
2026-08-17 02:00:00,4135001,INV01,18.765,18.203,0.031,652568.292
2026-08-17 02:00:00,4135001,INV02,0.0,0.0,0.016,883037.749
2026-08-17 02:00:00,4135001,INV03,0.0,0.0,0.007,795542.019
2026-08-17 02:00:00,4135001,INV04,2.961,2.873,0.012,742207.299
2026-08-17 02:15:00,4135001,INV01,0.0,0.0,0.031,652568.292
2026-08-17 02:15:00,4135001,INV02,4.749,4.607,0.017,883037.751
2026-08-17 02:15:00,4135001,INV03,10.773,10.45,0.01,795542.022
2026-08-17 02:15:00,4135001,INV04,11.037,10.706,0.015,742207.302
2026-08-17 02:30:00,4135001,INV01,34.302,33.273,0.039,652568.3
2026-08-17 02:30:00,4135001,INV02,0.189,0.183,0.017,883037.751
2026-08-17 02:30:00,4135001,INV03,0.0,0.0,0.01,795542.022
2026-08-17 02:30:00,4135001,INV04,0.0,0.0,0.015,742207.302
2026-08-17 02:45:00,4135001,INV01,0.0,0.0,0.039,652568.3
2026-08-17 02:45:00,4135001,INV02,2.774,2.691,0.018,883037.751
2026-08-17 02:45:00,4135001,INV03,10.2,9.894,0.012,795542.024
2026-08-17 02:45:00,4135001,INV04,36.386,35.295,0.024,742207.311
2026-08-17 03:00:00,4135001,INV01,0.0,0.0,0.039,652568.3
2026-08-17 03:00:00,4135001,INV02,0.0,0.0,0.018,883037.751
2026-08-17 03:00:00,4135001,INV03,0.0,0.0,0.012,795542.024
2026-08-17 03:00:00,4135001,INV04,32.152,31.188,0.032,742207.318
2026-08-17 03:15:00,4135001,INV01,0.0,0.0,0.039,652568.3
2026-08-17 03:15:00,4135001,INV02,0.0,0.0,0.018,883037.751
2026-08-17 03:15:00,4135001,INV03,0.0,0.0,0.012,795542.024
2026-08-17 03:15:00,4135001,INV04,0.0,0.0,0.032,742207.318
2026-08-17 03:30:00,4135001,INV01,0.0,0.0,0.039,652568.3
2026-08-17 03:30:00,4135001,INV02,8.574,8.317,0.02,883037.753
2026-08-17 03:30:00,4135001,INV03,0.0,0.0,0.012,795542.024
2026-08-17 03:30:00,4135001,INV04,3.793,3.68,0.032,742207.319
2026-08-17 03:45:00,4135001,INV01,0.0,0.0,0.039,652568.3
2026-08-17 03:45:00,4135001,INV02,3.471,3.367,0.021,883037.754
2026-08-17 03:45:00,4135001,INV03,0.0,0.0,0.012,795542.024
2026-08-17 03:45:00,4135001,INV04,0.0,0.0,0.032,742207.319
2026-08-17 04:00:00,4135001,INV01,0.0,0.0,0.039,652568.3
2026-08-17 04:00:00,4135001,INV02,0.0,0.0,0.021,883037.754
2026-08-17 04:00:00,4135001,INV03,0.0,0.0,0.012,795542.024
2026-08-17 04:00:00,4135001,INV04,0.0,0.0,0.032,742207.319
2026-08-17 04:15:00,4135001,INV01,16.278,15.789,0.043,652568.304
2026-08-17 04:15:00,4135001,INV02,0.0,0.0,0.021,883037.754
2026-08-17 04:15:00,4135001,INV03,0.0,0.0,0.012,795542.024
2026-08-17 04:15:00,4135001,INV04,0.0,0.0,0.032,742207.319
2026-08-17 04:30:00,4135001,INV01,1.877,1.821,0.044,652568.304
2026-08-17 04:30:00,4135001,INV02,0.0,0.0,0.021,883037.754
2026-08-17 04:30:00,4135001,INV03,18.493,17.938,0.017,795542.029
2026-08-17 04:30:00,4135001,INV04,0.0,0.0,0.032,742207.319
2026-08-17 04:45:00,4135001,INV01,25.703,24.932,0.05,652568.311
2026-08-17 04:45:00,4135001,INV02,0.0,0.0,0.021,883037.754
2026-08-17 04:45:00,4135001,INV03,0.0,0.0,0.017,795542.029
2026-08-17 04:45:00,4135001,INV04,8.694,8.433,0.035,742207.321
2026-08-17 05:00:00,4135001,INV01,0.0,0.0,0.05,652568.311
2026-08-17 05:00:00,4135001,INV02,32.503,31.528,0.029,883037.762
2026-08-17 05:00:00,4135001,INV03,7.845,7.609,0.019,795542.031
2026-08-17 05:00:00,4135001,INV04,0.0,0.0,0.035,742207.321
2026-08-17 05:15:00,4135001,INV01,33.199,32.203,0.058,652568.319
2026-08-17 05:15:00,4135001,INV02,3.075,2.983,0.03,883037.763
2026-08-17 05:15:00,4135001,INV03,28.104,27.261,0.025,795542.037
2026-08-17 05:15:00,4135001,INV04,0.0,0.0,0.035,742207.321
2026-08-17 05:30:00,4135001,INV01,10.924,10.596,0.061,652568.321
2026-08-17 05:30:00,4135001,INV02,0.0,0.0,0.03,883037.763
2026-08-17 05:30:00,4135001,INV03,18.257,17.709,0.03,795542.042
2026-08-17 05:30:00,4135001,INV04,0.0,0.0,0.035,742207.321
2026-08-17 05:45:00,4135001,INV01,0.0,0.0,0.061,652568.321
2026-08-17 05:45:00,4135001,INV02,0.0,0.0,0.03,883037.763
2026-08-17 05:45:00,4135001,INV03,0.0,0.0,0.03,795542.042
2026-08-17 05:45:00,4135001,INV04,0.0,0.0,0.035,742207.321
2026-08-17 06:00:00,4135001,INV01,3074.097,2981.874,0.806,652569.067
2026-08-17 06:00:00,4135001,INV02,3025.172,2934.416,0.763,883038.496
2026-08-17 06:00:00,4135001,INV03,3135.767,3041.694,0.79,795542.802
2026-08-17 06:00:00,4135001,INV04,3071.207,2979.071,0.779,742208.066
2026-08-17 06:15:00,4135001,INV01,3510.551,3405.234,1.657,652569.918
2026-08-17 06:15:00,4135001,INV02,3519.032,3413.461,1.617,883039.35
2026-08-17 06:15:00,4135001,INV03,3409.183,3306.908,1.617,795543.629
2026-08-17 06:15:00,4135001,INV04,3315.276,3215.818,1.583,742208.87
2026-08-17 06:30:00,4135001,INV01,0.0,0.0,1.657,652569.918
2026-08-17 06:30:00,4135001,INV02,0.82,0.795,1.617,883039.35
2026-08-17 06:30:00,4135001,INV03,0.0,0.0,1.617,795543.629
2026-08-17 06:30:00,4135001,INV04,0.0,0.0,1.583,742208.87
2026-08-17 06:45:00,4135001,INV01,6665.881,6465.904,3.274,652571.534
2026-08-17 06:45:00,4135001,INV02,6607.616,6409.388,3.219,883040.952
2026-08-17 06:45:00,4135001,INV03,6398.833,6206.868,3.169,795545.181
2026-08-17 06:45:00,4135001,INV04,6508.32,6313.07,3.162,742210.448
2026-08-17 07:00:00,4135001,INV01,2357.826,2287.091,3.846,652572.106
2026-08-17 07:00:00,4135001,INV02,2258.57,2190.813,3.767,883041.5
2026-08-17 07:00:00,4135001,INV03,2239.591,2172.403,3.712,795545.724
2026-08-17 07:00:00,4135001,INV04,2311.755,2242.402,3.722,742211.009
2026-08-17 07:15:00,4135001,INV01,6584.705,6387.164,5.443,652573.703
2026-08-17 07:15:00,4135001,INV02,6663.173,6463.278,5.383,883043.116
2026-08-17 07:15:00,4135001,INV03,6379.837,6188.442,5.259,795547.271
2026-08-17 07:15:00,4135001,INV04,6702.409,6501.336,5.347,742212.634
2026-08-17 07:30:00,4135001,INV01,5610.178,5441.873,6.803,652575.063
2026-08-17 07:30:00,4135001,INV02,5733.707,5561.696,6.773,883044.506
2026-08-17 07:30:00,4135001,INV03,5541.287,5375.049,6.603,795548.615
2026-08-17 07:30:00,4135001,INV04,5557.25,5390.533,6.695,742213.982
2026-08-17 07:45:00,4135001,INV01,6050.722,5869.2,8.27,652576.531
2026-08-17 07:45:00,4135001,INV02,6254.72,6067.078,8.29,883046.023
2026-08-17 07:45:00,4135001,INV03,6002.074,5822.012,8.058,795550.07
2026-08-17 07:45:00,4135001,INV04,6265.59,6077.622,8.215,742215.501
2026-08-17 08:00:00,4135001,INV01,8150.454,7905.94,10.247,652578.507
2026-08-17 08:00:00,4135001,INV02,8036.624,7795.525,10.239,883047.972
2026-08-17 08:00:00,4135001,INV03,7676.694,7446.394,9.92,795551.932
2026-08-17 08:00:00,4135001,INV04,7751.288,7518.749,10.094,742217.381
2026-08-17 08:15:00,4135001,INV01,8310.707,8061.386,12.262,652580.523
2026-08-17 08:15:00,4135001,INV02,8355.39,8104.728,12.265,883049.998
2026-08-17 08:15:00,4135001,INV03,7983.616,7744.107,11.856,795553.868
2026-08-17 08:15:00,4135001,INV04,8016.084,7775.601,12.038,742219.325
2026-08-17 08:30:00,4135001,INV01,13232.979,12835.99,15.471,652583.732
2026-08-17 08:30:00,4135001,INV02,12900.738,12513.716,15.393,883053.127
2026-08-17 08:30:00,4135001,INV03,13584.256,13176.728,15.15,795557.162
2026-08-17 08:30:00,4135001,INV04,12873.19,12486.994,15.16,742222.447
2026-08-17 08:45:00,4135001,INV01,10105.3,9802.141,17.922,652586.182
2026-08-17 08:45:00,4135001,INV02,9798.339,9504.389,17.769,883055.503
2026-08-17 08:45:00,4135001,INV03,9851.341,9555.8,17.539,795559.551
2026-08-17 08:45:00,4135001,INV04,9830.907,9535.98,17.544,742224.831
2026-08-17 09:00:00,4135001,INV01,14055.591,13633.923,21.33,652589.591
2026-08-17 09:00:00,4135001,INV02,14323.038,13893.347,21.243,883058.976
2026-08-17 09:00:00,4135001,INV03,15135.901,14681.824,21.209,795563.221
2026-08-17 09:00:00,4135001,INV04,14138.849,13714.684,20.973,742228.259
2026-08-17 09:15:00,4135001,INV01,10328.217,10018.37,23.835,652592.095
2026-08-17 09:15:00,4135001,INV02,9941.598,9643.351,23.654,883061.387
2026-08-17 09:15:00,4135001,INV03,10309.283,10000.005,23.709,795565.721
2026-08-17 09:15:00,4135001,INV04,9865.623,9569.655,23.365,742230.652
2026-08-17 09:30:00,4135001,INV01,14456.892,14023.185,27.341,652595.601
2026-08-17 09:30:00,4135001,INV02,15450.012,14986.512,27.4,883065.133
2026-08-17 09:30:00,4135001,INV03,14733.137,14291.143,27.282,795569.294
2026-08-17 09:30:00,4135001,INV04,15269.944,14811.845,27.068,742234.355
2026-08-17 09:45:00,4135001,INV01,18195.968,17650.089,31.753,652600.014
2026-08-17 09:45:00,4135001,INV02,18256.218,17708.532,31.827,883069.561
2026-08-17 09:45:00,4135001,INV03,18144.216,17599.89,31.682,795573.694
2026-08-17 09:45:00,4135001,INV04,18179.133,17633.759,31.476,742238.763
2026-08-17 10:00:00,4135001,INV01,17638.211,17109.065,36.03,652604.291
2026-08-17 10:00:00,4135001,INV02,17877.241,17340.923,36.163,883073.896
2026-08-17 10:00:00,4135001,INV03,17990.801,17451.077,36.045,795578.057
2026-08-17 10:00:00,4135001,INV04,17796.758,17262.855,35.792,742243.079
2026-08-17 10:15:00,4135001,INV01,19658.805,19069.041,40.798,652609.058
2026-08-17 10:15:00,4135001,INV02,20281.135,19672.701,41.081,883078.814
2026-08-17 10:15:00,4135001,INV03,19440.244,18857.037,40.759,795582.771
2026-08-17 10:15:00,4135001,INV04,20254.208,19646.582,40.704,742247.99
2026-08-17 10:30:00,4135001,INV01,21376.94,20735.632,45.981,652614.242
2026-08-17 10:30:00,4135001,INV02,22156.604,21491.906,46.454,883084.187
2026-08-17 10:30:00,4135001,INV03,22156.393,21491.702,46.132,795588.144
2026-08-17 10:30:00,4135001,INV04,20836.749,20211.647,45.757,742253.043
2026-08-17 10:45:00,4135001,INV01,20329.803,19719.909,50.911,652619.172
2026-08-17 10:45:00,4135001,INV02,21117.0,20483.49,51.575,883089.308
2026-08-17 10:45:00,4135001,INV03,21158.628,20523.869,51.263,795593.275
2026-08-17 10:45:00,4135001,INV04,21367.405,20726.382,50.938,742258.225
2026-08-17 11:00:00,4135001,INV01,23170.211,22475.105,56.53,652624.791
2026-08-17 11:00:00,4135001,INV02,23964.249,23245.322,57.386,883095.119
2026-08-17 11:00:00,4135001,INV03,24088.355,23365.705,57.104,795599.117
2026-08-17 11:00:00,4135001,INV04,23510.858,22805.532,56.64,742263.926
2026-08-17 11:15:00,4135001,INV01,25145.723,24391.351,62.628,652630.889
2026-08-17 11:15:00,4135001,INV02,25489.696,24725.005,63.567,883101.3
2026-08-17 11:15:00,4135001,INV03,25215.189,24458.733,63.219,795605.231
2026-08-17 11:15:00,4135001,INV04,24323.701,23593.99,62.538,742269.825
2026-08-17 11:30:00,4135001,INV01,25519.145,24753.571,68.816,652637.077
2026-08-17 11:30:00,4135001,INV02,25883.881,25107.364,69.844,883107.577
2026-08-17 11:30:00,4135001,INV03,26512.946,25717.557,69.649,795611.661
2026-08-17 11:30:00,4135001,INV04,26405.496,25613.331,68.941,742276.228
2026-08-17 11:45:00,4135001,INV01,27482.327,26657.857,75.481,652643.741
2026-08-17 11:45:00,4135001,INV02,27327.167,26507.352,76.471,883114.204
2026-08-17 11:45:00,4135001,INV03,26978.938,26169.57,76.191,795618.203
2026-08-17 11:45:00,4135001,INV04,28209.409,27363.127,75.782,742283.069
2026-08-17 12:00:00,4135001,INV01,25085.028,24332.477,81.564,652649.825
2026-08-17 12:00:00,4135001,INV02,24357.472,23626.748,82.377,883120.111
2026-08-17 12:00:00,4135001,INV03,25496.294,24731.405,82.374,795624.386
2026-08-17 12:00:00,4135001,INV04,25013.447,24263.043,81.848,742289.135
2026-08-17 12:15:00,4135001,INV01,26846.438,26041.045,88.074,652656.335
2026-08-17 12:15:00,4135001,INV02,26097.43,25314.507,88.706,883126.439
2026-08-17 12:15:00,4135001,INV03,28076.616,27234.317,89.182,795631.194
2026-08-17 12:15:00,4135001,INV04,25868.17,25092.125,88.121,742295.408
2026-08-17 12:30:00,4135001,INV01,10465.911,10151.934,90.612,652658.873
2026-08-17 12:30:00,4135001,INV02,26381.975,25590.516,95.104,883132.837
2026-08-17 12:30:00,4135001,INV03,26589.499,25791.814,95.63,795637.642
2026-08-17 12:30:00,4135001,INV04,26441.809,25648.555,94.533,742301.82
2026-08-17 12:45:00,4135001,INV01,26930.237,26122.33,97.143,652665.403
2026-08-17 12:45:00,4135001,INV02,25930.918,25152.99,101.392,883139.125
2026-08-17 12:45:00,4135001,INV03,25944.041,25165.719,101.922,795643.934
2026-08-17 12:45:00,4135001,INV04,27892.575,27055.798,101.297,742308.584
2026-08-17 13:00:00,4135001,INV01,23627.087,22918.275,102.872,652671.133
2026-08-17 13:00:00,4135001,INV02,23884.969,23168.42,107.184,883144.917
2026-08-17 13:00:00,4135001,INV03,23506.304,22801.115,107.622,795649.634
2026-08-17 13:00:00,4135001,INV04,24345.032,23614.681,107.201,742314.488
2026-08-17 13:15:00,4135001,INV01,25265.268,24507.31,108.999,652677.26
2026-08-17 13:15:00,4135001,INV02,24593.981,23856.161,113.148,883150.881
2026-08-17 13:15:00,4135001,INV03,25151.872,24397.316,113.721,795655.733
2026-08-17 13:15:00,4135001,INV04,25920.541,25142.925,113.486,742320.773
2026-08-17 13:30:00,4135001,INV01,23687.715,22977.084,114.744,652683.004
2026-08-17 13:30:00,4135001,INV02,23427.026,22724.215,118.829,883156.563
2026-08-17 13:30:00,4135001,INV03,23735.867,23023.791,119.477,795661.489
2026-08-17 13:30:00,4135001,INV04,23638.503,22929.348,119.219,742326.506
2026-08-17 13:45:00,4135001,INV01,25448.671,24685.211,120.915,652689.175
2026-08-17 13:45:00,4135001,INV02,24008.569,23288.312,124.651,883162.385
2026-08-17 13:45:00,4135001,INV03,23612.771,22904.388,125.203,795667.216
2026-08-17 13:45:00,4135001,INV04,25164.346,24409.416,125.321,742332.608
2026-08-17 14:00:00,4135001,INV01,22510.687,21835.366,126.374,652694.634
2026-08-17 14:00:00,4135001,INV02,21463.123,20819.23,129.856,883167.589
2026-08-17 14:00:00,4135001,INV03,8565.956,8308.977,127.281,795669.293
2026-08-17 14:00:00,4135001,INV04,21125.401,20491.639,130.444,742337.731
2026-08-17 14:15:00,4135001,INV01,20052.172,19450.607,131.236,652699.497
2026-08-17 14:15:00,4135001,INV02,19765.743,19172.771,134.649,883172.383
2026-08-17 14:15:00,4135001,INV03,19950.785,19352.262,132.119,795674.131
2026-08-17 14:15:00,4135001,INV04,19509.245,18923.968,135.175,742342.462
2026-08-17 14:30:00,4135001,INV01,20186.453,19580.859,136.132,652704.392
2026-08-17 14:30:00,4135001,INV02,19715.865,19124.389,139.43,883177.164
2026-08-17 14:30:00,4135001,INV03,19896.794,19299.89,136.944,795678.956
2026-08-17 14:30:00,4135001,INV04,19850.424,19254.911,139.989,742347.276
2026-08-17 14:45:00,4135001,INV01,15284.864,14826.318,139.838,652708.099
2026-08-17 14:45:00,4135001,INV02,15701.535,15230.489,143.238,883180.971
2026-08-17 14:45:00,4135001,INV03,15293.06,14834.268,140.652,795682.664
2026-08-17 14:45:00,4135001,INV04,16227.395,15740.573,143.924,742351.211
2026-08-17 15:00:00,4135001,INV01,19722.415,19130.742,144.621,652712.881
2026-08-17 15:00:00,4135001,INV02,19883.558,19287.052,148.06,883185.793
2026-08-17 15:00:00,4135001,INV03,19351.727,18771.175,145.345,795687.357
2026-08-17 15:00:00,4135001,INV04,18510.959,17955.63,148.413,742355.7
2026-08-17 15:15:00,4135001,INV01,14960.138,14511.334,148.249,652716.509
2026-08-17 15:15:00,4135001,INV02,14559.819,14123.025,151.591,883189.324
2026-08-17 15:15:00,4135001,INV03,15521.534,15055.888,149.109,795691.121
2026-08-17 15:15:00,4135001,INV04,15137.567,14683.44,152.084,742359.37
2026-08-17 15:30:00,4135001,INV01,16167.744,15682.712,152.169,652720.43
2026-08-17 15:30:00,4135001,INV02,16036.344,15555.254,155.479,883193.213
2026-08-17 15:30:00,4135001,INV03,16364.88,15873.934,153.078,795695.09
2026-08-17 15:30:00,4135001,INV04,15656.378,15186.686,155.88,742363.167
2026-08-17 15:45:00,4135001,INV01,12693.28,12312.481,155.247,652723.508
2026-08-17 15:45:00,4135001,INV02,12829.597,12444.709,158.591,883196.324
2026-08-17 15:45:00,4135001,INV03,13292.758,12893.975,156.301,795698.313
2026-08-17 15:45:00,4135001,INV04,12819.406,12434.824,158.989,742366.276
2026-08-17 16:00:00,4135001,INV01,12864.405,12478.473,158.367,652726.628
2026-08-17 16:00:00,4135001,INV02,12175.961,11810.682,161.543,883199.276
2026-08-17 16:00:00,4135001,INV03,12806.334,12422.144,159.407,795701.419
2026-08-17 16:00:00,4135001,INV04,12489.787,12115.094,162.018,742369.305
2026-08-17 16:15:00,4135001,INV01,9846.346,9550.956,160.755,652729.015
2026-08-17 16:15:00,4135001,INV02,10413.482,10101.078,164.068,883201.802
2026-08-17 16:15:00,4135001,INV03,9805.289,9511.131,161.784,795703.796
2026-08-17 16:15:00,4135001,INV04,10258.813,9951.049,164.506,742371.792
2026-08-17 16:30:00,4135001,INV01,8533.481,8277.477,162.824,652731.085
2026-08-17 16:30:00,4135001,INV02,8268.09,8020.047,166.073,883203.807
2026-08-17 16:30:00,4135001,INV03,8352.381,8101.809,163.81,795705.822
2026-08-17 16:30:00,4135001,INV04,8110.175,7866.87,166.472,742373.759
2026-08-17 16:45:00,4135001,INV01,6073.419,5891.216,164.297,652732.557
2026-08-17 16:45:00,4135001,INV02,6017.939,5837.401,167.533,883205.266
2026-08-17 16:45:00,4135001,INV03,6050.668,5869.148,165.277,795707.289
2026-08-17 16:45:00,4135001,INV04,5995.46,5815.597,167.926,742375.213
2026-08-17 17:00:00,4135001,INV01,6438.108,6244.965,165.858,652734.119
2026-08-17 17:00:00,4135001,INV02,6063.959,5882.04,169.003,883206.737
2026-08-17 17:00:00,4135001,INV03,6466.504,6272.509,166.845,795708.857
2026-08-17 17:00:00,4135001,INV04,6084.383,5901.851,169.402,742376.688
2026-08-17 17:15:00,4135001,INV01,7816.283,7581.795,167.754,652736.014
2026-08-17 17:15:00,4135001,INV02,7908.254,7671.006,170.921,883208.654
2026-08-17 17:15:00,4135001,INV03,3252.87,3155.284,167.634,795709.646
2026-08-17 17:15:00,4135001,INV04,7610.251,7381.943,171.247,742378.534
2026-08-17 17:30:00,4135001,INV01,6164.559,5979.622,169.249,652737.509
2026-08-17 17:30:00,4135001,INV02,5881.858,5705.403,172.347,883210.081
2026-08-17 17:30:00,4135001,INV03,5866.095,5690.112,169.057,795711.069
2026-08-17 17:30:00,4135001,INV04,6095.454,5912.59,172.725,742380.012
2026-08-17 17:45:00,4135001,INV01,5102.718,4949.636,170.486,652738.746
2026-08-17 17:45:00,4135001,INV02,1465.395,1421.433,172.703,883210.436
2026-08-17 17:45:00,4135001,INV03,4782.986,4639.497,170.216,795712.229
2026-08-17 17:45:00,4135001,INV04,4860.671,4714.851,173.904,742381.191
2026-08-17 18:00:00,4135001,INV01,331.367,321.426,170.566,652738.827
2026-08-17 18:00:00,4135001,INV02,336.06,325.978,172.784,883210.518
2026-08-17 18:00:00,4135001,INV03,294.817,285.973,170.288,795712.3
2026-08-17 18:00:00,4135001,INV04,306.341,297.151,173.978,742381.265
2026-08-17 18:15:00,4135001,INV01,2282.876,2214.39,171.12,652739.38
2026-08-17 18:15:00,4135001,INV02,2341.901,2271.643,173.352,883211.085
2026-08-17 18:15:00,4135001,INV03,2255.314,2187.655,170.835,795712.847
2026-08-17 18:15:00,4135001,INV04,2215.704,2149.233,174.516,742381.802
2026-08-17 18:30:00,4135001,INV01,3373.761,3272.548,171.938,652740.199
2026-08-17 18:30:00,4135001,INV02,3314.139,3214.715,174.156,883211.889
2026-08-17 18:30:00,4135001,INV03,3357.907,3257.17,171.649,795713.661
2026-08-17 18:30:00,4135001,INV04,3305.033,3205.882,175.317,742382.604
2026-08-17 18:45:00,4135001,INV01,0.0,0.0,171.938,652740.199
2026-08-17 18:45:00,4135001,INV02,0.0,0.0,174.156,883211.889
2026-08-17 18:45:00,4135001,INV03,11.768,11.415,171.652,795713.664
2026-08-17 18:45:00,4135001,INV04,0.0,0.0,175.317,742382.604
2026-08-17 19:00:00,4135001,INV01,16.143,15.658,171.942,652740.202
2026-08-17 19:00:00,4135001,INV02,0.0,0.0,174.156,883211.889
2026-08-17 19:00:00,4135001,INV03,8.492,8.237,171.654,795713.666
2026-08-17 19:00:00,4135001,INV04,0.0,0.0,175.317,742382.604
2026-08-17 19:15:00,4135001,INV01,4.447,4.314,171.943,652740.204
2026-08-17 19:15:00,4135001,INV02,0.0,0.0,174.156,883211.889
2026-08-17 19:15:00,4135001,INV03,0.0,0.0,171.654,795713.666
2026-08-17 19:15:00,4135001,INV04,20.668,20.048,175.322,742382.609
2026-08-17 19:30:00,4135001,INV01,0.0,0.0,171.943,652740.204
2026-08-17 19:30:00,4135001,INV02,0.0,0.0,174.156,883211.889
2026-08-17 19:30:00,4135001,INV03,0.0,0.0,171.654,795713.666
2026-08-17 19:30:00,4135001,INV04,14.737,14.294,175.326,742382.612
2026-08-17 19:45:00,4135001,INV01,8.509,8.253,171.945,652740.206
2026-08-17 19:45:00,4135001,INV02,0.0,0.0,174.156,883211.889
2026-08-17 19:45:00,4135001,INV03,0.0,0.0,171.654,795713.666
2026-08-17 19:45:00,4135001,INV04,10.436,10.123,175.328,742382.615
2026-08-17 20:00:00,4135001,INV01,7.01,6.8,171.947,652740.207
2026-08-17 20:00:00,4135001,INV02,23.66,22.95,174.162,883211.895
2026-08-17 20:00:00,4135001,INV03,0.0,0.0,171.654,795713.666
2026-08-17 20:00:00,4135001,INV04,9.935,9.637,175.331,742382.617
2026-08-17 20:15:00,4135001,INV01,0.0,0.0,171.947,652740.207
2026-08-17 20:15:00,4135001,INV02,20.88,20.254,174.167,883211.9
2026-08-17 20:15:00,4135001,INV03,12.458,12.085,171.657,795713.669
2026-08-17 20:15:00,4135001,INV04,0.0,0.0,175.331,742382.617
2026-08-17 20:30:00,4135001,INV01,0.0,0.0,171.947,652740.207
2026-08-17 20:30:00,4135001,INV02,9.827,9.532,174.169,883211.902
2026-08-17 20:30:00,4135001,INV03,0.0,0.0,171.657,795713.669
2026-08-17 20:30:00,4135001,INV04,0.0,0.0,175.331,742382.617
2026-08-17 20:45:00,4135001,INV01,0.0,0.0,171.947,652740.207
2026-08-17 20:45:00,4135001,INV02,1.388,1.347,174.169,883211.903
2026-08-17 20:45:00,4135001,INV03,20.292,19.683,171.662,795713.674
2026-08-17 20:45:00,4135001,INV04,18.375,17.823,175.335,742382.622
2026-08-17 21:00:00,4135001,INV01,7.77,7.537,171.949,652740.209
2026-08-17 21:00:00,4135001,INV02,11.568,11.221,174.172,883211.905
2026-08-17 21:00:00,4135001,INV03,21.201,20.565,171.667,795713.679
2026-08-17 21:00:00,4135001,INV04,0.0,0.0,175.335,742382.622
2026-08-17 21:15:00,4135001,INV01,1.328,1.288,171.949,652740.21
2026-08-17 21:15:00,4135001,INV02,0.0,0.0,174.172,883211.905
2026-08-17 21:15:00,4135001,INV03,0.0,0.0,171.667,795713.679
2026-08-17 21:15:00,4135001,INV04,0.0,0.0,175.335,742382.622
2026-08-17 21:30:00,4135001,INV01,3.261,3.163,171.95,652740.21
2026-08-17 21:30:00,4135001,INV02,0.0,0.0,174.172,883211.905
2026-08-17 21:30:00,4135001,INV03,0.0,0.0,171.667,795713.679
2026-08-17 21:30:00,4135001,INV04,27.628,26.799,175.342,742382.629
2026-08-17 21:45:00,4135001,INV01,7.216,7.0,171.952,652740.212
2026-08-17 21:45:00,4135001,INV02,0.0,0.0,174.172,883211.905
2026-08-17 21:45:00,4135001,INV03,0.0,0.0,171.667,795713.679
2026-08-17 21:45:00,4135001,INV04,1.0,0.97,175.342,742382.629
2026-08-17 22:00:00,4135001,INV01,2.363,2.292,171.952,652740.213
2026-08-17 22:00:00,4135001,INV02,14.296,13.867,174.176,883211.909
2026-08-17 22:00:00,4135001,INV03,0.0,0.0,171.667,795713.679
2026-08-17 22:00:00,4135001,INV04,0.0,0.0,175.342,742382.629
2026-08-17 22:15:00,4135001,INV01,0.0,0.0,171.952,652740.213
2026-08-17 22:15:00,4135001,INV02,0.0,0.0,174.176,883211.909
2026-08-17 22:15:00,4135001,INV03,0.0,0.0,171.667,795713.679
2026-08-17 22:15:00,4135001,INV04,0.0,0.0,175.342,742382.629
2026-08-17 22:30:00,4135001,INV01,0.0,0.0,171.952,652740.213
2026-08-17 22:30:00,4135001,INV02,0.0,0.0,174.176,883211.909
2026-08-17 22:30:00,4135001,INV03,11.492,11.147,171.67,795713.682
2026-08-17 22:30:00,4135001,INV04,0.0,0.0,175.342,742382.629
2026-08-17 22:45:00,4135001,INV01,20.936,20.308,171.957,652740.218
2026-08-17 22:45:00,4135001,INV02,5.944,5.766,174.177,883211.91
2026-08-17 22:45:00,4135001,INV03,9.34,9.06,171.672,795713.684
2026-08-17 22:45:00,4135001,INV04,13.958,13.539,175.345,742382.632
2026-08-17 23:00:00,4135001,INV01,0.0,0.0,171.957,652740.218
2026-08-17 23:00:00,4135001,INV02,0.0,0.0,174.177,883211.91
2026-08-17 23:00:00,4135001,INV03,12.158,11.793,171.675,795713.687
2026-08-17 23:00:00,4135001,INV04,0.0,0.0,175.345,742382.632
2026-08-17 23:15:00,4135001,INV01,7.208,6.992,171.959,652740.219
2026-08-17 23:15:00,4135001,INV02,13.775,13.362,174.18,883211.914
2026-08-17 23:15:00,4135001,INV03,8.366,8.115,171.677,795713.689
2026-08-17 23:15:00,4135001,INV04,13.466,13.062,175.349,742382.635
2026-08-17 23:30:00,4135001,INV01,0.0,0.0,171.959,652740.219
2026-08-17 23:30:00,4135001,INV02,0.0,0.0,174.18,883211.914
2026-08-17 23:30:00,4135001,INV03,3.901,3.784,171.678,795713.69
2026-08-17 23:30:00,4135001,INV04,37.705,36.574,175.358,742382.645
2026-08-17 23:45:00,4135001,INV01,0.0,0.0,171.959,652740.219
2026-08-17 23:45:00,4135001,INV02,0.0,0.0,174.18,883211.914
2026-08-17 23:45:00,4135001,INV03,8.441,8.187,171.68,795713.692
2026-08-17 23:45:00,4135001,INV04,5.651,5.481,175.359,742382.646
2026-08-18 00:00:00,4135001,INV01,0.0,0.0,0.0,652740.219
2026-08-18 00:00:00,4135001,INV02,3.127,3.033,0.001,883211.915
2026-08-18 00:00:00,4135001,INV03,0.0,0.0,0.0,795713.692
2026-08-18 00:00:00,4135001,INV04,0.0,0.0,0.0,742382.646
2026-08-18 00:15:00,4135001,INV01,5.799,5.625,0.001,652740.221
2026-08-18 00:15:00,4135001,INV02,3.369,3.268,0.002,883211.915
2026-08-18 00:15:00,4135001,INV03,0.0,0.0,0.0,795713.692
2026-08-18 00:15:00,4135001,INV04,0.0,0.0,0.0,742382.646
2026-08-18 00:30:00,4135001,INV01,16.063,15.581,0.005,652740.225
2026-08-18 00:30:00,4135001,INV02,0.0,0.0,0.002,883211.915
2026-08-18 00:30:00,4135001,INV03,0.0,0.0,0.0,795713.692
2026-08-18 00:30:00,4135001,INV04,0.0,0.0,0.0,742382.646
2026-08-18 00:45:00,4135001,INV01,19.358,18.777,0.01,652740.229
2026-08-18 00:45:00,4135001,INV02,19.267,18.689,0.006,883211.92
2026-08-18 00:45:00,4135001,INV03,14.866,14.42,0.004,795713.696
2026-08-18 00:45:00,4135001,INV04,0.0,0.0,0.0,742382.646
2026-08-18 01:00:00,4135001,INV01,0.0,0.0,0.01,652740.229
2026-08-18 01:00:00,4135001,INV02,0.0,0.0,0.006,883211.92
2026-08-18 01:00:00,4135001,INV03,0.0,0.0,0.004,795713.696
2026-08-18 01:00:00,4135001,INV04,9.158,8.883,0.002,742382.648
2026-08-18 01:15:00,4135001,INV01,26.887,26.08,0.017,652740.236
2026-08-18 01:15:00,4135001,INV02,27.393,26.572,0.013,883211.927
2026-08-18 01:15:00,4135001,INV03,0.0,0.0,0.004,795713.696
2026-08-18 01:15:00,4135001,INV04,1.206,1.17,0.003,742382.648
2026-08-18 01:30:00,4135001,INV01,0.0,0.0,0.017,652740.236
2026-08-18 01:30:00,4135001,INV02,20.441,19.828,0.018,883211.932
2026-08-18 01:30:00,4135001,INV03,2.837,2.752,0.004,795713.697
2026-08-18 01:30:00,4135001,INV04,22.682,22.001,0.008,742382.654
2026-08-18 01:45:00,4135001,INV01,0.0,0.0,0.017,652740.236
2026-08-18 01:45:00,4135001,INV02,0.0,0.0,0.018,883211.932
2026-08-18 01:45:00,4135001,INV03,0.0,0.0,0.004,795713.697
2026-08-18 01:45:00,4135001,INV04,0.0,0.0,0.008,742382.654
2026-08-18 02:00:00,4135001,INV01,8.88,8.614,0.019,652740.238
2026-08-18 02:00:00,4135001,INV02,0.0,0.0,0.018,883211.932
2026-08-18 02:00:00,4135001,INV03,0.0,0.0,0.004,795713.697
2026-08-18 02:00:00,4135001,INV04,18.232,17.685,0.012,742382.658
2026-08-18 02:15:00,4135001,INV01,7.815,7.581,0.021,652740.24
2026-08-18 02:15:00,4135001,INV02,0.0,0.0,0.018,883211.932
2026-08-18 02:15:00,4135001,INV03,0.0,0.0,0.004,795713.697
2026-08-18 02:15:00,4135001,INV04,0.0,0.0,0.012,742382.658
2026-08-18 02:30:00,4135001,INV01,0.0,0.0,0.021,652740.24
2026-08-18 02:30:00,4135001,INV02,2.386,2.314,0.018,883211.932
2026-08-18 02:30:00,4135001,INV03,0.0,0.0,0.004,795713.697
2026-08-18 02:30:00,4135001,INV04,8.622,8.364,0.015,742382.661
2026-08-18 02:45:00,4135001,INV01,0.856,0.83,0.021,652740.24
2026-08-18 02:45:00,4135001,INV02,2.402,2.33,0.019,883211.933
2026-08-18 02:45:00,4135001,INV03,0.0,0.0,0.004,795713.697
2026-08-18 02:45:00,4135001,INV04,0.0,0.0,0.015,742382.661
2026-08-18 03:00:00,4135001,INV01,0.0,0.0,0.021,652740.24
2026-08-18 03:00:00,4135001,INV02,22.988,22.298,0.025,883211.938
2026-08-18 03:00:00,4135001,INV03,0.0,0.0,0.004,795713.697
2026-08-18 03:00:00,4135001,INV04,10.696,10.375,0.017,742382.663
2026-08-18 03:15:00,4135001,INV01,0.0,0.0,0.021,652740.24
2026-08-18 03:15:00,4135001,INV02,0.0,0.0,0.025,883211.938
2026-08-18 03:15:00,4135001,INV03,0.0,0.0,0.004,795713.697
2026-08-18 03:15:00,4135001,INV04,0.0,0.0,0.017,742382.663
2026-08-18 03:30:00,4135001,INV01,18.048,17.507,0.025,652740.245
2026-08-18 03:30:00,4135001,INV02,7.645,7.416,0.026,883211.94
2026-08-18 03:30:00,4135001,INV03,7.176,6.961,0.006,795713.698
2026-08-18 03:30:00,4135001,INV04,0.0,0.0,0.017,742382.663
2026-08-18 03:45:00,4135001,INV01,4.871,4.725,0.026,652740.246
2026-08-18 03:45:00,4135001,INV02,18.948,18.379,0.031,883211.945
2026-08-18 03:45:00,4135001,INV03,21.639,20.99,0.011,795713.704
2026-08-18 03:45:00,4135001,INV04,0.0,0.0,0.017,742382.663
2026-08-18 04:00:00,4135001,INV01,35.523,34.458,0.035,652740.254
2026-08-18 04:00:00,4135001,INV02,0.0,0.0,0.031,883211.945
2026-08-18 04:00:00,4135001,INV03,1.526,1.48,0.012,795713.704
2026-08-18 04:00:00,4135001,INV04,11.169,10.834,0.02,742382.666
2026-08-18 04:15:00,4135001,INV01,0.0,0.0,0.035,652740.254
2026-08-18 04:15:00,4135001,INV02,15.193,14.737,0.035,883211.948
2026-08-18 04:15:00,4135001,INV03,0.0,0.0,0.012,795713.704
2026-08-18 04:15:00,4135001,INV04,11.757,11.404,0.023,742382.669
2026-08-18 04:30:00,4135001,INV01,21.79,21.136,0.04,652740.26
2026-08-18 04:30:00,4135001,INV02,0.0,0.0,0.035,883211.948
2026-08-18 04:30:00,4135001,INV03,0.0,0.0,0.012,795713.704
2026-08-18 04:30:00,4135001,INV04,0.0,0.0,0.023,742382.669
2026-08-18 04:45:00,4135001,INV01,6.7,6.499,0.042,652740.261
2026-08-18 04:45:00,4135001,INV02,15.52,15.055,0.038,883211.952
2026-08-18 04:45:00,4135001,INV03,13.51,13.104,0.015,795713.707
2026-08-18 04:45:00,4135001,INV04,0.0,0.0,0.023,742382.669
2026-08-18 05:00:00,4135001,INV01,10.314,10.004,0.044,652740.264
2026-08-18 05:00:00,4135001,INV02,8.497,8.242,0.041,883211.954
2026-08-18 05:00:00,4135001,INV03,26.894,26.087,0.021,795713.714
2026-08-18 05:00:00,4135001,INV04,0.0,0.0,0.023,742382.669
2026-08-18 05:15:00,4135001,INV01,2.821,2.736,0.045,652740.265
2026-08-18 05:15:00,4135001,INV02,0.0,0.0,0.041,883211.954
2026-08-18 05:15:00,4135001,INV03,4.053,3.931,0.022,795713.715
2026-08-18 05:15:00,4135001,INV04,15.148,14.693,0.026,742382.672
2026-08-18 05:30:00,4135001,INV01,15.541,15.075,0.049,652740.268
2026-08-18 05:30:00,4135001,INV02,0.0,0.0,0.041,883211.954
2026-08-18 05:30:00,4135001,INV03,0.0,0.0,0.022,795713.715
2026-08-18 05:30:00,4135001,INV04,5.882,5.705,0.028,742382.674
2026-08-18 05:45:00,4135001,INV01,21.352,20.711,0.054,652740.273
2026-08-18 05:45:00,4135001,INV02,1.233,1.196,0.041,883211.955
2026-08-18 05:45:00,4135001,INV03,0.0,0.0,0.022,795713.715
2026-08-18 05:45:00,4135001,INV04,0.0,0.0,0.028,742382.674
2026-08-18 06:00:00,4135001,INV01,3119.069,3025.497,0.81,652741.03
2026-08-18 06:00:00,4135001,INV02,3173.862,3078.646,0.811,883212.724
2026-08-18 06:00:00,4135001,INV03,3147.962,3053.523,0.786,795714.478
2026-08-18 06:00:00,4135001,INV04,3041.939,2950.681,0.765,742383.411
2026-08-18 06:15:00,4135001,INV01,4304.211,4175.085,1.854,652742.074
2026-08-18 06:15:00,4135001,INV02,4239.424,4112.242,1.839,883213.752
2026-08-18 06:15:00,4135001,INV03,4404.547,4272.41,1.854,795715.546
2026-08-18 06:15:00,4135001,INV04,4170.24,4045.133,1.777,742384.423
2026-08-18 06:30:00,4135001,INV01,4751.233,4608.696,3.006,652743.226
2026-08-18 06:30:00,4135001,INV02,4426.423,4293.631,2.912,883214.826
2026-08-18 06:30:00,4135001,INV03,4414.754,4282.311,2.924,795716.617
2026-08-18 06:30:00,4135001,INV04,4526.528,4390.732,2.874,742385.52
2026-08-18 06:45:00,4135001,INV01,2634.831,2555.786,3.645,652743.865
2026-08-18 06:45:00,4135001,INV02,2678.815,2598.451,3.562,883215.475
2026-08-18 06:45:00,4135001,INV03,2652.066,2572.504,3.568,795717.26
2026-08-18 06:45:00,4135001,INV04,2721.295,2639.656,3.534,742386.18
2026-08-18 07:00:00,4135001,INV01,2622.277,2543.609,4.281,652744.501
2026-08-18 07:00:00,4135001,INV02,2617.535,2539.009,4.196,883216.11
2026-08-18 07:00:00,4135001,INV03,2544.69,2468.349,4.185,795717.877
2026-08-18 07:00:00,4135001,INV04,2694.457,2613.623,4.188,742386.834
2026-08-18 07:15:00,4135001,INV01,6097.761,5914.828,5.76,652745.979
2026-08-18 07:15:00,4135001,INV02,5977.921,5798.584,5.646,883217.56
2026-08-18 07:15:00,4135001,INV03,5969.291,5790.212,5.632,795719.324
2026-08-18 07:15:00,4135001,INV04,6285.479,6096.915,5.712,742388.358
2026-08-18 07:30:00,4135001,INV01,10538.601,10222.442,8.315,652748.535
2026-08-18 07:30:00,4135001,INV02,10403.034,10090.943,8.169,883220.082
2026-08-18 07:30:00,4135001,INV03,10835.996,10510.916,8.26,795721.952
2026-08-18 07:30:00,4135001,INV04,10203.202,9897.106,8.186,742390.832
2026-08-18 07:45:00,4135001,INV01,6274.402,6086.17,9.837,652750.056
2026-08-18 07:45:00,4135001,INV02,6335.511,6145.445,9.705,883221.619
2026-08-18 07:45:00,4135001,INV03,6115.375,5931.914,9.743,795723.435
2026-08-18 07:45:00,4135001,INV04,6449.467,6255.983,9.75,742392.396
2026-08-18 08:00:00,4135001,INV01,10955.675,10627.005,12.494,652752.713
2026-08-18 08:00:00,4135001,INV02,11377.229,11035.912,12.464,883224.378
2026-08-18 08:00:00,4135001,INV03,11457.999,11114.259,12.522,795726.214
2026-08-18 08:00:00,4135001,INV04,10893.148,10566.353,12.392,742395.038
2026-08-18 08:15:00,4135001,INV01,7129.123,6915.25,14.223,652754.442
2026-08-18 08:15:00,4135001,INV02,6667.536,6467.51,14.081,883225.995
2026-08-18 08:15:00,4135001,INV03,6770.767,6567.644,14.163,795727.856
2026-08-18 08:15:00,4135001,INV04,7124.29,6910.561,14.119,742396.765
2026-08-18 08:30:00,4135001,INV01,12352.892,11982.305,17.218,652757.438
2026-08-18 08:30:00,4135001,INV02,12538.146,12162.001,17.121,883229.035
2026-08-18 08:30:00,4135001,INV03,12114.862,11751.416,17.101,795730.794
2026-08-18 08:30:00,4135001,INV04,12636.774,12257.671,17.184,742399.83
2026-08-18 08:45:00,4135001,INV01,9857.337,9561.617,19.609,652759.828
2026-08-18 08:45:00,4135001,INV02,9444.181,9160.855,19.412,883231.325
2026-08-18 08:45:00,4135001,INV03,9419.659,9137.069,19.386,795733.078
2026-08-18 08:45:00,4135001,INV04,9222.453,8945.779,19.42,742402.066
2026-08-18 09:00:00,4135001,INV01,5768.934,5595.866,21.008,652761.227
2026-08-18 09:00:00,4135001,INV02,15206.935,14750.727,23.099,883235.013
2026-08-18 09:00:00,4135001,INV03,15718.849,15247.284,23.197,795736.89
2026-08-18 09:00:00,4135001,INV04,15962.522,15483.646,23.291,742405.937
2026-08-18 09:15:00,4135001,INV01,15672.976,15202.787,24.808,652765.028
2026-08-18 09:15:00,4135001,INV02,3933.589,3815.581,24.053,883235.967
2026-08-18 09:15:00,4135001,INV03,15059.733,14607.941,26.849,795740.542
2026-08-18 09:15:00,4135001,INV04,15395.464,14933.6,27.025,742409.671
2026-08-18 09:30:00,4135001,INV01,12838.553,12453.396,27.922,652768.141
2026-08-18 09:30:00,4135001,INV02,12280.963,11912.534,27.031,883238.945
2026-08-18 09:30:00,4135001,INV03,12980.6,12591.182,29.997,795743.689
2026-08-18 09:30:00,4135001,INV04,12384.536,12013.0,30.028,742412.674
2026-08-18 09:45:00,4135001,INV01,17548.436,17021.983,32.177,652772.397
2026-08-18 09:45:00,4135001,INV02,18438.817,17885.653,31.503,883243.417
2026-08-18 09:45:00,4135001,INV03,17875.434,17339.171,34.332,795748.024
2026-08-18 09:45:00,4135001,INV04,17411.5,16889.155,34.25,742416.896
2026-08-18 10:00:00,4135001,INV01,18990.015,18420.314,36.782,652777.002
2026-08-18 10:00:00,4135001,INV02,17658.315,17128.565,35.785,883247.699
2026-08-18 10:00:00,4135001,INV03,18775.356,18212.096,38.885,795752.577
2026-08-18 10:00:00,4135001,INV04,18614.01,18055.589,38.764,742421.41
2026-08-18 10:15:00,4135001,INV01,21266.924,20628.916,41.939,652782.159
2026-08-18 10:15:00,4135001,INV02,22112.555,21449.178,41.147,883253.061
2026-08-18 10:15:00,4135001,INV03,20494.201,19879.375,43.855,795757.547
2026-08-18 10:15:00,4135001,INV04,20656.743,20037.041,43.773,742426.419
2026-08-18 10:30:00,4135001,INV01,22316.982,21647.472,47.351,652787.571
2026-08-18 10:30:00,4135001,INV02,22566.819,21889.815,46.62,883258.533
2026-08-18 10:30:00,4135001,INV03,23601.768,22893.715,49.578,795763.27
2026-08-18 10:30:00,4135001,INV04,23838.018,23122.878,49.554,742432.2
2026-08-18 10:45:00,4135001,INV01,23720.306,23008.696,53.103,652793.323
2026-08-18 10:45:00,4135001,INV02,22558.141,21881.397,52.09,883264.004
2026-08-18 10:45:00,4135001,INV03,23595.268,22887.41,55.3,795768.992
2026-08-18 10:45:00,4135001,INV04,22529.396,21853.514,55.017,742437.663
2026-08-18 11:00:00,4135001,INV01,24374.246,23643.019,59.014,652799.234
2026-08-18 11:00:00,4135001,INV02,22941.161,22252.926,57.653,883269.567
2026-08-18 11:00:00,4135001,INV03,24189.917,23464.22,61.166,795774.858
2026-08-18 11:00:00,4135001,INV04,24801.024,24056.993,61.032,742443.678
2026-08-18 11:15:00,4135001,INV01,22804.651,22120.511,64.544,652804.764
2026-08-18 11:15:00,4135001,INV02,22457.099,21783.386,63.099,883275.013
2026-08-18 11:15:00,4135001,INV03,22744.445,22062.111,66.682,795780.374
2026-08-18 11:15:00,4135001,INV04,23285.129,22586.575,66.678,742449.324
2026-08-18 11:30:00,4135001,INV01,25160.972,24406.143,70.646,652810.865
2026-08-18 11:30:00,4135001,INV02,25666.482,24896.487,69.323,883281.237
2026-08-18 11:30:00,4135001,INV03,25828.652,25053.793,72.945,795786.637
2026-08-18 11:30:00,4135001,INV04,25834.295,25059.267,72.943,742455.589
2026-08-18 11:45:00,4135001,INV01,25992.775,25212.992,76.949,652817.169
2026-08-18 11:45:00,4135001,INV02,27640.225,26811.018,76.026,883287.94
2026-08-18 11:45:00,4135001,INV03,25652.097,24882.534,79.166,795792.858
2026-08-18 11:45:00,4135001,INV04,26715.303,25913.844,79.422,742462.068
2026-08-18 12:00:00,4135001,INV01,26413.575,25621.168,83.354,652823.574
2026-08-18 12:00:00,4135001,INV02,26634.738,25835.696,82.485,883294.399
2026-08-18 12:00:00,4135001,INV03,25436.914,24673.807,85.334,795799.026
2026-08-18 12:00:00,4135001,INV04,26744.925,25942.577,85.907,742468.553
2026-08-18 12:15:00,4135001,INV01,28115.755,27272.282,90.172,652830.392
2026-08-18 12:15:00,4135001,INV02,27312.55,26493.174,89.108,883301.022
2026-08-18 12:15:00,4135001,INV03,27073.139,26260.945,91.899,795805.592
2026-08-18 12:15:00,4135001,INV04,5858.784,5683.021,87.328,742469.974
2026-08-18 12:30:00,4135001,INV01,24177.15,23451.835,96.035,652836.255
2026-08-18 12:30:00,4135001,INV02,24540.214,23804.008,95.059,883306.973
2026-08-18 12:30:00,4135001,INV03,24447.941,23714.503,97.828,795811.52
2026-08-18 12:30:00,4135001,INV04,25118.193,24364.648,93.419,742476.065
2026-08-18 12:45:00,4135001,INV01,26741.461,25939.217,102.52,652842.74
2026-08-18 12:45:00,4135001,INV02,25321.162,24561.527,101.2,883313.113
2026-08-18 12:45:00,4135001,INV03,26518.382,25722.83,104.259,795817.951
2026-08-18 12:45:00,4135001,INV04,25153.013,24398.422,99.519,742482.165
2026-08-18 13:00:00,4135001,INV01,23067.649,22375.62,108.114,652848.334
2026-08-18 13:00:00,4135001,INV02,22918.537,22230.98,106.757,883318.671
2026-08-18 13:00:00,4135001,INV03,22376.954,21705.646,109.685,795823.377
2026-08-18 13:00:00,4135001,INV04,22707.106,22025.892,105.025,742487.671
2026-08-18 13:15:00,4135001,INV01,23908.314,23191.064,113.912,652854.131
2026-08-18 13:15:00,4135001,INV02,23943.489,23225.184,112.564,883324.477
2026-08-18 13:15:00,4135001,INV03,23551.396,22844.855,115.396,795829.089
2026-08-18 13:15:00,4135001,INV04,23000.248,22310.241,110.603,742493.249
2026-08-18 13:30:00,4135001,INV01,22905.03,22217.879,119.466,652859.686
2026-08-18 13:30:00,4135001,INV02,22354.184,21683.559,117.984,883329.898
2026-08-18 13:30:00,4135001,INV03,23225.312,22528.552,121.029,795834.721
2026-08-18 13:30:00,4135001,INV04,22510.567,21835.25,116.062,742498.708
2026-08-18 13:45:00,4135001,INV01,22114.464,21451.03,124.829,652865.049
2026-08-18 13:45:00,4135001,INV02,22773.865,22090.649,123.507,883335.421
2026-08-18 13:45:00,4135001,INV03,21422.503,20779.828,126.224,795839.916
2026-08-18 13:45:00,4135001,INV04,22069.999,21407.899,121.414,742504.06
2026-08-18 14:00:00,4135001,INV01,9061.182,8789.347,127.026,652867.246
2026-08-18 14:00:00,4135001,INV02,22149.59,21485.102,128.878,883340.792
2026-08-18 14:00:00,4135001,INV03,22466.765,21792.762,131.672,795845.364
2026-08-18 14:00:00,4135001,INV04,22727.092,22045.279,126.925,742509.571
2026-08-18 14:15:00,4135001,INV01,21044.04,20412.719,132.13,652872.349
2026-08-18 14:15:00,4135001,INV02,19615.894,19027.417,133.635,883345.549
2026-08-18 14:15:00,4135001,INV03,19893.755,19296.942,136.496,795850.188
2026-08-18 14:15:00,4135001,INV04,20059.309,19457.529,131.789,742514.435
2026-08-18 14:30:00,4135001,INV01,20039.391,19438.209,136.989,652877.209
2026-08-18 14:30:00,4135001,INV02,20320.07,19710.468,138.563,883350.477
2026-08-18 14:30:00,4135001,INV03,19217.42,18640.897,141.156,795854.848
2026-08-18 14:30:00,4135001,INV04,19787.374,19193.753,136.588,742519.234
2026-08-18 14:45:00,4135001,INV01,15011.729,14561.377,140.63,652880.849
2026-08-18 14:45:00,4135001,INV02,15812.543,15338.167,142.397,883354.311
2026-08-18 14:45:00,4135001,INV03,15979.451,15500.068,145.031,795858.723
2026-08-18 14:45:00,4135001,INV04,15845.926,15370.548,140.43,742523.076
2026-08-18 15:00:00,4135001,INV01,15081.663,14629.213,144.287,652884.506
2026-08-18 15:00:00,4135001,INV02,15099.54,14646.553,146.059,883357.973
2026-08-18 15:00:00,4135001,INV03,15125.78,14672.007,148.699,795862.391
2026-08-18 15:00:00,4135001,INV04,14885.167,14438.612,144.04,742526.686
2026-08-18 15:15:00,4135001,INV01,15952.444,15473.871,148.155,652888.375
2026-08-18 15:15:00,4135001,INV02,15321.243,14861.606,149.774,883361.688
2026-08-18 15:15:00,4135001,INV03,15174.383,14719.151,152.379,795866.071
2026-08-18 15:15:00,4135001,INV04,14916.069,14468.587,147.657,742530.303
2026-08-18 15:30:00,4135001,INV01,16128.746,15644.884,152.067,652892.286
2026-08-18 15:30:00,4135001,INV02,15443.733,14980.421,153.52,883365.433
2026-08-18 15:30:00,4135001,INV03,15949.287,15470.809,156.247,795869.939
2026-08-18 15:30:00,4135001,INV04,15391.073,14929.341,151.39,742534.035
2026-08-18 15:45:00,4135001,INV01,11081.546,10749.099,154.754,652894.973
2026-08-18 15:45:00,4135001,INV02,11693.833,11343.018,156.355,883368.269
2026-08-18 15:45:00,4135001,INV03,10959.87,10631.074,158.904,795872.597
2026-08-18 15:45:00,4135001,INV04,11273.506,10935.301,154.123,742536.769
2026-08-18 16:00:00,4135001,INV01,10567.583,10250.556,157.316,652897.536
2026-08-18 16:00:00,4135001,INV02,10056.153,9754.468,158.794,883370.708
2026-08-18 16:00:00,4135001,INV03,10471.829,10157.674,161.444,795875.136
2026-08-18 16:00:00,4135001,INV04,9881.571,9585.124,156.52,742539.166
2026-08-18 16:15:00,4135001,INV01,9594.049,9306.227,159.643,652899.862
2026-08-18 16:15:00,4135001,INV02,8929.563,8661.677,160.959,883372.873
2026-08-18 16:15:00,4135001,INV03,9353.559,9072.953,163.712,795877.404
2026-08-18 16:15:00,4135001,INV04,8827.325,8562.505,158.66,742541.306
2026-08-18 16:30:00,4135001,INV01,8648.286,8388.838,161.74,652901.96
2026-08-18 16:30:00,4135001,INV02,8989.474,8719.79,163.139,883375.053
2026-08-18 16:30:00,4135001,INV03,8756.102,8493.418,165.835,795879.528
2026-08-18 16:30:00,4135001,INV04,2341.557,2271.31,159.228,742541.874
2026-08-18 16:45:00,4135001,INV01,6567.929,6370.891,163.333,652903.552
2026-08-18 16:45:00,4135001,INV02,6304.031,6114.91,164.668,883376.582
2026-08-18 16:45:00,4135001,INV03,6627.858,6429.022,167.443,795881.135
2026-08-18 16:45:00,4135001,INV04,6619.397,6420.815,160.833,742543.479
2026-08-18 17:00:00,4135001,INV01,5762.125,5589.261,164.73,652904.95
2026-08-18 17:00:00,4135001,INV02,6122.414,5938.742,166.153,883378.066
2026-08-18 17:00:00,4135001,INV03,6012.785,5832.402,168.901,795882.593
2026-08-18 17:00:00,4135001,INV04,6084.524,5901.989,162.309,742544.955
2026-08-18 17:15:00,4135001,INV01,3428.717,3325.855,165.562,652905.781
2026-08-18 17:15:00,4135001,INV02,3418.631,3316.072,166.982,883378.896
2026-08-18 17:15:00,4135001,INV03,3428.029,3325.188,169.732,795883.424
2026-08-18 17:15:00,4135001,INV04,3477.178,3372.862,163.152,742545.798
2026-08-18 17:30:00,4135001,INV01,5708.164,5536.919,166.946,652907.165
2026-08-18 17:30:00,4135001,INV02,5439.237,5276.06,168.301,883380.215
2026-08-18 17:30:00,4135001,INV03,5671.014,5500.883,171.107,795884.8
2026-08-18 17:30:00,4135001,INV04,5746.031,5573.65,164.545,742547.191
2026-08-18 17:45:00,4135001,INV01,4099.327,3976.347,167.94,652908.159
2026-08-18 17:45:00,4135001,INV02,4107.55,3984.324,169.297,883381.211
2026-08-18 17:45:00,4135001,INV03,4268.517,4140.461,172.142,795885.835
2026-08-18 17:45:00,4135001,INV04,4113.532,3990.126,165.543,742548.189
2026-08-18 18:00:00,4135001,INV01,3210.913,3114.586,168.719,652908.938
2026-08-18 18:00:00,4135001,INV02,3160.182,3065.377,170.063,883381.977
2026-08-18 18:00:00,4135001,INV03,3197.943,3102.005,172.918,795886.61
2026-08-18 18:00:00,4135001,INV04,3114.067,3020.645,166.298,742548.944
2026-08-18 18:15:00,4135001,INV01,3380.421,3279.008,169.538,652909.758
2026-08-18 18:15:00,4135001,INV02,3258.772,3161.009,170.853,883382.767
2026-08-18 18:15:00,4135001,INV03,3148.324,3053.874,173.681,795887.374
2026-08-18 18:15:00,4135001,INV04,3344.312,3243.982,167.109,742549.755
2026-08-18 18:30:00,4135001,INV01,5659.049,5489.277,170.911,652911.13
2026-08-18 18:30:00,4135001,INV02,5486.263,5321.675,172.184,883384.098
2026-08-18 18:30:00,4135001,INV03,5293.316,5134.517,174.965,795888.657
2026-08-18 18:30:00,4135001,INV04,5428.66,5265.8,168.426,742551.072
2026-08-18 18:45:00,4135001,INV01,0.714,0.692,170.911,652911.13
2026-08-18 18:45:00,4135001,INV02,0.0,0.0,172.184,883384.098
2026-08-18 18:45:00,4135001,INV03,0.012,0.012,174.965,795888.657
2026-08-18 18:45:00,4135001,INV04,0.438,0.425,168.426,742551.072
2026-08-18 19:00:00,4135001,INV01,0.0,0.0,170.911,652911.13
2026-08-18 19:00:00,4135001,INV02,0.0,0.0,172.184,883384.098
2026-08-18 19:00:00,4135001,INV03,15.082,14.63,174.969,795888.661
2026-08-18 19:00:00,4135001,INV04,12.51,12.135,168.429,742551.075
2026-08-18 19:15:00,4135001,INV01,12.902,12.515,170.914,652911.133
2026-08-18 19:15:00,4135001,INV02,4.527,4.391,172.185,883384.099
2026-08-18 19:15:00,4135001,INV03,0.0,0.0,174.969,795888.661
2026-08-18 19:15:00,4135001,INV04,0.0,0.0,168.429,742551.075
2026-08-18 19:30:00,4135001,INV01,28.449,27.595,170.921,652911.14
2026-08-18 19:30:00,4135001,INV02,17.499,16.974,172.189,883384.103
2026-08-18 19:30:00,4135001,INV03,0.0,0.0,174.969,795888.661
2026-08-18 19:30:00,4135001,INV04,5.884,5.708,168.43,742551.076
2026-08-18 19:45:00,4135001,INV01,0.0,0.0,170.921,652911.14
2026-08-18 19:45:00,4135001,INV02,0.0,0.0,172.189,883384.103
2026-08-18 19:45:00,4135001,INV03,17.307,16.787,174.973,795888.665
2026-08-18 19:45:00,4135001,INV04,1.03,0.999,168.43,742551.076
2026-08-18 20:00:00,4135001,INV01,0.0,0.0,170.921,652911.14
2026-08-18 20:00:00,4135001,INV02,23.469,22.765,172.195,883384.109
2026-08-18 20:00:00,4135001,INV03,0.0,0.0,174.973,795888.665
2026-08-18 20:00:00,4135001,INV04,0.0,0.0,168.43,742551.076
2026-08-18 20:15:00,4135001,INV01,0.0,0.0,170.921,652911.14
2026-08-18 20:15:00,4135001,INV02,8.479,8.224,172.197,883384.111
2026-08-18 20:15:00,4135001,INV03,0.0,0.0,174.973,795888.665
2026-08-18 20:15:00,4135001,INV04,0.0,0.0,168.43,742551.076
2026-08-18 20:30:00,4135001,INV01,3.294,3.195,170.922,652911.141
2026-08-18 20:30:00,4135001,INV02,1.976,1.917,172.197,883384.111
2026-08-18 20:30:00,4135001,INV03,4.161,4.036,174.974,795888.666
2026-08-18 20:30:00,4135001,INV04,0.0,0.0,168.43,742551.076
2026-08-18 20:45:00,4135001,INV01,18.784,18.221,170.926,652911.146
2026-08-18 20:45:00,4135001,INV02,3.818,3.704,172.198,883384.112
2026-08-18 20:45:00,4135001,INV03,0.0,0.0,174.974,795888.666
2026-08-18 20:45:00,4135001,INV04,0.0,0.0,168.43,742551.076
2026-08-18 21:00:00,4135001,INV01,0.0,0.0,170.926,652911.146
2026-08-18 21:00:00,4135001,INV02,13.279,12.88,172.202,883384.115
2026-08-18 21:00:00,4135001,INV03,8.733,8.471,174.976,795888.668
2026-08-18 21:00:00,4135001,INV04,0.0,0.0,168.43,742551.076
2026-08-18 21:15:00,4135001,INV01,0.0,0.0,170.926,652911.146
2026-08-18 21:15:00,4135001,INV02,9.668,9.378,172.204,883384.118
2026-08-18 21:15:00,4135001,INV03,13.774,13.36,174.979,795888.672
2026-08-18 21:15:00,4135001,INV04,0.0,0.0,168.43,742551.076
2026-08-18 21:30:00,4135001,INV01,0.0,0.0,170.926,652911.146
2026-08-18 21:30:00,4135001,INV02,0.0,0.0,172.204,883384.118
2026-08-18 21:30:00,4135001,INV03,10.251,9.944,174.982,795888.674
2026-08-18 21:30:00,4135001,INV04,0.0,0.0,168.43,742551.076
2026-08-18 21:45:00,4135001,INV01,0.0,0.0,170.926,652911.146
2026-08-18 21:45:00,4135001,INV02,0.0,0.0,172.204,883384.118
2026-08-18 21:45:00,4135001,INV03,24.517,23.782,174.988,795888.68
2026-08-18 21:45:00,4135001,INV04,8.918,8.651,168.433,742551.078
2026-08-18 22:00:00,4135001,INV01,9.396,9.114,170.929,652911.148
2026-08-18 22:00:00,4135001,INV02,0.0,0.0,172.204,883384.118
2026-08-18 22:00:00,4135001,INV03,0.0,0.0,174.988,795888.68
2026-08-18 22:00:00,4135001,INV04,13.215,12.819,168.436,742551.082
2026-08-18 22:15:00,4135001,INV01,0.0,0.0,170.929,652911.148
2026-08-18 22:15:00,4135001,INV02,0.0,0.0,172.204,883384.118
2026-08-18 22:15:00,4135001,INV03,0.0,0.0,174.988,795888.68
2026-08-18 22:15:00,4135001,INV04,9.122,8.849,168.438,742551.084
2026-08-18 22:30:00,4135001,INV01,0.0,0.0,170.929,652911.148
2026-08-18 22:30:00,4135001,INV02,5.055,4.904,172.205,883384.119
2026-08-18 22:30:00,4135001,INV03,0.0,0.0,174.988,795888.68
2026-08-18 22:30:00,4135001,INV04,10.619,10.3,168.441,742551.086
2026-08-18 22:45:00,4135001,INV01,17.986,17.447,170.933,652911.152
2026-08-18 22:45:00,4135001,INV02,0.0,0.0,172.205,883384.119
2026-08-18 22:45:00,4135001,INV03,2.852,2.767,174.988,795888.681
2026-08-18 22:45:00,4135001,INV04,6.8,6.596,168.442,742551.088
2026-08-18 23:00:00,4135001,INV01,0.0,0.0,170.933,652911.152
2026-08-18 23:00:00,4135001,INV02,0.0,0.0,172.205,883384.119
2026-08-18 23:00:00,4135001,INV03,0.0,0.0,174.988,795888.681
2026-08-18 23:00:00,4135001,INV04,0.0,0.0,168.442,742551.088
2026-08-18 23:15:00,4135001,INV01,0.0,0.0,170.933,652911.152
2026-08-18 23:15:00,4135001,INV02,0.0,0.0,172.205,883384.119
2026-08-18 23:15:00,4135001,INV03,0.0,0.0,174.988,795888.681
2026-08-18 23:15:00,4135001,INV04,1.093,1.06,168.442,742551.088
2026-08-18 23:30:00,4135001,INV01,0.0,0.0,170.933,652911.152
2026-08-18 23:30:00,4135001,INV02,11.833,11.478,172.208,883384.122
2026-08-18 23:30:00,4135001,INV03,11.655,11.305,174.991,795888.684
2026-08-18 23:30:00,4135001,INV04,0.0,0.0,168.442,742551.088
2026-08-18 23:45:00,4135001,INV01,13.977,13.557,170.936,652911.156
2026-08-18 23:45:00,4135001,INV02,6.943,6.734,172.21,883384.123
2026-08-18 23:45:00,4135001,INV03,0.0,0.0,174.991,795888.684
2026-08-18 23:45:00,4135001,INV04,0.0,0.0,168.442,742551.088
2026-08-19 00:00:00,4135001,INV01,3.667,3.557,0.001,652911.157
2026-08-19 00:00:00,4135001,INV02,0.0,0.0,0.0,883384.123
2026-08-19 00:00:00,4135001,INV03,26.968,26.159,0.007,795888.69
2026-08-19 00:00:00,4135001,INV04,25.696,24.925,0.006,742551.095
2026-08-19 00:15:00,4135001,INV01,0.0,0.0,0.001,652911.157
2026-08-19 00:15:00,4135001,INV02,11.777,11.424,0.003,883384.126
2026-08-19 00:15:00,4135001,INV03,0.0,0.0,0.007,795888.69
2026-08-19 00:15:00,4135001,INV04,0.0,0.0,0.006,742551.095
2026-08-19 00:30:00,4135001,INV01,0.0,0.0,0.001,652911.157
2026-08-19 00:30:00,4135001,INV02,0.0,0.0,0.003,883384.126
2026-08-19 00:30:00,4135001,INV03,0.0,0.0,0.007,795888.69
2026-08-19 00:30:00,4135001,INV04,6.014,5.833,0.008,742551.096
2026-08-19 00:45:00,4135001,INV01,4.273,4.144,0.002,652911.158
2026-08-19 00:45:00,4135001,INV02,0.0,0.0,0.003,883384.126
2026-08-19 00:45:00,4135001,INV03,9.058,8.787,0.009,795888.692
2026-08-19 00:45:00,4135001,INV04,33.14,32.146,0.016,742551.104
2026-08-19 01:00:00,4135001,INV01,1.238,1.201,0.002,652911.158
2026-08-19 01:00:00,4135001,INV02,0.0,0.0,0.003,883384.126
2026-08-19 01:00:00,4135001,INV03,9.405,9.123,0.011,795888.695
2026-08-19 01:00:00,4135001,INV04,0.0,0.0,0.016,742551.104
2026-08-19 01:15:00,4135001,INV01,11.728,11.376,0.005,652911.161
2026-08-19 01:15:00,4135001,INV02,0.0,0.0,0.003,883384.126
2026-08-19 01:15:00,4135001,INV03,0.0,0.0,0.011,795888.695
2026-08-19 01:15:00,4135001,INV04,0.529,0.513,0.016,742551.104
2026-08-19 01:30:00,4135001,INV01,1.68,1.629,0.005,652911.161
2026-08-19 01:30:00,4135001,INV02,4.643,4.504,0.004,883384.127
2026-08-19 01:30:00,4135001,INV03,14.357,13.927,0.014,795888.698
2026-08-19 01:30:00,4135001,INV04,0.0,0.0,0.016,742551.104
2026-08-19 01:45:00,4135001,INV01,18.981,18.411,0.01,652911.166
2026-08-19 01:45:00,4135001,INV02,0.0,0.0,0.004,883384.127
2026-08-19 01:45:00,4135001,INV03,0.0,0.0,0.014,795888.698
2026-08-19 01:45:00,4135001,INV04,13.738,13.326,0.019,742551.108
2026-08-19 02:00:00,4135001,INV01,27.279,26.461,0.017,652911.172
2026-08-19 02:00:00,4135001,INV02,0.0,0.0,0.004,883384.127
2026-08-19 02:00:00,4135001,INV03,0.0,0.0,0.014,795888.698
2026-08-19 02:00:00,4135001,INV04,4.37,4.239,0.02,742551.109
2026-08-19 02:15:00,4135001,INV01,1.685,1.634,0.017,652911.173
2026-08-19 02:15:00,4135001,INV02,0.0,0.0,0.004,883384.127
2026-08-19 02:15:00,4135001,INV03,2.849,2.763,0.015,795888.699
2026-08-19 02:15:00,4135001,INV04,39.388,38.206,0.03,742551.118
2026-08-19 02:30:00,4135001,INV01,3.338,3.238,0.018,652911.174
2026-08-19 02:30:00,4135001,INV02,9.882,9.586,0.006,883384.13
2026-08-19 02:30:00,4135001,INV03,2.47,2.395,0.016,795888.699
2026-08-19 02:30:00,4135001,INV04,7.111,6.897,0.032,742551.12
2026-08-19 02:45:00,4135001,INV01,24.943,24.195,0.024,652911.18
2026-08-19 02:45:00,4135001,INV02,18.464,17.91,0.011,883384.134
2026-08-19 02:45:00,4135001,INV03,0.0,0.0,0.016,795888.699
2026-08-19 02:45:00,4135001,INV04,17.351,16.831,0.036,742551.124
2026-08-19 03:00:00,4135001,INV01,0.0,0.0,0.024,652911.18
2026-08-19 03:00:00,4135001,INV02,0.0,0.0,0.011,883384.134
2026-08-19 03:00:00,4135001,INV03,8.338,8.088,0.018,795888.701
2026-08-19 03:00:00,4135001,INV04,0.0,0.0,0.036,742551.124
2026-08-19 03:15:00,4135001,INV01,0.0,0.0,0.024,652911.18
2026-08-19 03:15:00,4135001,INV02,10.116,9.813,0.013,883384.137
2026-08-19 03:15:00,4135001,INV03,28.285,27.436,0.025,795888.708
2026-08-19 03:15:00,4135001,INV04,0.0,0.0,0.036,742551.124
2026-08-19 03:30:00,4135001,INV01,10.317,10.007,0.026,652911.182
2026-08-19 03:30:00,4135001,INV02,0.0,0.0,0.013,883384.137
2026-08-19 03:30:00,4135001,INV03,0.0,0.0,0.025,795888.708
2026-08-19 03:30:00,4135001,INV04,0.0,0.0,0.036,742551.124
2026-08-19 03:45:00,4135001,INV01,0.0,0.0,0.026,652911.182
2026-08-19 03:45:00,4135001,INV02,0.0,0.0,0.013,883384.137
2026-08-19 03:45:00,4135001,INV03,22.687,22.006,0.03,795888.714
2026-08-19 03:45:00,4135001,INV04,0.0,0.0,0.036,742551.124
2026-08-19 04:00:00,4135001,INV01,0.0,0.0,0.026,652911.182
2026-08-19 04:00:00,4135001,INV02,0.0,0.0,0.013,883384.137
2026-08-19 04:00:00,4135001,INV03,17.315,16.796,0.034,795888.718
2026-08-19 04:00:00,4135001,INV04,20.821,20.197,0.041,742551.129
2026-08-19 04:15:00,4135001,INV01,0.0,0.0,0.026,652911.182
2026-08-19 04:15:00,4135001,INV02,5.577,5.41,0.015,883384.138
2026-08-19 04:15:00,4135001,INV03,0.0,0.0,0.034,795888.718
2026-08-19 04:15:00,4135001,INV04,15.325,14.865,0.044,742551.133
2026-08-19 04:30:00,4135001,INV01,26.401,25.609,0.033,652911.189
2026-08-19 04:30:00,4135001,INV02,0.978,0.948,0.015,883384.138
2026-08-19 04:30:00,4135001,INV03,31.85,30.894,0.042,795888.726
2026-08-19 04:30:00,4135001,INV04,0.0,0.0,0.044,742551.133
2026-08-19 04:45:00,4135001,INV01,0.0,0.0,0.033,652911.189
2026-08-19 04:45:00,4135001,INV02,0.0,0.0,0.015,883384.138
2026-08-19 04:45:00,4135001,INV03,0.0,0.0,0.042,795888.726
2026-08-19 04:45:00,4135001,INV04,4.815,4.67,0.046,742551.134
2026-08-19 05:00:00,4135001,INV01,30.343,29.433,0.04,652911.196
2026-08-19 05:00:00,4135001,INV02,4.028,3.907,0.016,883384.139
2026-08-19 05:00:00,4135001,INV03,0.0,0.0,0.042,795888.726
2026-08-19 05:00:00,4135001,INV04,0.0,0.0,0.046,742551.134
2026-08-19 05:15:00,4135001,INV01,0.0,0.0,0.04,652911.196
2026-08-19 05:15:00,4135001,INV02,0.0,0.0,0.016,883384.139
2026-08-19 05:15:00,4135001,INV03,16.812,16.308,0.046,795888.73
2026-08-19 05:15:00,4135001,INV04,10.264,9.956,0.048,742551.137
2026-08-19 05:30:00,4135001,INV01,0.0,0.0,0.04,652911.196
2026-08-19 05:30:00,4135001,INV02,4.747,4.604,0.017,883384.14
2026-08-19 05:30:00,4135001,INV03,0.211,0.204,0.046,795888.73
2026-08-19 05:30:00,4135001,INV04,0.0,0.0,0.048,742551.137
2026-08-19 05:45:00,4135001,INV01,0.0,0.0,0.04,652911.196
2026-08-19 05:45:00,4135001,INV02,5.311,5.151,0.018,883384.142
2026-08-19 05:45:00,4135001,INV03,9.549,9.263,0.049,795888.732
2026-08-19 05:45:00,4135001,INV04,8.621,8.363,0.05,742551.139
2026-08-19 06:00:00,4135001,INV01,1825.149,1770.394,0.483,652911.639
2026-08-19 06:00:00,4135001,INV02,1824.129,1769.405,0.461,883384.584
2026-08-19 06:00:00,4135001,INV03,1791.056,1737.325,0.483,795889.166
2026-08-19 06:00:00,4135001,INV04,1837.368,1782.247,0.496,742551.584
2026-08-19 06:15:00,4135001,INV01,3166.897,3071.89,1.251,652912.407
2026-08-19 06:15:00,4135001,INV02,3061.09,2969.257,1.203,883385.326
2026-08-19 06:15:00,4135001,INV03,3140.352,3046.141,1.244,795889.928
2026-08-19 06:15:00,4135001,INV04,3202.935,3106.847,1.273,742552.361
2026-08-19 06:30:00,4135001,INV01,1305.607,1266.438,1.567,652912.723
2026-08-19 06:30:00,4135001,INV02,1313.586,1274.179,1.522,883385.645
2026-08-19 06:30:00,4135001,INV03,1344.455,1304.122,1.57,795890.254
2026-08-19 06:30:00,4135001,INV04,1324.629,1284.89,1.594,742552.682
2026-08-19 06:45:00,4135001,INV01,2943.862,2855.546,2.281,652913.437
2026-08-19 06:45:00,4135001,INV02,2854.05,2768.429,2.214,883386.337
2026-08-19 06:45:00,4135001,INV03,2845.907,2760.53,2.261,795890.944
2026-08-19 06:45:00,4135001,INV04,2880.901,2794.474,2.292,742553.381
2026-08-19 07:00:00,4135001,INV01,2244.987,2177.637,2.826,652913.981
2026-08-19 07:00:00,4135001,INV02,2192.342,2126.571,2.745,883386.869
2026-08-19 07:00:00,4135001,INV03,2193.807,2127.993,2.793,795891.476
2026-08-19 07:00:00,4135001,INV04,2150.935,2086.407,2.814,742553.902
2026-08-19 07:15:00,4135001,INV01,5437.159,5274.044,4.144,652915.3
2026-08-19 07:15:00,4135001,INV02,5432.3,5269.331,4.063,883388.186
2026-08-19 07:15:00,4135001,INV03,5387.953,5226.314,4.099,795892.783
2026-08-19 07:15:00,4135001,INV04,5413.363,5250.962,4.127,742555.215
2026-08-19 07:30:00,4135001,INV01,8386.907,8135.3,6.178,652917.334
2026-08-19 07:30:00,4135001,INV02,7907.187,7669.971,5.98,883390.104
2026-08-19 07:30:00,4135001,INV03,8336.213,8086.127,6.121,795894.804
2026-08-19 07:30:00,4135001,INV04,8298.203,8049.257,6.139,742557.227
2026-08-19 07:45:00,4135001,INV01,7172.088,6956.925,7.917,652919.073
2026-08-19 07:45:00,4135001,INV02,7680.593,7450.176,7.843,883391.966
2026-08-19 07:45:00,4135001,INV03,7342.479,7122.204,7.901,795896.585
2026-08-19 07:45:00,4135001,INV04,7327.723,7107.891,7.916,742559.004
2026-08-19 08:00:00,4135001,INV01,6994.859,6785.014,9.614,652920.769
2026-08-19 08:00:00,4135001,INV02,6914.152,6706.727,9.519,883393.643
2026-08-19 08:00:00,4135001,INV03,7038.142,6826.998,9.608,795898.292
2026-08-19 08:00:00,4135001,INV04,7092.139,6879.375,9.636,742560.724
2026-08-19 08:15:00,4135001,INV01,7649.611,7420.123,11.469,652922.624
2026-08-19 08:15:00,4135001,INV02,7636.885,7407.779,11.371,883395.495
2026-08-19 08:15:00,4135001,INV03,7586.157,7358.573,11.448,795900.131
2026-08-19 08:15:00,4135001,INV04,7339.151,7118.976,11.416,742562.504
2026-08-19 08:30:00,4135001,INV01,8233.76,7986.747,13.465,652924.621
2026-08-19 08:30:00,4135001,INV02,1695.444,1644.581,11.782,883395.906
2026-08-19 08:30:00,4135001,INV03,8152.715,7908.134,13.425,795902.108
2026-08-19 08:30:00,4135001,INV04,8512.187,8256.821,13.48,742564.568
2026-08-19 08:45:00,4135001,INV01,13870.511,13454.395,16.829,652927.985
2026-08-19 08:45:00,4135001,INV02,13297.335,12898.415,15.007,883399.13
2026-08-19 08:45:00,4135001,INV03,12978.103,12588.759,16.572,795905.255
2026-08-19 08:45:00,4135001,INV04,13564.303,13157.374,16.769,742567.858
2026-08-19 09:00:00,4135001,INV01,8236.206,7989.12,18.826,652929.982
2026-08-19 09:00:00,4135001,INV02,8635.122,8376.069,17.101,883401.224
2026-08-19 09:00:00,4135001,INV03,8308.696,8059.435,18.587,795907.27
2026-08-19 09:00:00,4135001,INV04,8115.528,7872.062,18.737,742569.826
2026-08-19 09:15:00,4135001,INV01,14422.92,13990.232,22.324,652933.479
2026-08-19 09:15:00,4135001,INV02,14367.788,13936.754,20.585,883404.709
2026-08-19 09:15:00,4135001,INV03,14392.455,13960.682,22.077,795910.76
2026-08-19 09:15:00,4135001,INV04,13699.104,13288.131,22.059,742573.148
2026-08-19 09:30:00,4135001,INV01,16752.751,16250.169,26.386,652937.542
2026-08-19 09:30:00,4135001,INV02,16701.493,16200.448,24.635,883408.759
2026-08-19 09:30:00,4135001,INV03,17126.26,16612.472,26.23,795914.914
2026-08-19 09:30:00,4135001,INV04,16448.977,15955.507,26.048,742577.136
2026-08-19 09:45:00,4135001,INV01,16527.483,16031.659,30.394,652941.55
2026-08-19 09:45:00,4135001,INV02,17014.584,16504.146,28.761,883412.885
2026-08-19 09:45:00,4135001,INV03,16829.22,16324.344,30.311,795918.995
2026-08-19 09:45:00,4135001,INV04,17228.306,16711.457,30.226,742581.314
2026-08-19 10:00:00,4135001,INV01,16800.407,16296.395,34.468,652945.624
2026-08-19 10:00:00,4135001,INV02,15806.312,15332.123,32.594,883416.718
2026-08-19 10:00:00,4135001,INV03,16197.68,15711.749,34.239,795922.923
2026-08-19 10:00:00,4135001,INV04,15586.394,15118.802,34.006,742585.094
2026-08-19 10:15:00,4135001,INV01,22790.66,22106.94,39.995,652951.151
2026-08-19 10:15:00,4135001,INV02,21972.135,21312.971,37.923,883422.046
2026-08-19 10:15:00,4135001,INV03,22452.828,21779.243,39.684,795928.367
2026-08-19 10:15:00,4135001,INV04,21965.527,21306.561,39.332,742590.421
2026-08-19 10:30:00,4135001,INV01,22495.014,21820.164,45.45,652956.606
2026-08-19 10:30:00,4135001,INV02,21990.744,21331.021,43.255,883427.379
2026-08-19 10:30:00,4135001,INV03,23259.742,22561.95,45.324,795934.008
2026-08-19 10:30:00,4135001,INV04,23634.11,22925.086,45.064,742596.152
2026-08-19 10:45:00,4135001,INV01,25117.032,24363.521,51.541,652962.697
2026-08-19 10:45:00,4135001,INV02,24993.955,24244.136,49.316,883433.44
2026-08-19 10:45:00,4135001,INV03,25374.857,24613.611,51.478,795940.161
2026-08-19 10:45:00,4135001,INV04,23915.192,23197.737,50.863,742601.951
2026-08-19 11:00:00,4135001,INV01,24814.43,24069.998,57.558,652968.714
2026-08-19 11:00:00,4135001,INV02,24132.879,23408.893,55.169,883439.292
2026-08-19 11:00:00,4135001,INV03,24631.521,23892.576,57.451,795946.134
2026-08-19 11:00:00,4135001,INV04,8432.571,8179.593,52.908,742603.996
2026-08-19 11:15:00,4135001,INV01,24075.3,23353.041,63.397,652974.552
2026-08-19 11:15:00,4135001,INV02,22997.999,22308.059,60.746,883444.869
2026-08-19 11:15:00,4135001,INV03,22895.774,22208.901,63.003,795951.687
2026-08-19 11:15:00,4135001,INV04,22704.61,22023.471,58.414,742609.502
2026-08-19 11:30:00,4135001,INV01,25335.723,24575.651,69.541,652980.696
2026-08-19 11:30:00,4135001,INV02,25747.876,24975.44,66.99,883451.113
2026-08-19 11:30:00,4135001,INV03,26164.873,25379.927,69.348,795958.032
2026-08-19 11:30:00,4135001,INV04,24528.785,23792.922,64.362,742615.45
2026-08-19 11:45:00,4135001,INV01,28030.535,27189.619,76.338,652987.494
2026-08-19 11:45:00,4135001,INV02,28469.55,27615.463,73.893,883458.017
2026-08-19 11:45:00,4135001,INV03,27916.29,27078.801,76.118,795964.801
2026-08-19 11:45:00,4135001,INV04,27059.421,26247.638,70.924,742622.012
2026-08-19 12:00:00,4135001,INV01,28332.796,27482.812,83.209,652994.364
2026-08-19 12:00:00,4135001,INV02,29067.306,28195.287,80.942,883465.066
2026-08-19 12:00:00,4135001,INV03,28623.114,27764.421,83.059,795971.742
2026-08-19 12:00:00,4135001,INV04,27787.0,26953.39,77.662,742628.751
2026-08-19 12:15:00,4135001,INV01,25251.565,24494.018,89.332,653000.488
2026-08-19 12:15:00,4135001,INV02,24981.666,24232.216,87.0,883471.124
2026-08-19 12:15:00,4135001,INV03,25075.631,24323.362,89.14,795977.823
2026-08-19 12:15:00,4135001,INV04,25928.488,25150.633,83.95,742635.038
2026-08-19 12:30:00,4135001,INV01,25843.357,25068.056,95.599,653006.755
2026-08-19 12:30:00,4135001,INV02,27185.217,26369.661,93.593,883477.716
2026-08-19 12:30:00,4135001,INV03,25889.279,25112.601,95.418,795984.101
2026-08-19 12:30:00,4135001,INV04,26043.133,25261.839,90.265,742641.354
2026-08-19 12:45:00,4135001,INV01,24712.279,23970.911,101.592,653012.748
2026-08-19 12:45:00,4135001,INV02,25710.923,24939.596,99.828,883483.951
2026-08-19 12:45:00,4135001,INV03,23838.356,23123.205,101.199,795989.882
2026-08-19 12:45:00,4135001,INV04,24903.148,24156.053,96.304,742647.393
2026-08-19 13:00:00,4135001,INV01,23896.47,23179.576,107.387,653018.543
2026-08-19 13:00:00,4135001,INV02,24885.79,24139.217,105.862,883489.986
2026-08-19 13:00:00,4135001,INV03,24097.798,23374.864,107.042,795995.726
2026-08-19 13:00:00,4135001,INV04,24892.678,24145.898,102.341,742653.429
2026-08-19 13:15:00,4135001,INV01,23835.508,23120.443,113.167,653024.323
2026-08-19 13:15:00,4135001,INV02,24248.627,23521.168,111.743,883495.866
2026-08-19 13:15:00,4135001,INV03,23583.391,22875.889,112.761,796001.445
2026-08-19 13:15:00,4135001,INV04,23413.869,22711.453,108.019,742659.107
2026-08-19 13:30:00,4135001,INV01,23245.502,22548.137,118.804,653029.96
2026-08-19 13:30:00,4135001,INV02,23471.56,22767.413,117.435,883501.558
2026-08-19 13:30:00,4135001,INV03,22547.776,21871.343,118.229,796006.913
2026-08-19 13:30:00,4135001,INV04,22805.345,22121.184,113.549,742664.637
2026-08-19 13:45:00,4135001,INV01,21860.572,21204.755,124.105,653035.261
2026-08-19 13:45:00,4135001,INV02,22604.006,21925.886,122.916,883507.039
2026-08-19 13:45:00,4135001,INV03,8052.81,7811.226,120.182,796008.866
2026-08-19 13:45:00,4135001,INV04,22013.331,21352.931,118.887,742669.976
2026-08-19 14:00:00,4135001,INV01,20954.173,20325.548,129.187,653040.342
2026-08-19 14:00:00,4135001,INV02,20852.76,20227.177,127.973,883512.096
2026-08-19 14:00:00,4135001,INV03,21169.362,20534.281,125.316,796013.999
2026-08-19 14:00:00,4135001,INV04,22000.48,21340.466,124.222,742675.311
2026-08-19 14:15:00,4135001,INV01,20814.494,20190.059,134.234,653045.39
2026-08-19 14:15:00,4135001,INV02,20266.92,19658.912,132.888,883517.011
2026-08-19 14:15:00,4135001,INV03,20680.342,20059.932,130.331,796019.014
2026-08-19 14:15:00,4135001,INV04,20447.108,19833.695,129.181,742680.269
2026-08-19 14:30:00,4135001,INV01,18527.877,17972.041,138.727,653049.883
2026-08-19 14:30:00,4135001,INV02,17499.213,16974.237,137.131,883521.255
2026-08-19 14:30:00,4135001,INV03,18905.539,18338.373,134.915,796023.599
2026-08-19 14:30:00,4135001,INV04,17804.752,17270.609,133.498,742684.587
2026-08-19 14:45:00,4135001,INV01,17341.117,16820.883,142.932,653054.088
2026-08-19 14:45:00,4135001,INV02,18001.983,17461.923,141.497,883525.62
2026-08-19 14:45:00,4135001,INV03,17721.587,17189.939,139.213,796027.896
2026-08-19 14:45:00,4135001,INV04,17983.333,17443.833,137.859,742688.948
2026-08-19 15:00:00,4135001,INV01,13862.384,13446.512,146.294,653057.45
2026-08-19 15:00:00,4135001,INV02,14370.174,13939.069,144.981,883529.105
2026-08-19 15:00:00,4135001,INV03,14328.414,13898.561,142.687,796031.371
2026-08-19 15:00:00,4135001,INV04,13958.162,13539.417,141.244,742692.333
2026-08-19 15:15:00,4135001,INV01,14663.476,14223.571,149.85,653061.006
2026-08-19 15:15:00,4135001,INV02,14765.505,14322.54,148.562,883532.685
2026-08-19 15:15:00,4135001,INV03,14306.836,13877.631,146.157,796034.84
2026-08-19 15:15:00,4135001,INV04,14041.444,13620.2,144.649,742695.738
2026-08-19 15:30:00,4135001,INV01,13686.872,13276.266,153.169,653064.325
2026-08-19 15:30:00,4135001,INV02,13099.182,12706.206,151.739,883535.862
2026-08-19 15:30:00,4135001,INV03,13816.652,13402.153,149.507,796038.191
2026-08-19 15:30:00,4135001,INV04,13104.989,12711.839,147.827,742698.916
2026-08-19 15:45:00,4135001,INV01,10931.651,10603.701,155.82,653066.976
2026-08-19 15:45:00,4135001,INV02,10708.753,10387.49,154.335,883538.459
2026-08-19 15:45:00,4135001,INV03,1861.591,1805.743,149.959,796038.642
2026-08-19 15:45:00,4135001,INV04,11023.94,10693.221,150.501,742701.589
2026-08-19 16:00:00,4135001,INV01,9635.073,9346.021,158.156,653069.312
2026-08-19 16:00:00,4135001,INV02,9560.897,9274.07,156.654,883540.777
2026-08-19 16:00:00,4135001,INV03,9970.938,9671.81,152.377,796041.06
2026-08-19 16:00:00,4135001,INV04,9633.437,9344.434,152.837,742703.925
2026-08-19 16:15:00,4135001,INV01,8934.553,8666.516,160.323,653071.479
2026-08-19 16:15:00,4135001,INV02,8907.374,8640.153,158.814,883542.937
2026-08-19 16:15:00,4135001,INV03,8925.795,8658.021,154.541,796043.225
2026-08-19 16:15:00,4135001,INV04,8625.877,8367.1,154.928,742706.017
2026-08-19 16:30:00,4135001,INV01,6090.875,5908.149,161.8,653072.956
2026-08-19 16:30:00,4135001,INV02,5934.528,5756.492,160.253,883544.377
2026-08-19 16:30:00,4135001,INV03,6337.11,6146.996,156.078,796044.761
2026-08-19 16:30:00,4135001,INV04,6018.978,5838.409,156.388,742707.476
2026-08-19 16:45:00,4135001,INV01,8666.689,8406.688,163.902,653075.057
2026-08-19 16:45:00,4135001,INV02,8395.246,8143.388,162.289,883546.412
2026-08-19 16:45:00,4135001,INV03,8513.377,8257.976,158.142,796046.826
2026-08-19 16:45:00,4135001,INV04,8524.733,8268.991,158.455,742709.544
2026-08-19 17:00:00,4135001,INV01,7023.612,6812.904,165.605,653076.761
2026-08-19 17:00:00,4135001,INV02,6668.31,6468.261,163.906,883548.029
2026-08-19 17:00:00,4135001,INV03,2505.231,2430.074,158.75,796047.433
2026-08-19 17:00:00,4135001,INV04,6689.29,6488.612,160.077,742711.166
2026-08-19 17:15:00,4135001,INV01,3544.91,3438.562,166.464,653077.62
2026-08-19 17:15:00,4135001,INV02,3439.532,3336.346,164.74,883548.864
2026-08-19 17:15:00,4135001,INV03,3579.375,3471.994,159.618,796048.301
2026-08-19 17:15:00,4135001,INV04,3356.57,3255.873,160.891,742711.98
2026-08-19 17:30:00,4135001,INV01,4145.13,4020.776,167.47,653078.625
2026-08-19 17:30:00,4135001,INV02,4202.017,4075.957,165.759,883549.883
2026-08-19 17:30:00,4135001,INV03,4069.807,3947.713,160.605,796049.288
2026-08-19 17:30:00,4135001,INV04,4044.173,3922.848,161.872,742712.96
2026-08-19 17:45:00,4135001,INV01,1626.656,1577.856,167.864,653079.02
2026-08-19 17:45:00,4135001,INV02,1657.713,1607.981,166.161,883550.285
2026-08-19 17:45:00,4135001,INV03,1701.765,1650.712,161.017,796049.701
2026-08-19 17:45:00,4135001,INV04,1675.915,1625.638,162.279,742713.367
2026-08-19 18:00:00,4135001,INV01,2309.924,2240.626,168.424,653079.58
2026-08-19 18:00:00,4135001,INV02,2106.533,2043.337,166.672,883550.795
2026-08-19 18:00:00,4135001,INV03,2228.407,2161.555,161.558,796050.241
2026-08-19 18:00:00,4135001,INV04,2271.888,2203.731,162.829,742713.918
2026-08-19 18:15:00,4135001,INV01,2451.336,2377.796,169.019,653080.175
2026-08-19 18:15:00,4135001,INV02,2452.857,2379.271,167.267,883551.39
2026-08-19 18:15:00,4135001,INV03,2539.291,2463.112,162.174,796050.857
2026-08-19 18:15:00,4135001,INV04,2560.193,2483.387,163.45,742714.539
2026-08-19 18:30:00,4135001,INV01,2411.32,2338.98,169.604,653080.759
2026-08-19 18:30:00,4135001,INV02,2438.444,2365.291,167.858,883551.981
2026-08-19 18:30:00,4135001,INV03,2412.86,2340.474,162.759,796051.442
2026-08-19 18:30:00,4135001,INV04,2358.61,2287.852,164.022,742715.111
2026-08-19 18:45:00,4135001,INV01,0.344,0.334,169.604,653080.759
2026-08-19 18:45:00,4135001,INV02,0.0,0.0,167.858,883551.981
2026-08-19 18:45:00,4135001,INV03,1.935,1.877,162.759,796051.443
2026-08-19 18:45:00,4135001,INV04,1.753,1.701,164.023,742715.111
2026-08-19 19:00:00,4135001,INV01,24.999,24.249,169.61,653080.765
2026-08-19 19:00:00,4135001,INV02,10.166,9.862,167.861,883551.984
2026-08-19 19:00:00,4135001,INV03,3.975,3.856,162.76,796051.444
2026-08-19 19:00:00,4135001,INV04,0.0,0.0,164.023,742715.111
2026-08-19 19:15:00,4135001,INV01,4.759,4.616,169.611,653080.767
2026-08-19 19:15:00,4135001,INV02,27.328,26.509,167.867,883551.991
2026-08-19 19:15:00,4135001,INV03,0.0,0.0,162.76,796051.444
2026-08-19 19:15:00,4135001,INV04,27.816,26.982,164.029,742715.118
2026-08-19 19:30:00,4135001,INV01,0.0,0.0,169.611,653080.767
2026-08-19 19:30:00,4135001,INV02,0.0,0.0,167.867,883551.991
2026-08-19 19:30:00,4135001,INV03,21.221,20.585,162.765,796051.449
2026-08-19 19:30:00,4135001,INV04,0.0,0.0,164.029,742715.118
2026-08-19 19:45:00,4135001,INV01,0.0,0.0,169.611,653080.767
2026-08-19 19:45:00,4135001,INV02,20.131,19.527,167.872,883551.995
2026-08-19 19:45:00,4135001,INV03,0.0,0.0,162.765,796051.449
2026-08-19 19:45:00,4135001,INV04,0.0,0.0,164.029,742715.118
2026-08-19 20:00:00,4135001,INV01,7.623,7.394,169.613,653080.768
2026-08-19 20:00:00,4135001,INV02,0.0,0.0,167.872,883551.995
2026-08-19 20:00:00,4135001,INV03,29.073,28.201,162.772,796051.456
2026-08-19 20:00:00,4135001,INV04,0.0,0.0,164.029,742715.118
2026-08-19 20:15:00,4135001,INV01,0.0,0.0,169.613,653080.768
2026-08-19 20:15:00,4135001,INV02,25.14,24.385,167.878,883552.002
2026-08-19 20:15:00,4135001,INV03,0.0,0.0,162.772,796051.456
2026-08-19 20:15:00,4135001,INV04,22.94,22.252,164.035,742715.123
2026-08-19 20:30:00,4135001,INV01,1.644,1.594,169.613,653080.769
2026-08-19 20:30:00,4135001,INV02,6.607,6.409,167.88,883552.003
2026-08-19 20:30:00,4135001,INV03,10.143,9.839,162.775,796051.458
2026-08-19 20:30:00,4135001,INV04,0.0,0.0,164.035,742715.123
2026-08-19 20:45:00,4135001,INV01,0.0,0.0,169.613,653080.769
2026-08-19 20:45:00,4135001,INV02,0.0,0.0,167.88,883552.003
2026-08-19 20:45:00,4135001,INV03,28.488,27.633,162.782,796051.465
2026-08-19 20:45:00,4135001,INV04,0.0,0.0,164.035,742715.123
2026-08-19 21:00:00,4135001,INV01,0.0,0.0,169.613,653080.769
2026-08-19 21:00:00,4135001,INV02,19.472,18.888,167.884,883552.008
2026-08-19 21:00:00,4135001,INV03,0.0,0.0,162.782,796051.465
2026-08-19 21:00:00,4135001,INV04,0.0,0.0,164.035,742715.123
2026-08-19 21:15:00,4135001,INV01,0.0,0.0,169.613,653080.769
2026-08-19 21:15:00,4135001,INV02,29.46,28.576,167.892,883552.015
2026-08-19 21:15:00,4135001,INV03,16.678,16.177,162.786,796051.469
2026-08-19 21:15:00,4135001,INV04,0.0,0.0,164.035,742715.123
2026-08-19 21:30:00,4135001,INV01,3.208,3.112,169.614,653080.77
2026-08-19 21:30:00,4135001,INV02,5.904,5.726,167.893,883552.016
2026-08-19 21:30:00,4135001,INV03,0.0,0.0,162.786,796051.469
2026-08-19 21:30:00,4135001,INV04,0.0,0.0,164.035,742715.123
2026-08-19 21:45:00,4135001,INV01,0.0,0.0,169.614,653080.77
2026-08-19 21:45:00,4135001,INV02,26.587,25.789,167.899,883552.023
2026-08-19 21:45:00,4135001,INV03,0.0,0.0,162.786,796051.469
2026-08-19 21:45:00,4135001,INV04,21.472,20.828,164.04,742715.129
2026-08-19 22:00:00,4135001,INV01,0.0,0.0,169.614,653080.77
2026-08-19 22:00:00,4135001,INV02,17.284,16.765,167.904,883552.027
2026-08-19 22:00:00,4135001,INV03,0.0,0.0,162.786,796051.469
2026-08-19 22:00:00,4135001,INV04,20.036,19.434,164.045,742715.133
2026-08-19 22:15:00,4135001,INV01,0.0,0.0,169.614,653080.77
2026-08-19 22:15:00,4135001,INV02,7.783,7.55,167.906,883552.029
2026-08-19 22:15:00,4135001,INV03,0.421,0.409,162.786,796051.469
2026-08-19 22:15:00,4135001,INV04,16.587,16.089,164.049,742715.137
2026-08-19 22:30:00,4135001,INV01,0.0,0.0,169.614,653080.77
2026-08-19 22:30:00,4135001,INV02,23.831,23.117,167.911,883552.035
2026-08-19 22:30:00,4135001,INV03,0.0,0.0,162.786,796051.469
2026-08-19 22:30:00,4135001,INV04,4.793,4.649,164.05,742715.139
2026-08-19 22:45:00,4135001,INV01,0.0,0.0,169.614,653080.77
2026-08-19 22:45:00,4135001,INV02,0.0,0.0,167.911,883552.035
2026-08-19 22:45:00,4135001,INV03,0.0,0.0,162.786,796051.469
2026-08-19 22:45:00,4135001,INV04,10.976,10.647,164.053,742715.141
2026-08-19 23:00:00,4135001,INV01,0.0,0.0,169.614,653080.77
2026-08-19 23:00:00,4135001,INV02,0.0,0.0,167.911,883552.035
2026-08-19 23:00:00,4135001,INV03,0.0,0.0,162.786,796051.469
2026-08-19 23:00:00,4135001,INV04,4.93,4.782,164.054,742715.142
2026-08-19 23:15:00,4135001,INV01,1.308,1.269,169.614,653080.77
2026-08-19 23:15:00,4135001,INV02,8.071,7.829,167.913,883552.037
2026-08-19 23:15:00,4135001,INV03,0.0,0.0,162.786,796051.469
2026-08-19 23:15:00,4135001,INV04,28.307,27.458,164.061,742715.149
2026-08-19 23:30:00,4135001,INV01,0.0,0.0,169.614,653080.77
2026-08-19 23:30:00,4135001,INV02,0.0,0.0,167.913,883552.037
2026-08-19 23:30:00,4135001,INV03,6.298,6.109,162.787,796051.471
2026-08-19 23:30:00,4135001,INV04,6.721,6.519,164.063,742715.151
2026-08-19 23:45:00,4135001,INV01,0.0,0.0,169.614,653080.77
2026-08-19 23:45:00,4135001,INV02,1.008,0.978,167.914,883552.037
2026-08-19 23:45:00,4135001,INV03,0.0,0.0,162.787,796051.471
2026-08-19 23:45:00,4135001,INV04,17.123,16.609,164.067,742715.155
2026-08-20 00:00:00,4135001,INV01,0.0,0.0,0.0,653080.77
2026-08-20 00:00:00,4135001,INV02,14.44,14.007,0.004,883552.04
2026-08-20 00:00:00,4135001,INV03,23.108,22.415,0.006,796051.477
2026-08-20 00:00:00,4135001,INV04,0.0,0.0,0.0,742715.155
2026-08-20 00:15:00,4135001,INV01,11.345,11.004,0.003,653080.773
2026-08-20 00:15:00,4135001,INV02,0.0,0.0,0.004,883552.04
2026-08-20 00:15:00,4135001,INV03,10.418,10.106,0.008,796051.479
2026-08-20 00:15:00,4135001,INV04,26.125,25.341,0.006,742715.161
2026-08-20 00:30:00,4135001,INV01,8.746,8.483,0.005,653080.775
2026-08-20 00:30:00,4135001,INV02,6.93,6.722,0.005,883552.042
2026-08-20 00:30:00,4135001,INV03,1.75,1.697,0.009,796051.48
2026-08-20 00:30:00,4135001,INV04,5.703,5.532,0.008,742715.163
2026-08-20 00:45:00,4135001,INV01,0.0,0.0,0.005,653080.775
2026-08-20 00:45:00,4135001,INV02,0.0,0.0,0.005,883552.042
2026-08-20 00:45:00,4135001,INV03,25.858,25.083,0.015,796051.486
2026-08-20 00:45:00,4135001,INV04,1.303,1.264,0.008,742715.163
2026-08-20 01:00:00,4135001,INV01,2.948,2.859,0.006,653080.776
2026-08-20 01:00:00,4135001,INV02,13.095,12.702,0.008,883552.045
2026-08-20 01:00:00,4135001,INV03,0.0,0.0,0.015,796051.486
2026-08-20 01:00:00,4135001,INV04,0.0,0.0,0.008,742715.163
2026-08-20 01:15:00,4135001,INV01,8.958,8.689,0.008,653080.778
2026-08-20 01:15:00,4135001,INV02,0.0,0.0,0.008,883552.045
2026-08-20 01:15:00,4135001,INV03,0.0,0.0,0.015,796051.486
2026-08-20 01:15:00,4135001,INV04,0.0,0.0,0.008,742715.163
2026-08-20 01:30:00,4135001,INV01,24.945,24.197,0.014,653080.784
2026-08-20 01:30:00,4135001,INV02,0.0,0.0,0.008,883552.045
2026-08-20 01:30:00,4135001,INV03,0.0,0.0,0.015,796051.486
2026-08-20 01:30:00,4135001,INV04,0.0,0.0,0.008,742715.163
2026-08-20 01:45:00,4135001,INV01,0.872,0.846,0.014,653080.784
2026-08-20 01:45:00,4135001,INV02,0.0,0.0,0.008,883552.045
2026-08-20 01:45:00,4135001,INV03,0.0,0.0,0.015,796051.486
2026-08-20 01:45:00,4135001,INV04,0.0,0.0,0.008,742715.163
2026-08-20 02:00:00,4135001,INV01,0.0,0.0,0.014,653080.784
2026-08-20 02:00:00,4135001,INV02,0.0,0.0,0.008,883552.045
2026-08-20 02:00:00,4135001,INV03,0.0,0.0,0.015,796051.486
2026-08-20 02:00:00,4135001,INV04,0.0,0.0,0.008,742715.163
2026-08-20 02:15:00,4135001,INV01,6.026,5.845,0.015,653080.785
2026-08-20 02:15:00,4135001,INV02,10.029,9.729,0.011,883552.048
2026-08-20 02:15:00,4135001,INV03,10.452,10.138,0.017,796051.488
2026-08-20 02:15:00,4135001,INV04,0.0,0.0,0.008,742715.163
2026-08-20 02:30:00,4135001,INV01,0.0,0.0,0.015,653080.785
2026-08-20 02:30:00,4135001,INV02,0.0,0.0,0.011,883552.048
2026-08-20 02:30:00,4135001,INV03,2.342,2.272,0.018,796051.489
2026-08-20 02:30:00,4135001,INV04,2.566,2.489,0.009,742715.164
2026-08-20 02:45:00,4135001,INV01,9.697,9.406,0.018,653080.788
2026-08-20 02:45:00,4135001,INV02,0.0,0.0,0.011,883552.048
2026-08-20 02:45:00,4135001,INV03,0.0,0.0,0.018,796051.489
2026-08-20 02:45:00,4135001,INV04,27.534,26.708,0.015,742715.17
2026-08-20 03:00:00,4135001,INV01,0.0,0.0,0.018,653080.788
2026-08-20 03:00:00,4135001,INV02,15.934,15.456,0.015,883552.052
2026-08-20 03:00:00,4135001,INV03,0.0,0.0,0.018,796051.489
2026-08-20 03:00:00,4135001,INV04,0.0,0.0,0.015,742715.17
2026-08-20 03:15:00,4135001,INV01,9.044,8.773,0.02,653080.79
2026-08-20 03:15:00,4135001,INV02,0.0,0.0,0.015,883552.052
2026-08-20 03:15:00,4135001,INV03,0.0,0.0,0.018,796051.489
2026-08-20 03:15:00,4135001,INV04,0.0,0.0,0.015,742715.17
2026-08-20 03:30:00,4135001,INV01,0.0,0.0,0.02,653080.79
2026-08-20 03:30:00,4135001,INV02,8.502,8.247,0.017,883552.054
2026-08-20 03:30:00,4135001,INV03,0.0,0.0,0.018,796051.489
2026-08-20 03:30:00,4135001,INV04,0.0,0.0,0.015,742715.17
2026-08-20 03:45:00,4135001,INV01,0.0,0.0,0.02,653080.79
2026-08-20 03:45:00,4135001,INV02,0.0,0.0,0.017,883552.054
2026-08-20 03:45:00,4135001,INV03,0.0,0.0,0.018,796051.489
2026-08-20 03:45:00,4135001,INV04,0.0,0.0,0.015,742715.17
2026-08-20 04:00:00,4135001,INV01,9.733,9.441,0.022,653080.792
2026-08-20 04:00:00,4135001,INV02,0.0,0.0,0.017,883552.054
2026-08-20 04:00:00,4135001,INV03,0.0,0.0,0.018,796051.489
2026-08-20 04:00:00,4135001,INV04,0.0,0.0,0.015,742715.17
2026-08-20 04:15:00,4135001,INV01,32.105,31.141,0.03,653080.8
2026-08-20 04:15:00,4135001,INV02,0.0,0.0,0.017,883552.054
2026-08-20 04:15:00,4135001,INV03,18.009,17.469,0.022,796051.493
2026-08-20 04:15:00,4135001,INV04,17.088,16.575,0.019,742715.175
2026-08-20 04:30:00,4135001,INV01,14.669,14.229,0.034,653080.804
2026-08-20 04:30:00,4135001,INV02,0.0,0.0,0.017,883552.054
2026-08-20 04:30:00,4135001,INV03,23.545,22.838,0.028,796051.499
2026-08-20 04:30:00,4135001,INV04,0.0,0.0,0.019,742715.175
2026-08-20 04:45:00,4135001,INV01,4.189,4.063,0.035,653080.805
2026-08-20 04:45:00,4135001,INV02,0.0,0.0,0.017,883552.054
2026-08-20 04:45:00,4135001,INV03,0.0,0.0,0.028,796051.499
2026-08-20 04:45:00,4135001,INV04,7.251,7.034,0.021,742715.176
2026-08-20 05:00:00,4135001,INV01,2.38,2.308,0.035,653080.805
2026-08-20 05:00:00,4135001,INV02,19.925,19.327,0.022,883552.059
2026-08-20 05:00:00,4135001,INV03,5.211,5.055,0.029,796051.5
2026-08-20 05:00:00,4135001,INV04,0.0,0.0,0.021,742715.176
2026-08-20 05:15:00,4135001,INV01,0.837,0.812,0.036,653080.805
2026-08-20 05:15:00,4135001,INV02,0.0,0.0,0.022,883552.059
2026-08-20 05:15:00,4135001,INV03,0.0,0.0,0.029,796051.5
2026-08-20 05:15:00,4135001,INV04,0.0,0.0,0.021,742715.176
2026-08-20 05:30:00,4135001,INV01,0.186,0.18,0.036,653080.805
2026-08-20 05:30:00,4135001,INV02,11.667,11.317,0.024,883552.061
2026-08-20 05:30:00,4135001,INV03,16.409,15.916,0.033,796051.504
2026-08-20 05:30:00,4135001,INV04,5.395,5.234,0.023,742715.178
2026-08-20 05:45:00,4135001,INV01,0.0,0.0,0.036,653080.805
2026-08-20 05:45:00,4135001,INV02,0.0,0.0,0.024,883552.061
2026-08-20 05:45:00,4135001,INV03,0.0,0.0,0.033,796051.504
2026-08-20 05:45:00,4135001,INV04,0.0,0.0,0.023,742715.178
2026-08-20 06:00:00,4135001,INV01,2520.437,2444.824,0.647,653081.417
2026-08-20 06:00:00,4135001,INV02,2642.931,2563.643,0.665,883552.702
2026-08-20 06:00:00,4135001,INV03,2673.357,2593.156,0.682,796052.153
2026-08-20 06:00:00,4135001,INV04,2692.451,2611.677,0.675,742715.831
2026-08-20 06:15:00,4135001,INV01,2586.228,2508.641,1.274,653082.044
2026-08-20 06:15:00,4135001,INV02,2571.393,2494.251,1.289,883553.326
2026-08-20 06:15:00,4135001,INV03,2514.61,2439.171,1.291,796052.762
2026-08-20 06:15:00,4135001,INV04,2532.543,2456.566,1.29,742716.445
2026-08-20 06:30:00,4135001,INV01,3480.564,3376.147,2.118,653082.888
2026-08-20 06:30:00,4135001,INV02,3385.28,3283.721,2.11,883554.147
2026-08-20 06:30:00,4135001,INV03,3300.294,3201.285,2.092,796053.563
2026-08-20 06:30:00,4135001,INV04,3500.568,3395.551,2.138,742717.294
2026-08-20 06:45:00,4135001,INV01,4815.18,4670.724,3.286,653084.056
2026-08-20 06:45:00,4135001,INV02,4621.852,4483.197,3.231,883555.268
2026-08-20 06:45:00,4135001,INV03,4524.813,4389.068,3.189,796054.66
2026-08-20 06:45:00,4135001,INV04,4653.798,4514.184,3.267,742718.422
2026-08-20 07:00:00,4135001,INV01,7147.312,6932.893,5.019,653085.789
2026-08-20 07:00:00,4135001,INV02,7075.123,6862.87,4.946,883556.983
2026-08-20 07:00:00,4135001,INV03,7118.353,6904.802,4.915,796056.386
2026-08-20 07:00:00,4135001,INV04,7239.836,7022.641,5.023,742720.178
2026-08-20 07:15:00,4135001,INV01,5400.982,5238.953,6.329,653087.099
2026-08-20 07:15:00,4135001,INV02,5304.239,5145.112,6.233,883558.27
2026-08-20 07:15:00,4135001,INV03,5354.359,5193.728,6.214,796057.685
2026-08-20 07:15:00,4135001,INV04,5178.145,5022.8,6.278,742721.434
2026-08-20 07:30:00,4135001,INV01,6459.144,6265.37,7.895,653088.665
2026-08-20 07:30:00,4135001,INV02,6544.165,6347.84,7.82,883559.857
2026-08-20 07:30:00,4135001,INV03,6561.75,6364.898,7.805,796059.276
2026-08-20 07:30:00,4135001,INV04,6559.923,6363.125,7.869,742723.024
2026-08-20 07:45:00,4135001,INV01,6138.44,5954.287,9.384,653090.153
2026-08-20 07:45:00,4135001,INV02,6618.737,6420.175,9.425,883561.462
2026-08-20 07:45:00,4135001,INV03,6203.788,6017.674,9.309,796060.78
2026-08-20 07:45:00,4135001,INV04,6383.872,6192.356,9.417,742724.572
2026-08-20 08:00:00,4135001,INV01,11142.023,10807.762,12.085,653092.855
2026-08-20 08:00:00,4135001,INV02,10730.635,10408.716,12.027,883564.064
2026-08-20 08:00:00,4135001,INV03,11193.602,10857.794,12.024,796063.495
2026-08-20 08:00:00,4135001,INV04,10804.045,10479.923,12.037,742727.192
2026-08-20 08:15:00,4135001,INV01,9222.938,8946.25,14.322,653095.092
2026-08-20 08:15:00,4135001,INV02,9499.401,9214.419,14.33,883566.367
2026-08-20 08:15:00,4135001,INV03,9356.63,9075.932,14.293,796065.764
2026-08-20 08:15:00,4135001,INV04,9176.203,8900.917,14.262,742729.418
2026-08-20 08:30:00,4135001,INV01,7988.753,7749.09,16.259,653097.029
2026-08-20 08:30:00,4135001,INV02,8013.252,7772.855,16.274,883568.311
2026-08-20 08:30:00,4135001,INV03,7892.032,7655.271,16.206,796067.677
2026-08-20 08:30:00,4135001,INV04,8035.405,7794.343,16.211,742731.366
2026-08-20 08:45:00,4135001,INV01,11744.079,11391.757,19.107,653099.877
2026-08-20 08:45:00,4135001,INV02,11327.459,10987.636,19.02,883571.057
2026-08-20 08:45:00,4135001,INV03,11592.379,11244.608,19.018,796070.489
2026-08-20 08:45:00,4135001,INV04,11072.657,10740.478,18.896,742734.051
2026-08-20 09:00:00,4135001,INV01,12590.333,12212.623,22.16,653102.93
2026-08-20 09:00:00,4135001,INV02,3109.293,3016.014,19.774,883571.811
2026-08-20 09:00:00,4135001,INV03,13032.777,12641.793,22.178,796073.649
2026-08-20 09:00:00,4135001,INV04,12416.861,12044.355,21.907,742737.062
2026-08-20 09:15:00,4135001,INV01,17984.118,17444.594,26.522,653107.291
2026-08-20 09:15:00,4135001,INV02,17765.777,17232.804,24.083,883576.12
2026-08-20 09:15:00,4135001,INV03,18318.452,17768.898,26.62,796078.091
2026-08-20 09:15:00,4135001,INV04,17413.691,16891.28,26.13,742741.285
2026-08-20 09:30:00,4135001,INV01,19159.701,18584.91,31.168,653111.938
2026-08-20 09:30:00,4135001,INV02,19717.76,19126.227,28.864,883580.901
2026-08-20 09:30:00,4135001,INV03,18302.769,17753.686,31.059,796082.53
2026-08-20 09:30:00,4135001,INV04,3776.531,3663.235,27.046,742742.201
2026-08-20 09:45:00,4135001,INV01,16686.924,16186.317,35.214,653115.984
2026-08-20 09:45:00,4135001,INV02,16795.638,16291.769,32.937,883584.974
2026-08-20 09:45:00,4135001,INV03,16306.731,15817.529,35.013,796086.484
2026-08-20 09:45:00,4135001,INV04,15925.267,15447.509,30.908,742746.063
2026-08-20 10:00:00,4135001,INV01,18182.647,17637.167,39.624,653120.394
2026-08-20 10:00:00,4135001,INV02,18696.326,18135.437,37.471,883589.508
2026-08-20 10:00:00,4135001,INV03,18797.995,18234.055,39.572,796091.043
2026-08-20 10:00:00,4135001,INV04,18831.031,18266.1,35.474,742750.629
2026-08-20 10:15:00,4135001,INV01,20643.042,20023.75,44.63,653125.4
2026-08-20 10:15:00,4135001,INV02,20140.356,19536.145,42.355,883594.392
2026-08-20 10:15:00,4135001,INV03,20987.688,20358.058,44.661,796096.132
2026-08-20 10:15:00,4135001,INV04,21147.738,20513.306,40.603,742755.758
2026-08-20 10:30:00,4135001,INV01,20941.58,20313.333,49.708,653130.478
2026-08-20 10:30:00,4135001,INV02,19511.451,18926.108,47.087,883599.124
2026-08-20 10:30:00,4135001,INV03,19671.413,19081.27,49.431,796100.902
2026-08-20 10:30:00,4135001,INV04,19398.519,18816.563,45.307,742760.462
2026-08-20 10:45:00,4135001,INV01,23599.958,22891.959,55.431,653136.201
2026-08-20 10:45:00,4135001,INV02,24700.7,23959.679,53.077,883605.113
2026-08-20 10:45:00,4135001,INV03,24122.169,23398.504,55.281,796106.752
2026-08-20 10:45:00,4135001,INV04,25310.311,24551.002,51.445,742766.6
2026-08-20 11:00:00,4135001,INV01,24349.278,23618.8,61.336,653142.106
2026-08-20 11:00:00,4135001,INV02,23665.072,22955.12,58.815,883610.852
2026-08-20 11:00:00,4135001,INV03,23976.298,23257.009,61.095,796112.566
2026-08-20 11:00:00,4135001,INV04,23838.975,23123.806,57.225,742772.381
2026-08-20 11:15:00,4135001,INV01,24859.414,24113.632,67.364,653148.134
2026-08-20 11:15:00,4135001,INV02,25101.448,24348.405,64.902,883616.939
2026-08-20 11:15:00,4135001,INV03,24767.525,24024.499,67.101,796118.572
2026-08-20 11:15:00,4135001,INV04,23378.364,22677.013,62.895,742778.05
2026-08-20 11:30:00,4135001,INV01,24629.954,23891.055,73.337,653154.107
2026-08-20 11:30:00,4135001,INV02,23865.533,23149.567,70.69,883622.727
2026-08-20 11:30:00,4135001,INV03,25013.457,24263.054,73.167,796124.638
2026-08-20 11:30:00,4135001,INV04,23243.954,22546.635,68.531,742783.687
2026-08-20 11:45:00,4135001,INV01,26876.095,26069.812,79.854,653160.624
2026-08-20 11:45:00,4135001,INV02,27612.338,26783.968,77.386,883629.423
2026-08-20 11:45:00,4135001,INV03,4732.218,4590.252,74.315,796125.786
2026-08-20 11:45:00,4135001,INV04,27475.307,26651.048,75.194,742790.349
2026-08-20 12:00:00,4135001,INV01,29398.958,28516.99,86.983,653167.753
2026-08-20 12:00:00,4135001,INV02,29874.842,28978.597,84.63,883636.667
2026-08-20 12:00:00,4135001,INV03,29731.588,28839.641,81.525,796132.996
2026-08-20 12:00:00,4135001,INV04,28973.946,28104.728,82.22,742797.375
2026-08-20 12:15:00,4135001,INV01,26884.594,26078.057,93.503,653174.273
2026-08-20 12:15:00,4135001,INV02,28098.892,27255.926,91.444,883643.481
2026-08-20 12:15:00,4135001,INV03,28293.378,27444.577,88.386,796139.857
2026-08-20 12:15:00,4135001,INV04,8999.289,8729.31,84.403,742799.558
2026-08-20 12:30:00,4135001,INV01,26677.579,25877.251,99.972,653180.742
2026-08-20 12:30:00,4135001,INV02,26387.689,25596.058,97.843,883649.88
2026-08-20 12:30:00,4135001,INV03,27891.993,27055.233,95.15,796146.621
2026-08-20 12:30:00,4135001,INV04,27430.349,26607.439,91.055,742806.21
2026-08-20 12:45:00,4135001,INV01,10630.249,10311.341,102.55,653183.32
2026-08-20 12:45:00,4135001,INV02,25752.709,24980.128,104.088,883656.125
2026-08-20 12:45:00,4135001,INV03,25635.578,24866.511,101.366,796152.837
2026-08-20 12:45:00,4135001,INV04,25875.408,25099.146,97.329,742812.484
2026-08-20 13:00:00,4135001,INV01,23740.208,23028.002,108.307,653189.077
2026-08-20 13:00:00,4135001,INV02,22880.671,22194.251,109.637,883661.674
2026-08-20 13:00:00,4135001,INV03,24567.66,23830.63,107.324,796158.795
2026-08-20 13:00:00,4135001,INV04,24025.756,23304.983,103.156,742818.311
2026-08-20 13:15:00,4135001,INV01,23748.0,23035.56,114.066,653194.836
2026-08-20 13:15:00,4135001,INV02,23463.774,22759.861,115.327,883667.364
2026-08-20 13:15:00,4135001,INV03,22457.488,21783.764,112.77,796164.241
2026-08-20 13:15:00,4135001,INV04,22585.165,21907.61,108.632,742823.788
2026-08-20 13:30:00,4135001,INV01,23798.024,23084.083,119.837,653200.607
2026-08-20 13:30:00,4135001,INV02,24170.995,23445.865,121.188,883673.225
2026-08-20 13:30:00,4135001,INV03,24740.771,23998.548,118.769,796170.24
2026-08-20 13:30:00,4135001,INV04,23378.272,22676.923,114.302,742829.457
2026-08-20 13:45:00,4135001,INV01,20910.503,20283.188,124.908,653205.678
2026-08-20 13:45:00,4135001,INV02,20746.763,20124.36,126.22,883678.257
2026-08-20 13:45:00,4135001,INV03,20574.969,19957.72,123.759,796175.23
2026-08-20 13:45:00,4135001,INV04,20536.556,19920.46,119.282,742834.437
2026-08-20 14:00:00,4135001,INV01,22246.675,21579.275,130.303,653211.073
2026-08-20 14:00:00,4135001,INV02,22514.439,21839.006,131.679,883683.716
2026-08-20 14:00:00,4135001,INV03,22898.512,22211.557,129.312,796180.783
2026-08-20 14:00:00,4135001,INV04,22496.352,21821.462,124.737,742839.892
2026-08-20 14:15:00,4135001,INV01,17541.57,17015.323,134.556,653215.326
2026-08-20 14:15:00,4135001,INV02,17725.761,17193.988,135.978,883688.015
2026-08-20 14:15:00,4135001,INV03,17236.767,16719.664,133.492,796184.963
2026-08-20 14:15:00,4135001,INV04,17928.848,17390.983,129.085,742844.24
2026-08-20 14:30:00,4135001,INV01,20920.859,20293.233,139.63,653220.4
2026-08-20 14:30:00,4135001,INV02,22200.383,21534.371,141.361,883693.398
2026-08-20 14:30:00,4135001,INV03,21529.083,20883.211,138.713,796190.183
2026-08-20 14:30:00,4135001,INV04,21235.287,20598.229,134.234,742849.39
2026-08-20 14:45:00,4135001,INV01,17801.171,17267.135,143.947,653224.717
2026-08-20 14:45:00,4135001,INV02,18519.252,17963.674,145.852,883697.889
2026-08-20 14:45:00,4135001,INV03,18433.055,17880.064,143.183,796194.654
2026-08-20 14:45:00,4135001,INV04,18677.126,18116.812,138.764,742853.919
2026-08-20 15:00:00,4135001,INV01,15279.937,14821.539,147.652,653228.422
2026-08-20 15:00:00,4135001,INV02,15412.274,14949.905,149.59,883701.627
2026-08-20 15:00:00,4135001,INV03,14388.563,13956.906,146.672,796198.143
2026-08-20 15:00:00,4135001,INV04,14934.356,14486.326,142.385,742857.54
2026-08-20 15:15:00,4135001,INV01,14444.383,14011.052,151.155,653231.925
2026-08-20 15:15:00,4135001,INV02,14336.718,13906.616,153.066,883705.103
2026-08-20 15:15:00,4135001,INV03,14643.548,14204.242,150.223,796201.694
2026-08-20 15:15:00,4135001,INV04,14930.238,14482.331,146.006,742861.161
2026-08-20 15:30:00,4135001,INV01,15551.092,15084.559,154.926,653235.696
2026-08-20 15:30:00,4135001,INV02,15205.141,14748.986,156.754,883708.791
2026-08-20 15:30:00,4135001,INV03,15824.28,15349.552,154.06,796205.531
2026-08-20 15:30:00,4135001,INV04,15143.777,14689.463,149.678,742864.833
2026-08-20 15:45:00,4135001,INV01,12455.325,12081.665,157.946,653238.716
2026-08-20 15:45:00,4135001,INV02,12305.344,11936.184,159.738,883711.775
2026-08-20 15:45:00,4135001,INV03,11604.811,11256.667,156.874,796208.345
2026-08-20 15:45:00,4135001,INV04,12054.974,11693.325,152.602,742867.757
2026-08-20 16:00:00,4135001,INV01,8948.245,8679.797,160.116,653240.886
2026-08-20 16:00:00,4135001,INV02,8800.162,8536.157,161.872,883713.909
2026-08-20 16:00:00,4135001,INV03,8437.33,8184.21,158.92,796210.391
2026-08-20 16:00:00,4135001,INV04,8773.958,8510.739,154.729,742869.884
2026-08-20 16:15:00,4135001,INV01,7373.717,7152.505,161.904,653242.674
2026-08-20 16:15:00,4135001,INV02,7436.032,7212.951,163.675,883715.712
2026-08-20 16:15:00,4135001,INV03,7535.128,7309.074,160.748,796212.219
2026-08-20 16:15:00,4135001,INV04,7274.301,7056.072,156.493,742871.648
2026-08-20 16:30:00,4135001,INV01,7582.076,7354.614,163.743,653244.513
2026-08-20 16:30:00,4135001,INV02,7472.659,7248.479,165.487,883717.524
2026-08-20 16:30:00,4135001,INV03,7546.077,7319.695,162.578,796214.049
2026-08-20 16:30:00,4135001,INV04,7609.304,7381.025,158.338,742873.494
2026-08-20 16:45:00,4135001,INV01,5418.032,5255.491,165.057,653245.827
2026-08-20 16:45:00,4135001,INV02,5368.732,5207.67,166.789,883718.826
2026-08-20 16:45:00,4135001,INV03,5612.423,5444.05,163.939,796215.41
2026-08-20 16:45:00,4135001,INV04,5421.702,5259.051,159.653,742874.808
2026-08-20 17:00:00,4135001,INV01,6194.239,6008.411,166.559,653247.329
2026-08-20 17:00:00,4135001,INV02,5990.071,5810.368,168.242,883720.279
2026-08-20 17:00:00,4135001,INV03,6179.479,5994.095,165.437,796216.908
2026-08-20 17:00:00,4135001,INV04,6085.639,5903.07,161.129,742876.284
2026-08-20 17:15:00,4135001,INV01,7977.15,7737.835,168.493,653249.263
2026-08-20 17:15:00,4135001,INV02,8566.867,8309.861,170.319,883722.356
2026-08-20 17:15:00,4135001,INV03,8556.097,8299.414,167.512,796218.983
2026-08-20 17:15:00,4135001,INV04,8490.738,8236.016,163.188,742878.343
2026-08-20 17:30:00,4135001,INV01,5160.062,5005.26,169.745,653250.515
2026-08-20 17:30:00,4135001,INV02,4987.955,4838.317,171.529,883723.566
2026-08-20 17:30:00,4135001,INV03,5251.609,5094.061,168.786,796220.256
2026-08-20 17:30:00,4135001,INV04,5182.571,5027.094,164.445,742879.6
2026-08-20 17:45:00,4135001,INV01,6540.601,6344.383,171.331,653252.101
2026-08-20 17:45:00,4135001,INV02,6288.988,6100.318,173.054,883725.091
2026-08-20 17:45:00,4135001,INV03,6763.293,6560.394,170.426,796221.897
2026-08-20 17:45:00,4135001,INV04,6426.998,6234.188,166.003,742881.158
2026-08-20 18:00:00,4135001,INV01,1482.343,1437.873,171.69,653252.46
2026-08-20 18:00:00,4135001,INV02,1387.981,1346.341,173.39,883725.427
2026-08-20 18:00:00,4135001,INV03,1436.988,1393.878,170.774,796222.245
2026-08-20 18:00:00,4135001,INV04,1403.232,1361.135,166.344,742881.499
2026-08-20 18:15:00,4135001,INV01,4741.327,4599.087,172.84,653253.61
2026-08-20 18:15:00,4135001,INV02,4480.139,4345.735,174.477,883726.514
2026-08-20 18:15:00,4135001,INV03,4614.945,4476.496,171.893,796223.364
2026-08-20 18:15:00,4135001,INV04,4537.222,4401.105,167.444,742882.599
2026-08-20 18:30:00,4135001,INV01,0.0,0.0,172.84,653253.61
2026-08-20 18:30:00,4135001,INV02,11.287,10.949,174.48,883726.516
2026-08-20 18:30:00,4135001,INV03,0.0,0.0,171.893,796223.364
2026-08-20 18:30:00,4135001,INV04,0.0,0.0,167.444,742882.599
2026-08-20 18:45:00,4135001,INV01,11.583,11.236,172.843,653253.613
2026-08-20 18:45:00,4135001,INV02,10.158,9.853,174.482,883726.519
2026-08-20 18:45:00,4135001,INV03,19.298,18.719,171.898,796223.369
2026-08-20 18:45:00,4135001,INV04,4.484,4.349,167.445,742882.6
2026-08-20 19:00:00,4135001,INV01,0.0,0.0,172.843,653253.613
2026-08-20 19:00:00,4135001,INV02,0.0,0.0,174.482,883726.519
2026-08-20 19:00:00,4135001,INV03,19.617,19.029,171.903,796223.374
2026-08-20 19:00:00,4135001,INV04,0.0,0.0,167.445,742882.6
2026-08-20 19:15:00,4135001,INV01,0.0,0.0,172.843,653253.613
2026-08-20 19:15:00,4135001,INV02,11.929,11.571,174.485,883726.522
2026-08-20 19:15:00,4135001,INV03,17.586,17.059,171.907,796223.378
2026-08-20 19:15:00,4135001,INV04,0.0,0.0,167.445,742882.6
2026-08-20 19:30:00,4135001,INV01,0.691,0.67,172.843,653253.613
2026-08-20 19:30:00,4135001,INV02,0.0,0.0,174.485,883726.522
2026-08-20 19:30:00,4135001,INV03,0.0,0.0,171.907,796223.378
2026-08-20 19:30:00,4135001,INV04,0.0,0.0,167.445,742882.6
2026-08-20 19:45:00,4135001,INV01,0.0,0.0,172.843,653253.613
2026-08-20 19:45:00,4135001,INV02,7.825,7.59,174.487,883726.524
2026-08-20 19:45:00,4135001,INV03,0.0,0.0,171.907,796223.378
2026-08-20 19:45:00,4135001,INV04,16.592,16.094,167.449,742882.604
2026-08-20 20:00:00,4135001,INV01,2.73,2.648,172.844,653253.614
2026-08-20 20:00:00,4135001,INV02,0.0,0.0,174.487,883726.524
2026-08-20 20:00:00,4135001,INV03,0.0,0.0,171.907,796223.378
2026-08-20 20:00:00,4135001,INV04,3.288,3.189,167.45,742882.605
2026-08-20 20:15:00,4135001,INV01,7.528,7.302,172.846,653253.616
2026-08-20 20:15:00,4135001,INV02,18.811,18.247,174.491,883726.528
2026-08-20 20:15:00,4135001,INV03,21.413,20.771,171.912,796223.383
2026-08-20 20:15:00,4135001,INV04,0.0,0.0,167.45,742882.605
2026-08-20 20:30:00,4135001,INV01,33.172,32.177,172.854,653253.624
2026-08-20 20:30:00,4135001,INV02,0.0,0.0,174.491,883726.528
2026-08-20 20:30:00,4135001,INV03,0.0,0.0,171.912,796223.383
2026-08-20 20:30:00,4135001,INV04,3.09,2.997,167.451,742882.606
2026-08-20 20:45:00,4135001,INV01,21.166,20.531,172.859,653253.629
2026-08-20 20:45:00,4135001,INV02,0.0,0.0,174.491,883726.528
2026-08-20 20:45:00,4135001,INV03,0.0,0.0,171.912,796223.383
2026-08-20 20:45:00,4135001,INV04,12.618,12.24,167.454,742882.609
2026-08-20 21:00:00,4135001,INV01,0.0,0.0,172.859,653253.629
2026-08-20 21:00:00,4135001,INV02,4.226,4.099,174.492,883726.529
2026-08-20 21:00:00,4135001,INV03,4.568,4.431,171.913,796223.384
2026-08-20 21:00:00,4135001,INV04,0.0,0.0,167.454,742882.609
2026-08-20 21:15:00,4135001,INV01,0.397,0.385,172.859,653253.629
2026-08-20 21:15:00,4135001,INV02,0.0,0.0,174.492,883726.529
2026-08-20 21:15:00,4135001,INV03,11.785,11.432,171.916,796223.387
2026-08-20 21:15:00,4135001,INV04,0.0,0.0,167.454,742882.609
2026-08-20 21:30:00,4135001,INV01,0.0,0.0,172.859,653253.629
2026-08-20 21:30:00,4135001,INV02,0.0,0.0,174.492,883726.529
2026-08-20 21:30:00,4135001,INV03,0.0,0.0,171.916,796223.387
2026-08-20 21:30:00,4135001,INV04,9.727,9.435,167.456,742882.611
2026-08-20 21:45:00,4135001,INV01,1.024,0.993,172.859,653253.629
2026-08-20 21:45:00,4135001,INV02,4.547,4.411,174.493,883726.53
2026-08-20 21:45:00,4135001,INV03,6.798,6.594,171.918,796223.389
2026-08-20 21:45:00,4135001,INV04,16.822,16.318,167.46,742882.615
2026-08-20 22:00:00,4135001,INV01,1.48,1.436,172.859,653253.629
2026-08-20 22:00:00,4135001,INV02,8.952,8.683,174.496,883726.533
2026-08-20 22:00:00,4135001,INV03,0.0,0.0,171.918,796223.389
2026-08-20 22:00:00,4135001,INV04,52.588,51.01,167.473,742882.628
2026-08-20 22:15:00,4135001,INV01,0.0,0.0,172.859,653253.629
2026-08-20 22:15:00,4135001,INV02,0.0,0.0,174.496,883726.533
2026-08-20 22:15:00,4135001,INV03,0.0,0.0,171.918,796223.389
2026-08-20 22:15:00,4135001,INV04,0.0,0.0,167.473,742882.628
2026-08-20 22:30:00,4135001,INV01,0.0,0.0,172.859,653253.629
2026-08-20 22:30:00,4135001,INV02,7.538,7.312,174.497,883726.534
2026-08-20 22:30:00,4135001,INV03,0.0,0.0,171.918,796223.389
2026-08-20 22:30:00,4135001,INV04,17.965,17.426,167.477,742882.632
2026-08-20 22:45:00,4135001,INV01,0.0,0.0,172.859,653253.629
2026-08-20 22:45:00,4135001,INV02,0.0,0.0,174.497,883726.534
2026-08-20 22:45:00,4135001,INV03,0.0,0.0,171.918,796223.389
2026-08-20 22:45:00,4135001,INV04,3.321,3.222,167.478,742882.633
2026-08-20 23:00:00,4135001,INV01,9.097,8.824,172.862,653253.632
2026-08-20 23:00:00,4135001,INV02,1.048,1.017,174.498,883726.535
2026-08-20 23:00:00,4135001,INV03,0.0,0.0,171.918,796223.389
2026-08-20 23:00:00,4135001,INV04,7.404,7.182,167.48,742882.635
2026-08-20 23:15:00,4135001,INV01,18.241,17.694,172.866,653253.636
2026-08-20 23:15:00,4135001,INV02,0.0,0.0,174.498,883726.535
2026-08-20 23:15:00,4135001,INV03,7.025,6.815,171.919,796223.39
2026-08-20 23:15:00,4135001,INV04,0.0,0.0,167.48,742882.635
2026-08-20 23:30:00,4135001,INV01,0.0,0.0,172.866,653253.636
2026-08-20 23:30:00,4135001,INV02,0.0,0.0,174.498,883726.535
2026-08-20 23:30:00,4135001,INV03,0.0,0.0,171.919,796223.39
2026-08-20 23:30:00,4135001,INV04,0.0,0.0,167.48,742882.635
2026-08-20 23:45:00,4135001,INV01,0.0,0.0,172.866,653253.636
2026-08-20 23:45:00,4135001,INV02,0.0,0.0,174.498,883726.535
2026-08-20 23:45:00,4135001,INV03,0.0,0.0,171.919,796223.39
2026-08-20 23:45:00,4135001,INV04,0.0,0.0,167.48,742882.635
2026-08-21 00:00:00,4135001,INV01,0.0,0.0,0.0,653253.636
2026-08-21 00:00:00,4135001,INV02,3.38,3.278,0.001,883726.536
2026-08-21 00:00:00,4135001,INV03,0.0,0.0,0.0,796223.39
2026-08-21 00:00:00,4135001,INV04,15.166,14.711,0.004,742882.639
2026-08-21 00:15:00,4135001,INV01,3.66,3.55,0.001,653253.637
2026-08-21 00:15:00,4135001,INV02,0.0,0.0,0.001,883726.536
2026-08-21 00:15:00,4135001,INV03,14.551,14.115,0.004,796223.394
2026-08-21 00:15:00,4135001,INV04,0.0,0.0,0.004,742882.639
2026-08-21 00:30:00,4135001,INV01,0.0,0.0,0.001,653253.637
2026-08-21 00:30:00,4135001,INV02,0.0,0.0,0.001,883726.536
2026-08-21 00:30:00,4135001,INV03,15.042,14.591,0.007,796223.398
2026-08-21 00:30:00,4135001,INV04,0.0,0.0,0.004,742882.639
2026-08-21 00:45:00,4135001,INV01,0.197,0.191,0.001,653253.637
2026-08-21 00:45:00,4135001,INV02,0.0,0.0,0.001,883726.536
2026-08-21 00:45:00,4135001,INV03,6.824,6.619,0.009,796223.399
2026-08-21 00:45:00,4135001,INV04,7.233,7.016,0.005,742882.64
2026-08-21 01:00:00,4135001,INV01,1.949,1.89,0.001,653253.637
2026-08-21 01:00:00,4135001,INV02,0.904,0.877,0.001,883726.536
2026-08-21 01:00:00,4135001,INV03,14.306,13.877,0.012,796223.403
2026-08-21 01:00:00,4135001,INV04,9.301,9.022,0.008,742882.643
2026-08-21 01:15:00,4135001,INV01,2.66,2.58,0.002,653253.638
2026-08-21 01:15:00,4135001,INV02,18.458,17.904,0.006,883726.54
2026-08-21 01:15:00,4135001,INV03,0.0,0.0,0.012,796223.403
2026-08-21 01:15:00,4135001,INV04,9.057,8.785,0.01,742882.645
2026-08-21 01:30:00,4135001,INV01,15.912,15.435,0.006,653253.642
2026-08-21 01:30:00,4135001,INV02,1.084,1.051,0.006,883726.54
2026-08-21 01:30:00,4135001,INV03,0.0,0.0,0.012,796223.403
2026-08-21 01:30:00,4135001,INV04,0.0,0.0,0.01,742882.645
2026-08-21 01:45:00,4135001,INV01,0.0,0.0,0.006,653253.642
2026-08-21 01:45:00,4135001,INV02,0.0,0.0,0.006,883726.54
2026-08-21 01:45:00,4135001,INV03,0.0,0.0,0.012,796223.403
2026-08-21 01:45:00,4135001,INV04,0.0,0.0,0.01,742882.645
2026-08-21 02:00:00,4135001,INV01,0.0,0.0,0.006,653253.642
2026-08-21 02:00:00,4135001,INV02,16.623,16.124,0.01,883726.544
2026-08-21 02:00:00,4135001,INV03,0.0,0.0,0.012,796223.403
2026-08-21 02:00:00,4135001,INV04,23.299,22.6,0.016,742882.65
2026-08-21 02:15:00,4135001,INV01,0.0,0.0,0.006,653253.642
2026-08-21 02:15:00,4135001,INV02,0.0,0.0,0.01,883726.544
2026-08-21 02:15:00,4135001,INV03,0.0,0.0,0.012,796223.403
2026-08-21 02:15:00,4135001,INV04,0.0,0.0,0.016,742882.65
2026-08-21 02:30:00,4135001,INV01,14.433,14.0,0.009,653253.645
2026-08-21 02:30:00,4135001,INV02,14.29,13.862,0.013,883726.548
2026-08-21 02:30:00,4135001,INV03,9.065,8.793,0.014,796223.405
2026-08-21 02:30:00,4135001,INV04,0.0,0.0,0.016,742882.65
2026-08-21 02:45:00,4135001,INV01,0.0,0.0,0.009,653253.645
2026-08-21 02:45:00,4135001,INV02,0.0,0.0,0.013,883726.548
2026-08-21 02:45:00,4135001,INV03,0.0,0.0,0.014,796223.405
2026-08-21 02:45:00,4135001,INV04,0.0,0.0,0.016,742882.65
2026-08-21 03:00:00,4135001,INV01,0.0,0.0,0.009,653253.645
2026-08-21 03:00:00,4135001,INV02,0.0,0.0,0.013,883726.548
2026-08-21 03:00:00,4135001,INV03,0.0,0.0,0.014,796223.405
2026-08-21 03:00:00,4135001,INV04,24.657,23.918,0.022,742882.656
2026-08-21 03:15:00,4135001,INV01,0.0,0.0,0.009,653253.645
2026-08-21 03:15:00,4135001,INV02,0.0,0.0,0.013,883726.548
2026-08-21 03:15:00,4135001,INV03,21.249,20.611,0.02,796223.41
2026-08-21 03:15:00,4135001,INV04,4.551,4.414,0.023,742882.658
2026-08-21 03:30:00,4135001,INV01,12.111,11.748,0.012,653253.648
2026-08-21 03:30:00,4135001,INV02,0.0,0.0,0.013,883726.548
2026-08-21 03:30:00,4135001,INV03,4.04,3.919,0.021,796223.411
2026-08-21 03:30:00,4135001,INV04,0.0,0.0,0.023,742882.658
2026-08-21 03:45:00,4135001,INV01,11.37,11.029,0.015,653253.651
2026-08-21 03:45:00,4135001,INV02,0.0,0.0,0.013,883726.548
2026-08-21 03:45:00,4135001,INV03,0.0,0.0,0.021,796223.411
2026-08-21 03:45:00,4135001,INV04,6.412,6.219,0.024,742882.659
2026-08-21 04:00:00,4135001,INV01,20.358,19.747,0.02,653253.656
2026-08-21 04:00:00,4135001,INV02,0.0,0.0,0.013,883726.548
2026-08-21 04:00:00,4135001,INV03,1.983,1.924,0.021,796223.412
2026-08-21 04:00:00,4135001,INV04,1.51,1.465,0.025,742882.659
2026-08-21 04:15:00,4135001,INV01,0.0,0.0,0.02,653253.656
2026-08-21 04:15:00,4135001,INV02,0.0,0.0,0.013,883726.548
2026-08-21 04:15:00,4135001,INV03,0.0,0.0,0.021,796223.412
2026-08-21 04:15:00,4135001,INV04,0.0,0.0,0.025,742882.659
2026-08-21 04:30:00,4135001,INV01,0.0,0.0,0.02,653253.656
2026-08-21 04:30:00,4135001,INV02,0.0,0.0,0.013,883726.548
2026-08-21 04:30:00,4135001,INV03,9.733,9.441,0.023,796223.414
2026-08-21 04:30:00,4135001,INV04,3.41,3.308,0.025,742882.66
2026-08-21 04:45:00,4135001,INV01,0.0,0.0,0.02,653253.656
2026-08-21 04:45:00,4135001,INV02,4.59,4.453,0.014,883726.549
2026-08-21 04:45:00,4135001,INV03,8.79,8.526,0.026,796223.416
2026-08-21 04:45:00,4135001,INV04,0.0,0.0,0.025,742882.66
2026-08-21 05:00:00,4135001,INV01,26.563,25.766,0.026,653253.662
2026-08-21 05:00:00,4135001,INV02,2.611,2.533,0.015,883726.55
2026-08-21 05:00:00,4135001,INV03,0.0,0.0,0.026,796223.416
2026-08-21 05:00:00,4135001,INV04,0.0,0.0,0.025,742882.66
2026-08-21 05:15:00,4135001,INV01,9.355,9.075,0.029,653253.665
2026-08-21 05:15:00,4135001,INV02,0.234,0.227,0.015,883726.55
2026-08-21 05:15:00,4135001,INV03,0.0,0.0,0.026,796223.416
2026-08-21 05:15:00,4135001,INV04,0.0,0.0,0.025,742882.66
2026-08-21 05:30:00,4135001,INV01,0.0,0.0,0.029,653253.665
2026-08-21 05:30:00,4135001,INV02,0.0,0.0,0.015,883726.55
2026-08-21 05:30:00,4135001,INV03,10.891,10.564,0.028,796223.419
2026-08-21 05:30:00,4135001,INV04,0.0,0.0,0.025,742882.66
2026-08-21 05:45:00,4135001,INV01,0.0,0.0,0.029,653253.665
2026-08-21 05:45:00,4135001,INV02,0.0,0.0,0.015,883726.55
2026-08-21 05:45:00,4135001,INV03,0.0,0.0,0.028,796223.419
2026-08-21 05:45:00,4135001,INV04,0.0,0.0,0.025,742882.66
2026-08-21 06:00:00,4135001,INV01,2146.206,2081.82,0.549,653254.185
2026-08-21 06:00:00,4135001,INV02,2095.825,2032.95,0.523,883727.058
2026-08-21 06:00:00,4135001,INV03,2158.038,2093.297,0.552,796223.942
2026-08-21 06:00:00,4135001,INV04,2132.74,2068.758,0.543,742883.177
2026-08-21 06:15:00,4135001,INV01,1877.336,1821.016,1.004,653254.64
2026-08-21 06:15:00,4135001,INV02,2003.863,1943.747,1.009,883727.544
2026-08-21 06:15:00,4135001,INV03,1947.939,1889.501,1.024,796224.414
2026-08-21 06:15:00,4135001,INV04,1983.011,1923.52,1.023,742883.658
2026-08-21 06:30:00,4135001,INV01,3188.302,3092.653,1.778,653255.414
2026-08-21 06:30:00,4135001,INV02,3225.076,3128.324,1.791,883728.326
2026-08-21 06:30:00,4135001,INV03,3198.846,3102.88,1.8,796225.19
2026-08-21 06:30:00,4135001,INV04,3303.367,3204.266,1.825,742884.459
2026-08-21 06:45:00,4135001,INV01,2242.117,2174.853,2.321,653255.957
2026-08-21 06:45:00,4135001,INV02,2340.127,2269.923,2.359,883728.894
2026-08-21 06:45:00,4135001,INV03,2437.189,2364.073,2.391,796225.781
2026-08-21 06:45:00,4135001,INV04,2391.929,2320.171,2.405,742885.039
2026-08-21 07:00:00,4135001,INV01,4276.11,4147.827,3.358,653256.994
2026-08-21 07:00:00,4135001,INV02,4208.797,4082.533,3.379,883729.914
2026-08-21 07:00:00,4135001,INV03,4027.415,3906.592,3.367,796226.758
2026-08-21 07:00:00,4135001,INV04,4205.263,4079.105,3.424,742886.059
2026-08-21 07:15:00,4135001,INV01,6849.618,6644.13,5.019,653258.655
2026-08-21 07:15:00,4135001,INV02,7112.554,6899.177,5.104,883731.639
2026-08-21 07:15:00,4135001,INV03,6943.233,6734.936,5.051,796228.441
2026-08-21 07:15:00,4135001,INV04,6640.324,6441.114,5.035,742887.67
2026-08-21 07:30:00,4135001,INV01,6126.441,5942.648,6.505,653260.141
2026-08-21 07:30:00,4135001,INV02,6210.819,6024.495,6.61,883733.145
2026-08-21 07:30:00,4135001,INV03,6087.986,5905.346,6.527,796229.918
2026-08-21 07:30:00,4135001,INV04,6072.1,5889.937,6.507,742889.142
2026-08-21 07:45:00,4135001,INV01,8068.231,7826.185,8.462,653262.098
2026-08-21 07:45:00,4135001,INV02,7931.133,7693.199,8.534,883735.068
2026-08-21 07:45:00,4135001,INV03,8214.058,7967.636,8.519,796231.91
2026-08-21 07:45:00,4135001,INV04,8065.124,7823.17,8.463,742891.098
2026-08-21 08:00:00,4135001,INV01,7638.176,7409.031,10.314,653263.95
2026-08-21 08:00:00,4135001,INV02,7598.635,7370.676,10.376,883736.911
2026-08-21 08:00:00,4135001,INV03,7573.601,7346.393,10.356,796233.746
2026-08-21 08:00:00,4135001,INV04,7858.274,7622.526,10.369,742893.003
2026-08-21 08:15:00,4135001,INV01,9265.955,8987.977,12.561,653266.197
2026-08-21 08:15:00,4135001,INV02,9921.889,9624.232,12.782,883739.317
2026-08-21 08:15:00,4135001,INV03,9510.221,9224.914,12.662,796236.053
2026-08-21 08:15:00,4135001,INV04,9553.896,9267.279,12.685,742895.32
2026-08-21 08:30:00,4135001,INV01,10827.63,10502.801,15.186,653268.823
2026-08-21 08:30:00,4135001,INV02,11223.41,10886.708,15.504,883742.039
2026-08-21 08:30:00,4135001,INV03,10798.348,10474.397,15.281,796238.671
2026-08-21 08:30:00,4135001,INV04,11493.558,11148.751,15.473,742898.107
2026-08-21 08:45:00,4135001,INV01,10956.95,10628.242,17.844,653271.48
2026-08-21 08:45:00,4135001,INV02,11027.34,10696.52,18.178,883744.713
2026-08-21 08:45:00,4135001,INV03,11316.369,10976.878,18.025,796241.415
2026-08-21 08:45:00,4135001,INV04,11523.025,11177.334,18.267,742900.902
2026-08-21 09:00:00,4135001,INV01,13869.622,13453.533,21.207,653274.843
2026-08-21 09:00:00,4135001,INV02,13601.367,13193.326,21.477,883748.011
2026-08-21 09:00:00,4135001,INV03,13695.361,13284.5,21.346,796244.736
2026-08-21 09:00:00,4135001,INV04,14223.7,13796.989,21.716,742904.351
2026-08-21 09:15:00,4135001,INV01,14211.032,13784.701,24.653,653278.289
2026-08-21 09:15:00,4135001,INV02,14229.06,13802.189,24.927,883751.462
2026-08-21 09:15:00,4135001,INV03,14125.772,13701.999,24.772,796248.162
2026-08-21 09:15:00,4135001,INV04,14151.08,13726.548,25.148,742907.783
2026-08-21 09:30:00,4135001,INV01,15594.106,15126.283,28.435,653282.071
2026-08-21 09:30:00,4135001,INV02,15470.604,15006.485,28.679,883755.213
2026-08-21 09:30:00,4135001,INV03,15852.929,15377.341,28.616,796252.006
2026-08-21 09:30:00,4135001,INV04,15862.803,15386.919,28.994,742911.629
2026-08-21 09:45:00,4135001,INV01,17451.509,16927.963,32.667,653286.303
2026-08-21 09:45:00,4135001,INV02,17936.61,17398.512,33.028,883759.563
2026-08-21 09:45:00,4135001,INV03,18242.888,17695.601,33.04,796256.43
2026-08-21 09:45:00,4135001,INV04,18111.667,17568.317,33.387,742916.021
2026-08-21 10:00:00,4135001,INV01,20306.46,19697.266,37.591,653291.227
2026-08-21 10:00:00,4135001,INV02,19033.65,18462.64,37.644,883764.179
2026-08-21 10:00:00,4135001,INV03,19662.536,19072.66,37.808,796261.198
2026-08-21 10:00:00,4135001,INV04,19858.671,19262.911,38.202,742920.837
2026-08-21 10:15:00,4135001,INV01,23088.994,22396.324,43.19,653296.826
2026-08-21 10:15:00,4135001,INV02,22559.104,21882.331,43.115,883769.649
2026-08-21 10:15:00,4135001,INV03,22481.045,21806.613,43.26,796266.65
2026-08-21 10:15:00,4135001,INV04,22814.791,22130.347,43.735,742926.37
2026-08-21 10:30:00,4135001,INV01,21630.618,20981.699,48.435,653302.072
2026-08-21 10:30:00,4135001,INV02,21046.019,20414.639,48.218,883774.753
2026-08-21 10:30:00,4135001,INV03,21293.224,20654.427,48.423,796271.814
2026-08-21 10:30:00,4135001,INV04,21546.113,20899.729,48.96,742931.595
2026-08-21 10:45:00,4135001,INV01,21803.53,21149.424,53.723,653307.359
2026-08-21 10:45:00,4135001,INV02,21177.356,20542.035,53.354,883779.888
2026-08-21 10:45:00,4135001,INV03,21374.743,20733.5,53.607,796276.997
2026-08-21 10:45:00,4135001,INV04,22323.312,21653.613,54.373,742937.008
2026-08-21 11:00:00,4135001,INV01,24631.621,23892.672,59.696,653313.332
2026-08-21 11:00:00,4135001,INV02,24524.417,23788.684,59.301,883785.836
2026-08-21 11:00:00,4135001,INV03,23310.145,22610.841,59.259,796282.65
2026-08-21 11:00:00,4135001,INV04,24981.724,24232.272,60.431,742943.066
2026-08-21 11:15:00,4135001,INV01,21546.471,20900.077,64.921,653318.557
2026-08-21 11:15:00,4135001,INV02,21646.235,20996.848,64.55,883791.085
2026-08-21 11:15:00,4135001,INV03,22416.839,21744.334,64.695,796288.086
2026-08-21 11:15:00,4135001,INV04,22138.288,21474.139,65.8,742948.435
2026-08-21 11:30:00,4135001,INV01,25028.519,24277.664,70.99,653324.626
2026-08-21 11:30:00,4135001,INV02,25403.763,24641.65,70.711,883797.245
2026-08-21 11:30:00,4135001,INV03,25664.761,24894.818,70.919,796294.31
2026-08-21 11:30:00,4135001,INV04,26082.14,25299.676,72.125,742954.76
2026-08-21 11:45:00,4135001,INV01,28674.141,27813.917,77.944,653331.58
2026-08-21 11:45:00,4135001,INV02,28756.338,27893.648,77.684,883804.219
2026-08-21 11:45:00,4135001,INV03,27603.859,26775.743,77.613,796301.003
2026-08-21 11:45:00,4135001,INV04,27595.716,26767.845,78.817,742961.452
2026-08-21 12:00:00,4135001,INV01,24206.901,23480.694,83.814,653337.45
2026-08-21 12:00:00,4135001,INV02,24934.5,24186.465,83.731,883810.265
2026-08-21 12:00:00,4135001,INV03,24223.321,23496.621,83.487,796306.878
2026-08-21 12:00:00,4135001,INV04,23726.598,23014.8,84.57,742967.205
2026-08-21 12:15:00,4135001,INV01,25886.322,25109.732,90.092,653343.728
2026-08-21 12:15:00,4135001,INV02,26641.537,25842.291,90.191,883816.726
2026-08-21 12:15:00,4135001,INV03,27556.323,26729.633,90.17,796313.56
2026-08-21 12:15:00,4135001,INV04,26032.673,25251.693,90.883,742973.518
2026-08-21 12:30:00,4135001,INV01,24436.93,23703.822,96.017,653349.654
2026-08-21 12:30:00,4135001,INV02,25837.01,25061.9,96.457,883822.991
2026-08-21 12:30:00,4135001,INV03,24901.39,24154.348,96.208,796319.599
2026-08-21 12:30:00,4135001,INV04,25150.153,24395.648,96.982,742979.617
2026-08-21 12:45:00,4135001,INV01,24335.49,23605.426,101.919,653355.555
2026-08-21 12:45:00,4135001,INV02,23109.668,22416.378,102.061,883828.595
2026-08-21 12:45:00,4135001,INV03,22556.253,21879.566,101.678,796325.068
2026-08-21 12:45:00,4135001,INV04,24188.027,23462.386,102.848,742985.483
2026-08-21 13:00:00,4135001,INV01,26853.955,26048.336,108.431,653362.067
2026-08-21 13:00:00,4135001,INV02,26917.685,26110.155,108.588,883835.123
2026-08-21 13:00:00,4135001,INV03,26218.315,25431.765,108.036,796331.426
2026-08-21 13:00:00,4135001,INV04,26260.694,25472.873,109.216,742991.851
2026-08-21 13:15:00,4135001,INV01,23430.62,22727.701,114.113,653367.749
2026-08-21 13:15:00,4135001,INV02,23598.469,22890.515,114.311,883840.846
2026-08-21 13:15:00,4135001,INV03,23555.091,22848.438,113.748,796337.139
2026-08-21 13:15:00,4135001,INV04,23568.093,22861.05,114.931,742997.566
2026-08-21 13:30:00,4135001,INV01,24942.39,24194.118,120.161,653373.797
2026-08-21 13:30:00,4135001,INV02,23921.069,23203.437,120.112,883846.646
2026-08-21 13:30:00,4135001,INV03,23769.638,23056.549,119.512,796342.903
2026-08-21 13:30:00,4135001,INV04,24953.522,24204.916,120.983,743003.617
2026-08-21 13:45:00,4135001,INV01,22535.2,21859.144,125.626,653379.262
2026-08-21 13:45:00,4135001,INV02,22199.988,21533.989,125.495,883852.03
2026-08-21 13:45:00,4135001,INV03,22034.159,21373.134,124.856,796348.246
2026-08-21 13:45:00,4135001,INV04,23068.606,22376.548,126.577,743009.212
2026-08-21 14:00:00,4135001,INV01,21601.128,20953.094,130.864,653384.5
2026-08-21 14:00:00,4135001,INV02,21269.139,20631.065,130.653,883857.188
2026-08-21 14:00:00,4135001,INV03,21222.671,20585.991,130.002,796353.392
2026-08-21 14:00:00,4135001,INV04,22571.536,21894.39,132.05,743014.685
2026-08-21 14:15:00,4135001,INV01,17549.624,17023.135,135.12,653388.756
2026-08-21 14:15:00,4135001,INV02,18675.88,18115.604,135.182,883861.717
2026-08-21 14:15:00,4135001,INV03,18367.488,17816.463,134.456,796357.847
2026-08-21 14:15:00,4135001,INV04,18908.112,18340.868,136.635,743019.27
2026-08-21 14:30:00,4135001,INV01,19243.604,18666.296,139.787,653393.423
2026-08-21 14:30:00,4135001,INV02,20532.991,19917.001,140.161,883866.696
2026-08-21 14:30:00,4135001,INV03,20170.873,19565.747,139.348,796362.738
2026-08-21 14:30:00,4135001,INV04,20291.19,19682.454,141.556,743024.191
2026-08-21 14:45:00,4135001,INV01,14808.912,14364.645,143.378,653397.014
2026-08-21 14:45:00,4135001,INV02,15460.528,14996.712,143.91,883870.445
2026-08-21 14:45:00,4135001,INV03,15474.394,15010.162,143.1,796366.491
2026-08-21 14:45:00,4135001,INV04,15021.668,14571.018,145.199,743027.834
2026-08-21 15:00:00,4135001,INV01,16255.765,15768.092,147.32,653400.956
2026-08-21 15:00:00,4135001,INV02,16450.233,15956.726,147.9,883874.434
2026-08-21 15:00:00,4135001,INV03,16076.88,15594.574,146.999,796370.389
2026-08-21 15:00:00,4135001,INV04,16432.576,15939.599,149.184,743031.819
2026-08-21 15:15:00,4135001,INV01,14874.017,14427.796,150.927,653404.563
2026-08-21 15:15:00,4135001,INV02,14644.085,14204.763,151.451,883877.985
2026-08-21 15:15:00,4135001,INV03,15127.244,14673.426,150.667,796374.058
2026-08-21 15:15:00,4135001,INV04,14935.468,14487.404,152.806,743035.44
2026-08-21 15:30:00,4135001,INV01,12652.83,12273.245,153.995,653407.631
2026-08-21 15:30:00,4135001,INV02,12282.195,11913.729,154.429,883880.964
2026-08-21 15:30:00,4135001,INV03,11990.691,11630.971,153.575,796376.965
2026-08-21 15:30:00,4135001,INV04,12179.465,11814.081,155.759,743038.394
2026-08-21 15:45:00,4135001,INV01,12246.631,11879.232,156.965,653410.601
2026-08-21 15:45:00,4135001,INV02,11521.996,11176.336,157.223,883883.758
2026-08-21 15:45:00,4135001,INV03,11773.46,11420.256,156.43,796379.82
2026-08-21 15:45:00,4135001,INV04,11985.169,11625.614,158.666,743041.3
2026-08-21 16:00:00,4135001,INV01,10337.484,10027.36,159.472,653413.108
2026-08-21 16:00:00,4135001,INV02,10373.031,10061.84,159.739,883886.273
2026-08-21 16:00:00,4135001,INV03,9838.486,9543.331,158.816,796382.206
2026-08-21 16:00:00,4135001,INV04,10223.812,9917.098,161.145,743043.78
2026-08-21 16:15:00,4135001,INV01,11210.114,10873.811,162.19,653415.826
2026-08-21 16:15:00,4135001,INV02,11184.903,10849.356,162.451,883888.986
2026-08-21 16:15:00,4135001,INV03,10801.186,10477.151,161.435,796384.825
2026-08-21 16:15:00,4135001,INV04,10919.675,10592.085,163.793,743046.428
2026-08-21 16:30:00,4135001,INV01,9971.719,9672.568,164.608,653418.245
2026-08-21 16:30:00,4135001,INV02,9774.396,9481.164,164.821,883891.356
2026-08-21 16:30:00,4135001,INV03,9506.801,9221.597,163.74,796387.131
2026-08-21 16:30:00,4135001,INV04,9779.786,9486.392,166.164,743048.799
2026-08-21 16:45:00,4135001,INV01,6696.357,6495.466,166.232,653419.868
2026-08-21 16:45:00,4135001,INV02,6887.716,6681.085,166.492,883893.026
2026-08-21 16:45:00,4135001,INV03,6867.553,6661.526,165.406,796388.796
2026-08-21 16:45:00,4135001,INV04,6971.23,6762.093,167.855,743050.49
2026-08-21 17:00:00,4135001,INV01,6212.981,6026.592,167.739,653421.375
2026-08-21 17:00:00,4135001,INV02,5977.539,5798.213,167.941,883894.476
2026-08-21 17:00:00,4135001,INV03,6229.562,6042.675,166.917,796390.307
2026-08-21 17:00:00,4135001,INV04,6281.2,6092.764,169.378,743052.013
2026-08-21 17:15:00,4135001,INV01,2832.464,2747.49,168.426,653422.062
2026-08-21 17:15:00,4135001,INV02,2888.807,2802.143,168.642,883895.176
2026-08-21 17:15:00,4135001,INV03,2981.234,2891.797,167.639,796391.03
2026-08-21 17:15:00,4135001,INV04,2843.845,2758.53,170.068,743052.703
2026-08-21 17:30:00,4135001,INV01,4283.213,4154.716,169.465,653423.101
2026-08-21 17:30:00,4135001,INV02,4499.636,4364.647,169.733,883896.268
2026-08-21 17:30:00,4135001,INV03,4291.949,4163.19,168.68,796392.071
2026-08-21 17:30:00,4135001,INV04,4436.499,4303.404,171.144,743053.779
2026-08-21 17:45:00,4135001,INV01,3911.313,3793.973,170.413,653424.049
2026-08-21 17:45:00,4135001,INV02,3876.569,3760.272,170.673,883897.208
2026-08-21 17:45:00,4135001,INV03,3801.378,3687.337,169.602,796392.993
2026-08-21 17:45:00,4135001,INV04,3756.331,3643.641,172.055,743054.689
2026-08-21 18:00:00,4135001,INV01,2434.337,2361.307,171.003,653424.639
2026-08-21 18:00:00,4135001,INV02,2406.14,2333.956,171.256,883897.791
2026-08-21 18:00:00,4135001,INV03,2441.612,2368.364,170.194,796393.585
2026-08-21 18:00:00,4135001,INV04,2490.599,2415.881,172.658,743055.293
2026-08-21 18:15:00,4135001,INV01,3167.91,3072.872,171.772,653425.408
2026-08-21 18:15:00,4135001,INV02,3057.352,2965.632,171.998,883898.532
2026-08-21 18:15:00,4135001,INV03,3054.072,2962.45,170.935,796394.325
2026-08-21 18:15:00,4135001,INV04,3009.589,2919.302,173.388,743056.023
2026-08-21 18:30:00,4135001,INV01,374.518,363.282,171.862,653425.498
2026-08-21 18:30:00,4135001,INV02,390.587,378.869,172.093,883898.627
2026-08-21 18:30:00,4135001,INV03,363.567,352.66,171.023,796394.413
2026-08-21 18:30:00,4135001,INV04,366.877,355.871,173.477,743056.112
2026-08-21 18:45:00,4135001,INV01,0.0,0.0,171.862,653425.498
2026-08-21 18:45:00,4135001,INV02,6.227,6.04,172.094,883898.629
2026-08-21 18:45:00,4135001,INV03,0.0,0.0,171.023,796394.413
2026-08-21 18:45:00,4135001,INV04,0.0,0.0,173.477,743056.112
2026-08-21 19:00:00,4135001,INV01,0.0,0.0,171.862,653425.498
2026-08-21 19:00:00,4135001,INV02,4.397,4.265,172.095,883898.63
2026-08-21 19:00:00,4135001,INV03,19.208,18.632,171.028,796394.418
2026-08-21 19:00:00,4135001,INV04,0.0,0.0,173.477,743056.112
2026-08-21 19:15:00,4135001,INV01,0.43,0.417,171.863,653425.499
2026-08-21 19:15:00,4135001,INV02,7.831,7.596,172.097,883898.632
2026-08-21 19:15:00,4135001,INV03,6.455,6.261,171.029,796394.42
2026-08-21 19:15:00,4135001,INV04,12.942,12.554,173.48,743056.115
2026-08-21 19:30:00,4135001,INV01,0.0,0.0,171.863,653425.499
2026-08-21 19:30:00,4135001,INV02,0.0,0.0,172.097,883898.632
2026-08-21 19:30:00,4135001,INV03,0.0,0.0,171.029,796394.42
2026-08-21 19:30:00,4135001,INV04,0.824,0.8,173.481,743056.116
2026-08-21 19:45:00,4135001,INV01,2.695,2.614,171.863,653425.499
2026-08-21 19:45:00,4135001,INV02,3.73,3.618,172.098,883898.633
2026-08-21 19:45:00,4135001,INV03,30.389,29.478,171.037,796394.427
2026-08-21 19:45:00,4135001,INV04,0.0,0.0,173.481,743056.116
2026-08-21 20:00:00,4135001,INV01,0.0,0.0,171.863,653425.499
2026-08-21 20:00:00,4135001,INV02,0.0,0.0,172.098,883898.633
2026-08-21 20:00:00,4135001,INV03,0.0,0.0,171.037,796394.427
2026-08-21 20:00:00,4135001,INV04,20.049,19.447,173.485,743056.12
2026-08-21 20:15:00,4135001,INV01,20.48,19.866,171.868,653425.504
2026-08-21 20:15:00,4135001,INV02,33.397,32.395,172.106,883898.641
2026-08-21 20:15:00,4135001,INV03,19.067,18.495,171.041,796394.432
2026-08-21 20:15:00,4135001,INV04,10.824,10.499,173.488,743056.123
2026-08-21 20:30:00,4135001,INV01,0.489,0.474,171.868,653425.504
2026-08-21 20:30:00,4135001,INV02,0.0,0.0,172.106,883898.641
2026-08-21 20:30:00,4135001,INV03,0.0,0.0,171.041,796394.432
2026-08-21 20:30:00,4135001,INV04,9.992,9.692,173.491,743056.125
2026-08-21 20:45:00,4135001,INV01,0.0,0.0,171.868,653425.504
2026-08-21 20:45:00,4135001,INV02,24.386,23.655,172.112,883898.647
2026-08-21 20:45:00,4135001,INV03,0.0,0.0,171.041,796394.432
2026-08-21 20:45:00,4135001,INV04,0.0,0.0,173.491,743056.125
2026-08-21 21:00:00,4135001,INV01,0.0,0.0,171.868,653425.504
2026-08-21 21:00:00,4135001,INV02,0.0,0.0,172.112,883898.647
2026-08-21 21:00:00,4135001,INV03,0.0,0.0,171.041,796394.432
2026-08-21 21:00:00,4135001,INV04,0.0,0.0,173.491,743056.125
2026-08-21 21:15:00,4135001,INV01,29.097,28.224,171.875,653425.511
2026-08-21 21:15:00,4135001,INV02,11.298,10.959,172.115,883898.649
2026-08-21 21:15:00,4135001,INV03,0.0,0.0,171.041,796394.432
2026-08-21 21:15:00,4135001,INV04,0.0,0.0,173.491,743056.125
2026-08-21 21:30:00,4135001,INV01,9.655,9.365,171.878,653425.514
2026-08-21 21:30:00,4135001,INV02,10.12,9.816,172.117,883898.652
2026-08-21 21:30:00,4135001,INV03,0.0,0.0,171.041,796394.432
2026-08-21 21:30:00,4135001,INV04,16.384,15.892,173.494,743056.129
2026-08-21 21:45:00,4135001,INV01,3.39,3.288,171.878,653425.514
2026-08-21 21:45:00,4135001,INV02,5.872,5.696,172.119,883898.653
2026-08-21 21:45:00,4135001,INV03,11.755,11.402,171.044,796394.434
2026-08-21 21:45:00,4135001,INV04,0.0,0.0,173.494,743056.129
2026-08-21 22:00:00,4135001,INV01,3.745,3.633,171.879,653425.515
2026-08-21 22:00:00,4135001,INV02,5.044,4.893,172.12,883898.654
2026-08-21 22:00:00,4135001,INV03,7.757,7.524,171.046,796394.436
2026-08-21 22:00:00,4135001,INV04,32.28,31.311,173.502,743056.137
2026-08-21 22:15:00,4135001,INV01,0.0,0.0,171.879,653425.515
2026-08-21 22:15:00,4135001,INV02,10.731,10.409,172.122,883898.657
2026-08-21 22:15:00,4135001,INV03,3.779,3.666,171.047,796394.437
2026-08-21 22:15:00,4135001,INV04,5.672,5.502,173.504,743056.139
2026-08-21 22:30:00,4135001,INV01,35.521,34.455,171.888,653425.524
2026-08-21 22:30:00,4135001,INV02,0.0,0.0,172.122,883898.657
2026-08-21 22:30:00,4135001,INV03,0.0,0.0,171.047,796394.437
2026-08-21 22:30:00,4135001,INV04,0.0,0.0,173.504,743056.139
2026-08-21 22:45:00,4135001,INV01,0.0,0.0,171.888,653425.524
2026-08-21 22:45:00,4135001,INV02,0.119,0.116,172.122,883898.657
2026-08-21 22:45:00,4135001,INV03,0.322,0.313,171.047,796394.437
2026-08-21 22:45:00,4135001,INV04,4.823,4.678,173.505,743056.14
2026-08-21 23:00:00,4135001,INV01,34.172,33.146,171.896,653425.532
2026-08-21 23:00:00,4135001,INV02,18.648,18.089,172.127,883898.662
2026-08-21 23:00:00,4135001,INV03,0.271,0.263,171.047,796394.437
2026-08-21 23:00:00,4135001,INV04,12.671,12.291,173.508,743056.143
2026-08-21 23:15:00,4135001,INV01,14.514,14.079,171.9,653425.536
2026-08-21 23:15:00,4135001,INV02,0.0,0.0,172.127,883898.662
2026-08-21 23:15:00,4135001,INV03,0.0,0.0,171.047,796394.437
2026-08-21 23:15:00,4135001,INV04,4.914,4.766,173.509,743056.144
2026-08-21 23:30:00,4135001,INV01,15.452,14.988,171.904,653425.54
2026-08-21 23:30:00,4135001,INV02,12.115,11.751,172.13,883898.665
2026-08-21 23:30:00,4135001,INV03,0.0,0.0,171.047,796394.437
2026-08-21 23:30:00,4135001,INV04,27.331,26.511,173.516,743056.151
2026-08-21 23:45:00,4135001,INV01,0.0,0.0,171.904,653425.54
2026-08-21 23:45:00,4135001,INV02,0.0,0.0,172.13,883898.665
2026-08-21 23:45:00,4135001,INV03,9.958,9.66,171.049,796394.44
2026-08-21 23:45:00,4135001,INV04,0.0,0.0,173.516,743056.151
2026-08-22 00:00:00,4135001,INV01,0.0,0.0,0.0,653425.54
2026-08-22 00:00:00,4135001,INV02,17.0,16.49,0.004,883898.669
2026-08-22 00:00:00,4135001,INV03,0.0,0.0,0.0,796394.44
2026-08-22 00:00:00,4135001,INV04,0.0,0.0,0.0,743056.151
2026-08-22 00:15:00,4135001,INV01,18.526,17.97,0.004,653425.544
2026-08-22 00:15:00,4135001,INV02,0.0,0.0,0.004,883898.669
2026-08-22 00:15:00,4135001,INV03,0.0,0.0,0.0,796394.44
2026-08-22 00:15:00,4135001,INV04,8.235,7.988,0.002,743056.153
2026-08-22 00:30:00,4135001,INV01,0.0,0.0,0.004,653425.544
2026-08-22 00:30:00,4135001,INV02,7.783,7.549,0.006,883898.671
2026-08-22 00:30:00,4135001,INV03,1.157,1.123,0.0,796394.44
2026-08-22 00:30:00,4135001,INV04,15.072,14.62,0.006,743056.156
2026-08-22 00:45:00,4135001,INV01,0.853,0.827,0.005,653425.544
2026-08-22 00:45:00,4135001,INV02,8.893,8.626,0.008,883898.673
2026-08-22 00:45:00,4135001,INV03,7.749,7.517,0.002,796394.442
2026-08-22 00:45:00,4135001,INV04,19.481,18.897,0.01,743056.161
2026-08-22 01:00:00,4135001,INV01,5.145,4.991,0.006,653425.546
2026-08-22 01:00:00,4135001,INV02,11.206,10.87,0.011,883898.675
2026-08-22 01:00:00,4135001,INV03,13.74,13.328,0.005,796394.445
2026-08-22 01:00:00,4135001,INV04,10.435,10.122,0.013,743056.164
2026-08-22 01:15:00,4135001,INV01,38.817,37.653,0.015,653425.555
2026-08-22 01:15:00,4135001,INV02,2.863,2.777,0.012,883898.676
2026-08-22 01:15:00,4135001,INV03,0.0,0.0,0.005,796394.445
2026-08-22 01:15:00,4135001,INV04,0.0,0.0,0.013,743056.164
2026-08-22 01:30:00,4135001,INV01,24.314,23.585,0.021,653425.561
2026-08-22 01:30:00,4135001,INV02,22.04,21.379,0.017,883898.681
2026-08-22 01:30:00,4135001,INV03,1.842,1.787,0.006,796394.446
2026-08-22 01:30:00,4135001,INV04,0.0,0.0,0.013,743056.164
2026-08-22 01:45:00,4135001,INV01,9.527,9.241,0.024,653425.563
2026-08-22 01:45:00,4135001,INV02,7.793,7.559,0.019,883898.683
2026-08-22 01:45:00,4135001,INV03,0.0,0.0,0.006,796394.446
2026-08-22 01:45:00,4135001,INV04,10.691,10.37,0.015,743056.166
2026-08-22 02:00:00,4135001,INV01,0.0,0.0,0.024,653425.563
2026-08-22 02:00:00,4135001,INV02,0.0,0.0,0.019,883898.683
2026-08-22 02:00:00,4135001,INV03,0.0,0.0,0.006,796394.446
2026-08-22 02:00:00,4135001,INV04,11.443,11.1,0.018,743056.169
2026-08-22 02:15:00,4135001,INV01,23.656,22.946,0.029,653425.569
2026-08-22 02:15:00,4135001,INV02,16.705,16.204,0.023,883898.687
2026-08-22 02:15:00,4135001,INV03,16.699,16.198,0.01,796394.45
2026-08-22 02:15:00,4135001,INV04,0.0,0.0,0.018,743056.169
2026-08-22 02:30:00,4135001,INV01,13.836,13.421,0.033,653425.572
2026-08-22 02:30:00,4135001,INV02,0.0,0.0,0.023,883898.687
2026-08-22 02:30:00,4135001,INV03,18.595,18.038,0.014,796394.454
2026-08-22 02:30:00,4135001,INV04,10.952,10.624,0.021,743056.172
2026-08-22 02:45:00,4135001,INV01,0.0,0.0,0.033,653425.572
2026-08-22 02:45:00,4135001,INV02,0.0,0.0,0.023,883898.687
2026-08-22 02:45:00,4135001,INV03,27.829,26.994,0.021,796394.461
2026-08-22 02:45:00,4135001,INV04,0.0,0.0,0.021,743056.172
2026-08-22 03:00:00,4135001,INV01,0.0,0.0,0.033,653425.572
2026-08-22 03:00:00,4135001,INV02,0.0,0.0,0.023,883898.687
2026-08-22 03:00:00,4135001,INV03,0.0,0.0,0.021,796394.461
2026-08-22 03:00:00,4135001,INV04,0.703,0.682,0.021,743056.172
2026-08-22 03:15:00,4135001,INV01,25.447,24.683,0.039,653425.578
2026-08-22 03:15:00,4135001,INV02,0.0,0.0,0.023,883898.687
2026-08-22 03:15:00,4135001,INV03,0.0,0.0,0.021,796394.461
2026-08-22 03:15:00,4135001,INV04,0.0,0.0,0.021,743056.172
2026-08-22 03:30:00,4135001,INV01,0.0,0.0,0.039,653425.578
2026-08-22 03:30:00,4135001,INV02,0.0,0.0,0.023,883898.687
2026-08-22 03:30:00,4135001,INV03,2.21,2.143,0.022,796394.462
2026-08-22 03:30:00,4135001,INV04,3.606,3.498,0.022,743056.173
2026-08-22 03:45:00,4135001,INV01,0.0,0.0,0.039,653425.578
2026-08-22 03:45:00,4135001,INV02,2.362,2.291,0.023,883898.688
2026-08-22 03:45:00,4135001,INV03,0.0,0.0,0.022,796394.462
2026-08-22 03:45:00,4135001,INV04,12.258,11.89,0.025,743056.176
2026-08-22 04:00:00,4135001,INV01,0.0,0.0,0.039,653425.578
2026-08-22 04:00:00,4135001,INV02,7.467,7.243,0.025,883898.69
2026-08-22 04:00:00,4135001,INV03,28.35,27.499,0.029,796394.468
2026-08-22 04:00:00,4135001,INV04,0.0,0.0,0.025,743056.176
2026-08-22 04:15:00,4135001,INV01,0.0,0.0,0.039,653425.578
2026-08-22 04:15:00,4135001,INV02,0.0,0.0,0.025,883898.69
2026-08-22 04:15:00,4135001,INV03,13.196,12.8,0.032,796394.472
2026-08-22 04:15:00,4135001,INV04,4.905,4.757,0.026,743056.177
2026-08-22 04:30:00,4135001,INV01,0.0,0.0,0.039,653425.578
2026-08-22 04:30:00,4135001,INV02,7.955,7.716,0.027,883898.692
2026-08-22 04:30:00,4135001,INV03,38.143,36.999,0.041,796394.481
2026-08-22 04:30:00,4135001,INV04,0.0,0.0,0.026,743056.177
2026-08-22 04:45:00,4135001,INV01,0.0,0.0,0.039,653425.578
2026-08-22 04:45:00,4135001,INV02,0.0,0.0,0.027,883898.692
2026-08-22 04:45:00,4135001,INV03,0.0,0.0,0.041,796394.481
2026-08-22 04:45:00,4135001,INV04,2.045,1.983,0.027,743056.177
2026-08-22 05:00:00,4135001,INV01,0.0,0.0,0.039,653425.578
2026-08-22 05:00:00,4135001,INV02,1.459,1.415,0.028,883898.692
2026-08-22 05:00:00,4135001,INV03,0.0,0.0,0.041,796394.481
2026-08-22 05:00:00,4135001,INV04,0.0,0.0,0.027,743056.177
2026-08-22 05:15:00,4135001,INV01,0.0,0.0,0.039,653425.578
2026-08-22 05:15:00,4135001,INV02,0.0,0.0,0.028,883898.692
2026-08-22 05:15:00,4135001,INV03,19.512,18.926,0.046,796394.486
2026-08-22 05:15:00,4135001,INV04,0.0,0.0,0.027,743056.177
2026-08-22 05:30:00,4135001,INV01,12.911,12.524,0.042,653425.582
2026-08-22 05:30:00,4135001,INV02,19.935,19.337,0.032,883898.697
2026-08-22 05:30:00,4135001,INV03,5.46,5.296,0.047,796394.487
2026-08-22 05:30:00,4135001,INV04,7.429,7.206,0.028,743056.179
2026-08-22 05:45:00,4135001,INV01,9.483,9.199,0.044,653425.584
2026-08-22 05:45:00,4135001,INV02,0.0,0.0,0.032,883898.697
2026-08-22 05:45:00,4135001,INV03,14.119,13.695,0.051,796394.49
2026-08-22 05:45:00,4135001,INV04,0.0,0.0,0.028,743056.179
2026-08-22 06:00:00,4135001,INV01,3027.881,2937.044,0.779,653426.318
2026-08-22 06:00:00,4135001,INV02,2941.42,2853.178,0.746,883899.41
2026-08-22 06:00:00,4135001,INV03,3135.121,3041.068,0.811,796395.251
2026-08-22 06:00:00,4135001,INV04,3130.027,3036.126,0.787,743056.938
2026-08-22 06:15:00,4135001,INV01,2667.098,2587.085,1.425,653426.965
2026-08-22 06:15:00,4135001,INV02,2685.268,2604.71,1.397,883900.061
2026-08-22 06:15:00,4135001,INV03,2722.344,2640.674,1.471,796395.911
2026-08-22 06:15:00,4135001,INV04,2708.391,2627.139,1.444,743057.595
2026-08-22 06:30:00,4135001,INV01,2662.467,2582.593,2.071,653427.611
2026-08-22 06:30:00,4135001,INV02,2577.209,2499.893,2.022,883900.686
2026-08-22 06:30:00,4135001,INV03,2507.066,2431.854,2.079,796396.519
2026-08-22 06:30:00,4135001,INV04,2599.019,2521.048,2.075,743058.225
2026-08-22 06:45:00,4135001,INV01,4186.893,4061.286,3.086,653428.626
2026-08-22 06:45:00,4135001,INV02,4051.817,3930.263,3.004,883901.669
2026-08-22 06:45:00,4135001,INV03,4156.805,4032.101,3.087,796397.527
2026-08-22 06:45:00,4135001,INV04,4233.555,4106.548,3.101,743059.252
2026-08-22 07:00:00,4135001,INV01,3377.235,3275.918,3.905,653429.445
2026-08-22 07:00:00,4135001,INV02,3497.467,3392.543,3.853,883902.517
2026-08-22 07:00:00,4135001,INV03,3596.998,3489.088,3.959,796398.399
2026-08-22 07:00:00,4135001,INV04,3568.411,3461.358,3.966,743060.117
2026-08-22 07:15:00,4135001,INV01,7440.193,7216.987,5.709,653431.249
2026-08-22 07:15:00,4135001,INV02,8034.125,7793.102,5.801,883904.465
2026-08-22 07:15:00,4135001,INV03,7432.617,7209.638,5.762,796400.201
2026-08-22 07:15:00,4135001,INV04,7876.649,7640.35,5.877,743062.027
2026-08-22 07:30:00,4135001,INV01,4863.249,4717.351,6.889,653432.428
2026-08-22 07:30:00,4135001,INV02,4806.139,4661.955,6.966,883905.631
2026-08-22 07:30:00,4135001,INV03,4825.844,4681.069,6.932,796401.372
2026-08-22 07:30:00,4135001,INV04,4870.816,4724.691,7.058,743063.208
2026-08-22 07:45:00,4135001,INV01,8997.826,8727.891,9.071,653434.61
2026-08-22 07:45:00,4135001,INV02,9497.767,9212.834,9.269,883907.934
2026-08-22 07:45:00,4135001,INV03,9121.463,8847.819,9.144,796403.584
2026-08-22 07:45:00,4135001,INV04,9161.151,8886.317,9.279,743065.43
2026-08-22 08:00:00,4135001,INV01,8240.711,7993.489,11.069,653436.609
2026-08-22 08:00:00,4135001,INV02,8882.729,8616.247,11.424,883910.088
2026-08-22 08:00:00,4135001,INV03,8552.503,8295.928,11.218,796405.658
2026-08-22 08:00:00,4135001,INV04,8875.332,8609.072,11.432,743067.582
2026-08-22 08:15:00,4135001,INV01,13745.021,13332.67,14.402,653439.942
2026-08-22 08:15:00,4135001,INV02,13401.939,12999.881,14.674,883913.338
2026-08-22 08:15:00,4135001,INV03,13894.974,13478.125,14.587,796409.027
2026-08-22 08:15:00,4135001,INV04,13233.187,12836.191,14.641,743070.791
2026-08-22 08:30:00,4135001,INV01,11134.066,10800.044,17.102,653442.642
2026-08-22 08:30:00,4135001,INV02,11287.981,10949.341,17.411,883916.075
2026-08-22 08:30:00,4135001,INV03,11167.658,10832.628,17.296,796411.735
2026-08-22 08:30:00,4135001,INV04,10575.651,10258.382,17.205,743073.356
2026-08-22 08:45:00,4135001,INV01,11398.481,11056.527,19.866,653445.406
2026-08-22 08:45:00,4135001,INV02,11151.122,10816.588,20.115,883918.78
2026-08-22 08:45:00,4135001,INV03,11544.712,11198.371,20.095,796414.535
2026-08-22 08:45:00,4135001,INV04,11795.744,11441.872,20.066,743076.216
2026-08-22 09:00:00,4135001,INV01,14678.406,14238.054,23.426,653448.966
2026-08-22 09:00:00,4135001,INV02,14161.279,13736.441,23.549,883922.214
2026-08-22 09:00:00,4135001,INV03,13965.463,13546.499,23.482,796417.922
2026-08-22 09:00:00,4135001,INV04,14177.741,13752.409,23.504,743079.654
2026-08-22 09:15:00,4135001,INV01,14554.717,14118.076,26.956,653452.495
2026-08-22 09:15:00,4135001,INV02,14466.863,14032.858,27.057,883925.722
2026-08-22 09:15:00,4135001,INV03,14225.217,13798.46,26.931,796421.371
2026-08-22 09:15:00,4135001,INV04,14064.658,13642.718,26.914,743083.065
2026-08-22 09:30:00,4135001,INV01,16319.859,15830.263,30.913,653456.453
2026-08-22 09:30:00,4135001,INV02,16004.703,15524.562,30.938,883929.603
2026-08-22 09:30:00,4135001,INV03,16795.488,16291.623,31.004,796425.444
2026-08-22 09:30:00,4135001,INV04,16979.258,16469.88,31.032,743087.183
2026-08-22 09:45:00,4135001,INV01,20082.022,19479.561,35.783,653461.323
2026-08-22 09:45:00,4135001,INV02,18962.305,18393.436,35.537,883934.201
2026-08-22 09:45:00,4135001,INV03,18877.779,18311.446,35.582,796430.022
2026-08-22 09:45:00,4135001,INV04,19213.143,18636.748,35.691,743091.842
2026-08-22 10:00:00,4135001,INV01,21154.365,20519.734,40.913,653466.452
2026-08-22 10:00:00,4135001,INV02,20296.961,19688.052,40.459,883939.123
2026-08-22 10:00:00,4135001,INV03,20410.4,19798.088,40.532,796434.972
2026-08-22 10:00:00,4135001,INV04,21336.29,20696.202,40.865,743097.016
2026-08-22 10:15:00,4135001,INV01,22013.802,21353.388,46.251,653471.791
2026-08-22 10:15:00,4135001,INV02,23040.775,22349.552,46.046,883944.711
2026-08-22 10:15:00,4135001,INV03,22702.487,22021.412,46.037,796440.477
2026-08-22 10:15:00,4135001,INV04,23088.329,22395.68,46.464,743102.615
2026-08-22 10:30:00,4135001,INV01,20798.585,20174.628,51.295,653476.834
2026-08-22 10:30:00,4135001,INV02,22401.321,21729.282,51.479,883950.143
2026-08-22 10:30:00,4135001,INV03,20970.283,20341.174,51.122,796445.562
2026-08-22 10:30:00,4135001,INV04,21032.177,20401.212,51.564,743107.715
2026-08-22 10:45:00,4135001,INV01,26319.434,25529.851,57.677,653483.217
2026-08-22 10:45:00,4135001,INV02,26193.412,25407.609,57.83,883956.495
2026-08-22 10:45:00,4135001,INV03,25256.488,24498.793,57.247,796451.687
2026-08-22 10:45:00,4135001,INV04,26153.585,25368.977,57.907,743114.057
2026-08-22 11:00:00,4135001,INV01,22584.142,21906.618,63.154,653488.694
2026-08-22 11:00:00,4135001,INV02,22505.09,21829.937,63.288,883961.952
2026-08-22 11:00:00,4135001,INV03,22575.145,21897.891,62.722,796457.161
2026-08-22 11:00:00,4135001,INV04,23859.844,23144.048,63.693,743119.843
2026-08-22 11:15:00,4135001,INV01,25335.848,24575.773,69.298,653494.838
2026-08-22 11:15:00,4135001,INV02,25805.346,25031.185,69.546,883968.21
2026-08-22 11:15:00,4135001,INV03,24750.744,24008.222,68.724,796463.163
2026-08-22 11:15:00,4135001,INV04,25419.103,24656.529,69.857,743126.007
2026-08-22 11:30:00,4135001,INV01,25104.643,24351.503,75.386,653500.925
2026-08-22 11:30:00,4135001,INV02,26079.665,25297.275,75.87,883974.535
2026-08-22 11:30:00,4135001,INV03,26095.684,25312.814,75.052,796469.492
2026-08-22 11:30:00,4135001,INV04,26637.813,25838.678,76.316,743132.467
2026-08-22 11:45:00,4135001,INV01,27297.4,26478.478,82.005,653507.545
2026-08-22 11:45:00,4135001,INV02,27213.477,26397.073,82.469,883981.134
2026-08-22 11:45:00,4135001,INV03,26687.432,25886.809,81.523,796475.963
2026-08-22 11:45:00,4135001,INV04,28438.657,27585.498,83.213,743139.364
2026-08-22 12:00:00,4135001,INV01,25039.78,24288.586,88.078,653513.617
2026-08-22 12:00:00,4135001,INV02,26588.707,25791.046,88.917,883987.582
2026-08-22 12:00:00,4135001,INV03,25201.471,24445.427,87.635,796482.075
2026-08-22 12:00:00,4135001,INV04,26902.379,26095.308,89.737,743145.887
2026-08-22 12:15:00,4135001,INV01,22803.521,22119.415,93.607,653519.147
2026-08-22 12:15:00,4135001,INV02,22321.861,21652.205,94.33,883992.995
2026-08-22 12:15:00,4135001,INV03,23794.282,23080.454,93.405,796487.845
2026-08-22 12:15:00,4135001,INV04,23128.496,22434.641,95.345,743151.496
2026-08-22 12:30:00,4135001,INV01,26853.472,26047.868,100.119,653525.659
2026-08-22 12:30:00,4135001,INV02,26619.137,25820.563,100.785,883999.45
2026-08-22 12:30:00,4135001,INV03,27091.956,26279.197,99.975,796494.415
2026-08-22 12:30:00,4135001,INV04,7309.667,7090.377,97.118,743153.269
2026-08-22 12:45:00,4135001,INV01,25238.275,24481.126,106.24,653531.779
2026-08-22 12:45:00,4135001,INV02,3912.55,3795.174,101.734,884000.399
2026-08-22 12:45:00,4135001,INV03,24833.27,24088.272,105.997,796500.437
2026-08-22 12:45:00,4135001,INV04,24815.231,24070.774,103.136,743159.286
2026-08-22 13:00:00,4135001,INV01,25325.363,24565.602,112.381,653537.921
2026-08-22 13:00:00,4135001,INV02,24046.627,23325.228,107.565,884006.23
2026-08-22 13:00:00,4135001,INV03,24969.392,24220.31,112.052,796506.492
2026-08-22 13:00:00,4135001,INV04,24696.184,23955.298,109.124,743165.275
2026-08-22 13:15:00,4135001,INV01,21803.937,21149.819,117.669,653543.208
2026-08-22 13:15:00,4135001,INV02,22207.814,21541.58,112.951,884011.615
2026-08-22 13:15:00,4135001,INV03,21382.438,20740.965,117.237,796511.677
2026-08-22 13:15:00,4135001,INV04,22533.636,21857.627,114.589,743170.74
2026-08-22 13:30:00,4135001,INV01,24013.29,23292.891,123.492,653549.031
2026-08-22 13:30:00,4135001,INV02,23552.166,22845.601,118.662,884017.327
2026-08-22 13:30:00,4135001,INV03,9518.909,9233.341,119.545,796513.985
2026-08-22 13:30:00,4135001,INV04,22960.733,22271.911,120.157,743176.308
2026-08-22 13:45:00,4135001,INV01,22900.73,22213.708,129.045,653554.585
2026-08-22 13:45:00,4135001,INV02,23413.915,22711.497,124.34,884023.005
2026-08-22 13:45:00,4135001,INV03,23999.676,23279.686,125.365,796519.805
2026-08-22 13:45:00,4135001,INV04,23428.972,22726.103,125.838,743181.989
2026-08-22 14:00:00,4135001,INV01,22989.145,22299.471,134.62,653560.16
2026-08-22 14:00:00,4135001,INV02,23606.095,22897.912,130.065,884028.729
2026-08-22 14:00:00,4135001,INV03,22474.334,21800.104,130.815,796525.255
2026-08-22 14:00:00,4135001,INV04,23785.28,23071.722,131.606,743187.757
2026-08-22 14:15:00,4135001,INV01,20395.445,19783.582,139.566,653565.106
2026-08-22 14:15:00,4135001,INV02,19775.41,19182.148,134.86,884033.525
2026-08-22 14:15:00,4135001,INV03,20145.051,19540.7,135.701,796530.14
2026-08-22 14:15:00,4135001,INV04,20904.911,20277.764,136.676,743192.826
2026-08-22 14:30:00,4135001,INV01,17719.714,17188.122,143.863,653569.403
2026-08-22 14:30:00,4135001,INV02,17015.904,16505.427,138.986,884037.651
2026-08-22 14:30:00,4135001,INV03,17758.49,17225.735,140.007,796534.447
2026-08-22 14:30:00,4135001,INV04,17186.654,16671.054,140.843,743196.994
2026-08-22 14:45:00,4135001,INV01,18174.954,17629.705,148.27,653573.81
2026-08-22 14:45:00,4135001,INV02,19136.757,18562.655,143.627,884042.292
2026-08-22 14:45:00,4135001,INV03,19065.466,18493.502,144.63,796539.07
2026-08-22 14:45:00,4135001,INV04,18626.377,18067.585,145.36,743201.511
2026-08-22 15:00:00,4135001,INV01,13602.014,13193.953,151.569,653577.108
2026-08-22 15:00:00,4135001,INV02,13527.935,13122.097,146.908,884045.572
2026-08-22 15:00:00,4135001,INV03,13714.607,13303.169,147.956,796542.396
2026-08-22 15:00:00,4135001,INV04,14216.012,13789.532,148.808,743204.958
2026-08-22 15:15:00,4135001,INV01,13213.12,12816.726,154.773,653580.313
2026-08-22 15:15:00,4135001,INV02,12489.328,12114.649,149.936,884048.601
2026-08-22 15:15:00,4135001,INV03,12788.298,12404.649,151.057,796545.497
2026-08-22 15:15:00,4135001,INV04,13207.867,12811.631,152.011,743208.161
2026-08-22 15:30:00,4135001,INV01,14558.77,14122.007,158.304,653583.843
2026-08-22 15:30:00,4135001,INV02,14487.901,14053.264,153.45,884052.114
2026-08-22 15:30:00,4135001,INV03,14339.312,13909.133,154.535,796548.974
2026-08-22 15:30:00,4135001,INV04,14623.684,14184.974,155.557,743211.708
2026-08-22 15:45:00,4135001,INV01,12454.284,12080.656,161.324,653586.863
2026-08-22 15:45:00,4135001,INV02,11836.95,11481.841,156.32,884054.985
2026-08-22 15:45:00,4135001,INV03,11832.361,11477.39,157.404,796551.844
2026-08-22 15:45:00,4135001,INV04,11861.173,11505.337,158.433,743214.584
2026-08-22 16:00:00,4135001,INV01,10857.499,10531.774,163.957,653589.496
2026-08-22 16:00:00,4135001,INV02,11186.819,10851.214,159.033,884057.697
2026-08-22 16:00:00,4135001,INV03,11273.51,10935.304,160.138,796554.578
2026-08-22 16:00:00,4135001,INV04,10743.694,10421.383,161.039,743217.189
2026-08-22 16:15:00,4135001,INV01,8463.159,8209.264,166.009,653591.549
2026-08-22 16:15:00,4135001,INV02,8584.143,8326.619,161.114,884059.779
2026-08-22 16:15:00,4135001,INV03,8234.998,7987.948,162.135,796556.575
2026-08-22 16:15:00,4135001,INV04,7999.133,7759.159,162.978,743219.129
2026-08-22 16:30:00,4135001,INV01,7922.165,7684.5,167.93,653593.47
2026-08-22 16:30:00,4135001,INV02,7647.235,7417.818,162.969,884061.633
2026-08-22 16:30:00,4135001,INV03,7807.586,7573.359,164.028,796558.468
2026-08-22 16:30:00,4135001,INV04,8056.255,7814.567,164.932,743221.083
2026-08-22 16:45:00,4135001,INV01,6174.286,5989.057,169.427,653594.967
2026-08-22 16:45:00,4135001,INV02,6296.077,6107.195,164.496,884063.16
2026-08-22 16:45:00,4135001,INV03,6299.004,6110.033,165.556,796559.995
2026-08-22 16:45:00,4135001,INV04,6260.296,6072.487,166.45,743222.601
2026-08-22 17:00:00,4135001,INV01,5252.435,5094.862,170.701,653596.241
2026-08-22 17:00:00,4135001,INV02,5246.788,5089.384,165.768,884064.433
2026-08-22 17:00:00,4135001,INV03,5000.955,4850.926,166.768,796561.208
2026-08-22 17:00:00,4135001,INV04,4966.436,4817.443,167.655,743223.805
2026-08-22 17:15:00,4135001,INV01,1559.76,1512.967,171.079,653596.619
2026-08-22 17:15:00,4135001,INV02,6333.451,6143.447,167.304,884065.968
2026-08-22 17:15:00,4135001,INV03,6201.904,6015.847,168.272,796562.712
2026-08-22 17:15:00,4135001,INV04,6558.251,6361.504,169.245,743225.396
2026-08-22 17:30:00,4135001,INV01,1839.28,1784.102,171.525,653597.065
2026-08-22 17:30:00,4135001,INV02,4644.285,4504.956,168.43,884067.095
2026-08-22 17:30:00,4135001,INV03,4729.023,4587.152,169.419,796563.859
2026-08-22 17:30:00,4135001,INV04,4713.961,4572.542,170.388,743226.539
2026-08-22 17:45:00,4135001,INV01,4879.474,4733.09,172.709,653598.248
2026-08-22 17:45:00,4135001,INV02,4878.434,4732.081,169.613,884068.278
2026-08-22 17:45:00,4135001,INV03,4819.938,4675.34,170.588,796565.028
2026-08-22 17:45:00,4135001,INV04,5028.186,4877.34,171.607,743227.758
2026-08-22 18:00:00,4135001,INV01,2950.879,2862.352,173.424,653598.964
2026-08-22 18:00:00,4135001,INV02,2791.821,2708.067,170.29,884068.955
2026-08-22 18:00:00,4135001,INV03,2892.256,2805.488,171.289,796565.729
2026-08-22 18:00:00,4135001,INV04,2778.69,2695.329,172.281,743228.432
2026-08-22 18:15:00,4135001,INV01,2840.94,2755.712,174.113,653599.653
2026-08-22 18:15:00,4135001,INV02,2843.643,2758.333,170.98,884069.644
2026-08-22 18:15:00,4135001,INV03,2795.162,2711.307,171.967,796566.407
2026-08-22 18:15:00,4135001,INV04,2640.918,2561.691,172.922,743229.072
2026-08-22 18:30:00,4135001,INV01,3203.887,3107.771,174.89,653600.43
2026-08-22 18:30:00,4135001,INV02,3352.207,3251.641,171.793,884070.457
2026-08-22 18:30:00,4135001,INV03,3125.126,3031.373,172.725,796567.165
2026-08-22 18:30:00,4135001,INV04,3130.768,3036.845,173.681,743229.832
2026-08-22 18:45:00,4135001,INV01,0.0,0.0,174.89,653600.43
2026-08-22 18:45:00,4135001,INV02,0.0,0.0,171.793,884070.457
2026-08-22 18:45:00,4135001,INV03,0.0,0.0,172.725,796567.165
2026-08-22 18:45:00,4135001,INV04,0.0,0.0,173.681,743229.832
2026-08-22 19:00:00,4135001,INV01,0.0,0.0,174.89,653600.43
2026-08-22 19:00:00,4135001,INV02,5.079,4.927,171.794,884070.458
2026-08-22 19:00:00,4135001,INV03,0.0,0.0,172.725,796567.165
2026-08-22 19:00:00,4135001,INV04,0.0,0.0,173.681,743229.832
2026-08-22 19:15:00,4135001,INV01,22.59,21.912,174.896,653600.435
2026-08-22 19:15:00,4135001,INV02,28.356,27.505,171.801,884070.465
2026-08-22 19:15:00,4135001,INV03,0.0,0.0,172.725,796567.165
2026-08-22 19:15:00,4135001,INV04,25.724,24.952,173.687,743229.838
2026-08-22 19:30:00,4135001,INV01,0.0,0.0,174.896,653600.435
2026-08-22 19:30:00,4135001,INV02,11.065,10.733,171.804,884070.468
2026-08-22 19:30:00,4135001,INV03,0.0,0.0,172.725,796567.165
2026-08-22 19:30:00,4135001,INV04,17.461,16.937,173.691,743229.842
2026-08-22 19:45:00,4135001,INV01,12.938,12.549,174.899,653600.438
2026-08-22 19:45:00,4135001,INV02,5.303,5.144,171.805,884070.469
2026-08-22 19:45:00,4135001,INV03,12.617,12.238,172.728,796567.168
2026-08-22 19:45:00,4135001,INV04,0.0,0.0,173.691,743229.842
2026-08-22 20:00:00,4135001,INV01,0.0,0.0,174.899,653600.438
2026-08-22 20:00:00,4135001,INV02,4.092,3.969,171.806,884070.47
2026-08-22 20:00:00,4135001,INV03,0.0,0.0,172.728,796567.168
2026-08-22 20:00:00,4135001,INV04,0.0,0.0,173.691,743229.842
2026-08-22 20:15:00,4135001,INV01,4.015,3.895,174.9,653600.439
2026-08-22 20:15:00,4135001,INV02,20.504,19.888,171.811,884070.475
2026-08-22 20:15:00,4135001,INV03,0.0,0.0,172.728,796567.168
2026-08-22 20:15:00,4135001,INV04,21.277,20.639,173.696,743229.847
2026-08-22 20:30:00,4135001,INV01,0.0,0.0,174.9,653600.439
2026-08-22 20:30:00,4135001,INV02,0.0,0.0,171.811,884070.475
2026-08-22 20:30:00,4135001,INV03,0.185,0.18,172.728,796567.168
2026-08-22 20:30:00,4135001,INV04,0.0,0.0,173.696,743229.847
2026-08-22 20:45:00,4135001,INV01,0.0,0.0,174.9,653600.439
2026-08-22 20:45:00,4135001,INV02,7.042,6.831,171.812,884070.477
2026-08-22 20:45:00,4135001,INV03,0.0,0.0,172.728,796567.168
2026-08-22 20:45:00,4135001,INV04,0.0,0.0,173.696,743229.847
2026-08-22 21:00:00,4135001,INV01,0.0,0.0,174.9,653600.439
2026-08-22 21:00:00,4135001,INV02,0.0,0.0,171.812,884070.477
2026-08-22 21:00:00,4135001,INV03,0.0,0.0,172.728,796567.168
2026-08-22 21:00:00,4135001,INV04,0.838,0.813,173.697,743229.847
2026-08-22 21:15:00,4135001,INV01,0.0,0.0,174.9,653600.439
2026-08-22 21:15:00,4135001,INV02,0.0,0.0,171.812,884070.477
2026-08-22 21:15:00,4135001,INV03,0.0,0.0,172.728,796567.168
2026-08-22 21:15:00,4135001,INV04,4.948,4.799,173.698,743229.849
2026-08-22 21:30:00,4135001,INV01,12.727,12.345,174.903,653600.442
2026-08-22 21:30:00,4135001,INV02,0.0,0.0,171.812,884070.477
2026-08-22 21:30:00,4135001,INV03,0.0,0.0,172.728,796567.168
2026-08-22 21:30:00,4135001,INV04,11.929,11.571,173.701,743229.851
2026-08-22 21:45:00,4135001,INV01,0.0,0.0,174.903,653600.442
2026-08-22 21:45:00,4135001,INV02,0.0,0.0,171.812,884070.477
2026-08-22 21:45:00,4135001,INV03,0.0,0.0,172.728,796567.168
2026-08-22 21:45:00,4135001,INV04,30.764,29.841,173.708,743229.859
2026-08-22 22:00:00,4135001,INV01,0.0,0.0,174.903,653600.442
2026-08-22 22:00:00,4135001,INV02,26.316,25.526,171.819,884070.483
2026-08-22 22:00:00,4135001,INV03,11.409,11.067,172.731,796567.171
2026-08-22 22:00:00,4135001,INV04,0.0,0.0,173.708,743229.859
2026-08-22 22:15:00,4135001,INV01,2.302,2.233,174.903,653600.443
2026-08-22 22:15:00,4135001,INV02,16.293,15.805,171.823,884070.487
2026-08-22 22:15:00,4135001,INV03,0.0,0.0,172.731,796567.171
2026-08-22 22:15:00,4135001,INV04,11.169,10.834,173.711,743229.862
2026-08-22 22:30:00,4135001,INV01,26.402,25.61,174.91,653600.449
2026-08-22 22:30:00,4135001,INV02,21.676,21.026,171.828,884070.493
2026-08-22 22:30:00,4135001,INV03,0.0,0.0,172.731,796567.171
2026-08-22 22:30:00,4135001,INV04,0.0,0.0,173.711,743229.862
2026-08-22 22:45:00,4135001,INV01,11.093,10.76,174.912,653600.452
2026-08-22 22:45:00,4135001,INV02,0.0,0.0,171.828,884070.493
2026-08-22 22:45:00,4135001,INV03,0.0,0.0,172.731,796567.171
2026-08-22 22:45:00,4135001,INV04,0.0,0.0,173.711,743229.862
2026-08-22 23:00:00,4135001,INV01,0.0,0.0,174.912,653600.452
2026-08-22 23:00:00,4135001,INV02,0.0,0.0,171.828,884070.493
2026-08-22 23:00:00,4135001,INV03,0.0,0.0,172.731,796567.171
2026-08-22 23:00:00,4135001,INV04,0.0,0.0,173.711,743229.862
2026-08-22 23:15:00,4135001,INV01,0.0,0.0,174.912,653600.452
2026-08-22 23:15:00,4135001,INV02,0.0,0.0,171.828,884070.493
2026-08-22 23:15:00,4135001,INV03,0.0,0.0,172.731,796567.171
2026-08-22 23:15:00,4135001,INV04,0.0,0.0,173.711,743229.862
2026-08-22 23:30:00,4135001,INV01,0.0,0.0,174.912,653600.452
2026-08-22 23:30:00,4135001,INV02,0.0,0.0,171.828,884070.493
2026-08-22 23:30:00,4135001,INV03,16.641,16.142,172.735,796567.175
2026-08-22 23:30:00,4135001,INV04,0.0,0.0,173.711,743229.862
2026-08-22 23:45:00,4135001,INV01,0.235,0.228,174.913,653600.452
2026-08-22 23:45:00,4135001,INV02,15.039,14.587,171.832,884070.496
2026-08-22 23:45:00,4135001,INV03,25.251,24.493,172.741,796567.181
2026-08-22 23:45:00,4135001,INV04,0.0,0.0,173.711,743229.862
2026-08-23 00:00:00,4135001,INV01,0.0,0.0,0.0,653600.452
2026-08-23 00:00:00,4135001,INV02,13.942,13.524,0.003,884070.5
2026-08-23 00:00:00,4135001,INV03,0.0,0.0,0.0,796567.181
2026-08-23 00:00:00,4135001,INV04,2.232,2.165,0.001,743229.862
2026-08-23 00:15:00,4135001,INV01,0.0,0.0,0.0,653600.452
2026-08-23 00:15:00,4135001,INV02,0.385,0.373,0.003,884070.5
2026-08-23 00:15:00,4135001,INV03,0.0,0.0,0.0,796567.181
2026-08-23 00:15:00,4135001,INV04,0.0,0.0,0.001,743229.862
2026-08-23 00:30:00,4135001,INV01,0.0,0.0,0.0,653600.452
2026-08-23 00:30:00,4135001,INV02,1.769,1.716,0.004,884070.5
2026-08-23 00:30:00,4135001,INV03,5.331,5.171,0.001,796567.182
2026-08-23 00:30:00,4135001,INV04,11.593,11.246,0.003,743229.865
2026-08-23 00:45:00,4135001,INV01,0.0,0.0,0.0,653600.452
2026-08-23 00:45:00,4135001,INV02,0.0,0.0,0.004,884070.5
2026-08-23 00:45:00,4135001,INV03,20.891,20.264,0.006,796567.187
2026-08-23 00:45:00,4135001,INV04,0.0,0.0,0.003,743229.865
2026-08-23 01:00:00,4135001,INV01,0.0,0.0,0.0,653600.452
2026-08-23 01:00:00,4135001,INV02,16.01,15.53,0.008,884070.504
2026-08-23 01:00:00,4135001,INV03,0.0,0.0,0.006,796567.187
2026-08-23 01:00:00,4135001,INV04,34.215,33.189,0.012,743229.873
2026-08-23 01:15:00,4135001,INV01,20.925,20.298,0.005,653600.457
2026-08-23 01:15:00,4135001,INV02,20.849,20.224,0.013,884070.509
2026-08-23 01:15:00,4135001,INV03,0.0,0.0,0.006,796567.187
2026-08-23 01:15:00,4135001,INV04,0.0,0.0,0.012,743229.873
2026-08-23 01:30:00,4135001,INV01,0.0,0.0,0.005,653600.457
2026-08-23 01:30:00,4135001,INV02,21.014,20.383,0.018,884070.514
2026-08-23 01:30:00,4135001,INV03,16.416,15.923,0.01,796567.191
2026-08-23 01:30:00,4135001,INV04,13.074,12.681,0.015,743229.876
2026-08-23 01:45:00,4135001,INV01,8.679,8.419,0.007,653600.459
2026-08-23 01:45:00,4135001,INV02,5.883,5.706,0.019,884070.516
2026-08-23 01:45:00,4135001,INV03,0.0,0.0,0.01,796567.191
2026-08-23 01:45:00,4135001,INV04,0.0,0.0,0.015,743229.876
2026-08-23 02:00:00,4135001,INV01,5.536,5.369,0.009,653600.461
2026-08-23 02:00:00,4135001,INV02,14.942,14.494,0.023,884070.519
2026-08-23 02:00:00,4135001,INV03,13.216,12.819,0.014,796567.194
2026-08-23 02:00:00,4135001,INV04,1.815,1.761,0.015,743229.877
2026-08-23 02:15:00,4135001,INV01,0.0,0.0,0.009,653600.461
2026-08-23 02:15:00,4135001,INV02,0.0,0.0,0.023,884070.519
2026-08-23 02:15:00,4135001,INV03,4.454,4.32,0.015,796567.195
2026-08-23 02:15:00,4135001,INV04,27.936,27.098,0.022,743229.884
2026-08-23 02:30:00,4135001,INV01,0.0,0.0,0.009,653600.461
2026-08-23 02:30:00,4135001,INV02,0.0,0.0,0.023,884070.519
2026-08-23 02:30:00,4135001,INV03,7.703,7.472,0.016,796567.197
2026-08-23 02:30:00,4135001,INV04,3.251,3.154,0.023,743229.884
2026-08-23 02:45:00,4135001,INV01,0.0,0.0,0.009,653600.461
2026-08-23 02:45:00,4135001,INV02,0.0,0.0,0.023,884070.519
2026-08-23 02:45:00,4135001,INV03,27.934,27.096,0.023,796567.204
2026-08-23 02:45:00,4135001,INV04,0.0,0.0,0.023,743229.884
2026-08-23 03:00:00,4135001,INV01,3.581,3.473,0.009,653600.461
2026-08-23 03:00:00,4135001,INV02,8.191,7.945,0.025,884070.521
2026-08-23 03:00:00,4135001,INV03,1.617,1.569,0.024,796567.205
2026-08-23 03:00:00,4135001,INV04,16.94,16.432,0.027,743229.889
2026-08-23 03:15:00,4135001,INV01,0.0,0.0,0.009,653600.461
2026-08-23 03:15:00,4135001,INV02,8.265,8.017,0.027,884070.523
2026-08-23 03:15:00,4135001,INV03,5.837,5.662,0.025,796567.206
2026-08-23 03:15:00,4135001,INV04,6.466,6.272,0.028,743229.89
2026-08-23 03:30:00,4135001,INV01,0.0,0.0,0.009,653600.461
2026-08-23 03:30:00,4135001,INV02,0.0,0.0,0.027,884070.523
2026-08-23 03:30:00,4135001,INV03,0.828,0.804,0.025,796567.206
2026-08-23 03:30:00,4135001,INV04,0.0,0.0,0.028,743229.89
2026-08-23 03:45:00,4135001,INV01,0.0,0.0,0.009,653600.461
2026-08-23 03:45:00,4135001,INV02,0.0,0.0,0.027,884070.523
2026-08-23 03:45:00,4135001,INV03,0.0,0.0,0.025,796567.206
2026-08-23 03:45:00,4135001,INV04,0.0,0.0,0.028,743229.89
2026-08-23 04:00:00,4135001,INV01,0.0,0.0,0.009,653600.461
2026-08-23 04:00:00,4135001,INV02,0.0,0.0,0.027,884070.523
2026-08-23 04:00:00,4135001,INV03,11.325,10.985,0.028,796567.209
2026-08-23 04:00:00,4135001,INV04,8.065,7.823,0.03,743229.892
2026-08-23 04:15:00,4135001,INV01,13.382,12.98,0.013,653600.465
2026-08-23 04:15:00,4135001,INV02,13.146,12.751,0.03,884070.526
2026-08-23 04:15:00,4135001,INV03,28.589,27.731,0.035,796567.216
2026-08-23 04:15:00,4135001,INV04,0.0,0.0,0.03,743229.892
2026-08-23 04:30:00,4135001,INV01,8.968,8.699,0.015,653600.467
2026-08-23 04:30:00,4135001,INV02,14.487,14.053,0.034,884070.53
2026-08-23 04:30:00,4135001,INV03,0.0,0.0,0.035,796567.216
2026-08-23 04:30:00,4135001,INV04,10.068,9.766,0.033,743229.894
2026-08-23 04:45:00,4135001,INV01,0.0,0.0,0.015,653600.467
2026-08-23 04:45:00,4135001,INV02,40.639,39.42,0.044,884070.54
2026-08-23 04:45:00,4135001,INV03,15.392,14.93,0.039,796567.22
2026-08-23 04:45:00,4135001,INV04,38.504,37.349,0.042,743229.904
2026-08-23 05:00:00,4135001,INV01,32.127,31.163,0.023,653600.475
2026-08-23 05:00:00,4135001,INV02,2.556,2.48,0.044,884070.54
2026-08-23 05:00:00,4135001,INV03,12.274,11.906,0.042,796567.223
2026-08-23 05:00:00,4135001,INV04,0.0,0.0,0.042,743229.904
2026-08-23 05:15:00,4135001,INV01,16.982,16.473,0.027,653600.479
2026-08-23 05:15:00,4135001,INV02,0.0,0.0,0.044,884070.54
2026-08-23 05:15:00,4135001,INV03,14.913,14.465,0.045,796567.226
2026-08-23 05:15:00,4135001,INV04,0.0,0.0,0.042,743229.904
2026-08-23 05:30:00,4135001,INV01,0.0,0.0,0.027,653600.479
2026-08-23 05:30:00,4135001,INV02,1.018,0.987,0.044,884070.541
2026-08-23 05:30:00,4135001,INV03,29.043,28.172,0.052,796567.233
2026-08-23 05:30:00,4135001,INV04,4.68,4.539,0.043,743229.905
2026-08-23 05:45:00,4135001,INV01,0.0,0.0,0.027,653600.479
2026-08-23 05:45:00,4135001,INV02,22.438,21.764,0.05,884070.546
2026-08-23 05:45:00,4135001,INV03,13.794,13.38,0.056,796567.237
2026-08-23 05:45:00,4135001,INV04,0.134,0.13,0.043,743229.905
2026-08-23 06:00:00,4135001,INV01,124.656,120.916,0.057,653600.509
2026-08-23 06:00:00,4135001,INV02,131.726,127.774,0.082,884070.578
2026-08-23 06:00:00,4135001,INV03,104.006,100.886,0.081,796567.262
2026-08-23 06:00:00,4135001,INV04,148.259,143.811,0.079,743229.941
2026-08-23 06:15:00,4135001,INV01,3128.758,3034.896,0.816,653601.268
2026-08-23 06:15:00,4135001,INV02,3107.372,3014.15,0.835,884071.332
2026-08-23 06:15:00,4135001,INV03,3258.488,3160.733,0.871,796568.052
2026-08-23 06:15:00,4135001,INV04,3097.222,3004.306,0.83,743230.692
2026-08-23 06:30:00,4135001,INV01,2816.08,2731.598,1.499,653601.951
2026-08-23 06:30:00,4135001,INV02,2746.966,2664.557,1.501,884071.998
2026-08-23 06:30:00,4135001,INV03,2759.444,2676.661,1.54,796568.721
2026-08-23 06:30:00,4135001,INV04,2718.68,2637.119,1.49,743231.351
2026-08-23 06:45:00,4135001,INV01,7204.365,6988.234,3.246,653603.698
2026-08-23 06:45:00,4135001,INV02,6677.651,6477.321,3.121,884073.617
2026-08-23 06:45:00,4135001,INV03,6766.681,6563.681,3.181,796570.362
2026-08-23 06:45:00,4135001,INV04,6774.804,6571.56,3.133,743232.994
2026-08-23 07:00:00,4135001,INV01,3686.836,3576.231,4.14,653604.592
2026-08-23 07:00:00,4135001,INV02,3945.775,3827.402,4.078,884074.574
2026-08-23 07:00:00,4135001,INV03,3892.003,3775.243,4.125,796571.306
2026-08-23 07:00:00,4135001,INV04,3819.706,3705.115,4.059,743233.92
2026-08-23 07:15:00,4135001,INV01,3775.358,3662.097,5.055,653605.507
2026-08-23 07:15:00,4135001,INV02,3715.862,3604.386,4.979,884075.475
2026-08-23 07:15:00,4135001,INV03,3721.905,3610.247,5.028,796572.208
2026-08-23 07:15:00,4135001,INV04,3890.355,3773.644,5.002,743234.864
2026-08-23 07:30:00,4135001,INV01,6852.971,6647.382,6.717,653607.169
2026-08-23 07:30:00,4135001,INV02,7104.994,6891.845,6.702,884077.198
2026-08-23 07:30:00,4135001,INV03,7009.175,6798.9,6.727,796573.908
2026-08-23 07:30:00,4135001,INV04,7168.482,6953.427,6.741,743236.602
2026-08-23 07:45:00,4135001,INV01,7977.556,7738.23,8.652,653609.104
2026-08-23 07:45:00,4135001,INV02,7856.803,7621.099,8.607,884079.103
2026-08-23 07:45:00,4135001,INV03,7999.824,7759.829,8.667,796575.848
2026-08-23 07:45:00,4135001,INV04,7632.865,7403.879,8.592,743238.453
2026-08-23 08:00:00,4135001,INV01,7757.898,7525.161,10.533,653610.985
2026-08-23 08:00:00,4135001,INV02,7904.634,7667.495,10.524,884081.02
2026-08-23 08:00:00,4135001,INV03,7724.383,7492.652,10.54,796577.721
2026-08-23 08:00:00,4135001,INV04,7860.817,7624.993,10.498,743240.359
2026-08-23 08:15:00,4135001,INV01,6741.074,6538.842,12.168,653612.62
2026-08-23 08:15:00,4135001,INV02,6907.13,6699.916,12.199,884082.695
2026-08-23 08:15:00,4135001,INV03,6754.48,6551.845,12.178,796579.359
2026-08-23 08:15:00,4135001,INV04,6977.943,6768.605,12.19,743242.052
2026-08-23 08:30:00,4135001,INV01,7865.133,7629.179,14.075,653614.527
2026-08-23 08:30:00,4135001,INV02,7678.888,7448.522,14.061,884084.557
2026-08-23 08:30:00,4135001,INV03,7476.557,7252.26,13.991,796581.172
2026-08-23 08:30:00,4135001,INV04,7535.034,7308.983,14.017,743243.879
2026-08-23 08:45:00,4135001,INV01,14029.208,13608.331,17.477,653617.929
2026-08-23 08:45:00,4135001,INV02,13654.12,13244.497,17.372,884087.868
2026-08-23 08:45:00,4135001,INV03,13778.222,13364.875,17.333,796584.513
2026-08-23 08:45:00,4135001,INV04,13225.129,12828.375,17.224,743247.086
2026-08-23 09:00:00,4135001,INV01,14270.888,13842.761,20.938,653621.39
2026-08-23 09:00:00,4135001,INV02,13705.036,13293.885,20.696,884091.192
2026-08-23 09:00:00,4135001,INV03,14066.348,13644.358,20.744,796587.925
2026-08-23 09:00:00,4135001,INV04,13370.804,12969.68,20.467,743250.328
2026-08-23 09:15:00,4135001,INV01,17399.227,16877.25,25.157,653625.609
2026-08-23 09:15:00,4135001,INV02,18129.549,17585.662,25.092,884095.588
2026-08-23 09:15:00,4135001,INV03,16832.473,16327.499,24.826,796592.006
2026-08-23 09:15:00,4135001,INV04,16776.949,16273.64,24.535,743254.397
2026-08-23 09:30:00,4135001,INV01,14640.175,14200.969,28.707,653629.159
2026-08-23 09:30:00,4135001,INV02,14839.184,14394.009,28.69,884099.187
2026-08-23 09:30:00,4135001,INV03,13835.07,13420.018,28.181,796595.361
2026-08-23 09:30:00,4135001,INV04,14262.596,13834.718,27.994,743257.855
2026-08-23 09:45:00,4135001,INV01,18629.888,18070.991,33.225,653633.677
2026-08-23 09:45:00,4135001,INV02,18937.152,18369.038,33.283,884103.779
2026-08-23 09:45:00,4135001,INV03,19241.804,18664.55,32.847,796600.028
2026-08-23 09:45:00,4135001,INV04,19474.173,18889.948,32.716,743262.578
2026-08-23 10:00:00,4135001,INV01,19716.729,19125.227,38.006,653638.458
2026-08-23 10:00:00,4135001,INV02,20157.206,19552.489,38.171,884108.667
2026-08-23 10:00:00,4135001,INV03,19380.932,18799.504,37.547,796604.727
2026-08-23 10:00:00,4135001,INV04,19268.824,18690.759,37.389,743267.251
2026-08-23 10:15:00,4135001,INV01,20139.779,19535.586,42.89,653643.342
2026-08-23 10:15:00,4135001,INV02,19901.019,19303.988,42.997,884113.493
2026-08-23 10:15:00,4135001,INV03,20610.439,19992.126,42.545,796609.725
2026-08-23 10:15:00,4135001,INV04,20260.249,19652.442,42.302,743272.164
2026-08-23 10:30:00,4135001,INV01,21124.635,20490.896,48.013,653648.465
2026-08-23 10:30:00,4135001,INV02,21404.969,20762.82,48.188,884118.684
2026-08-23 10:30:00,4135001,INV03,20724.665,20102.925,47.57,796614.751
2026-08-23 10:30:00,4135001,INV04,20771.444,20148.301,47.339,743277.201
2026-08-23 10:45:00,4135001,INV01,22762.364,22079.493,53.533,653653.985
2026-08-23 10:45:00,4135001,INV02,23358.734,22657.972,53.852,884124.348
2026-08-23 10:45:00,4135001,INV03,22857.397,22171.675,53.113,796620.294
2026-08-23 10:45:00,4135001,INV04,23451.497,22747.952,53.026,743282.888
2026-08-23 11:00:00,4135001,INV01,9696.958,9406.05,55.884,653656.336
2026-08-23 11:00:00,4135001,INV02,23203.895,22507.779,59.479,884129.975
2026-08-23 11:00:00,4135001,INV03,23940.729,23222.507,58.919,796626.1
2026-08-23 11:00:00,4135001,INV04,24979.486,24230.101,59.084,743288.945
2026-08-23 11:15:00,4135001,INV01,23421.102,22718.469,61.564,653662.016
2026-08-23 11:15:00,4135001,INV02,23471.615,22767.466,65.171,884135.667
2026-08-23 11:15:00,4135001,INV03,23029.575,22338.687,64.504,796631.684
2026-08-23 11:15:00,4135001,INV04,23693.001,22982.211,64.829,743294.691
2026-08-23 11:30:00,4135001,INV01,26719.558,25917.971,68.043,653668.495
2026-08-23 11:30:00,4135001,INV02,25396.867,24634.961,71.33,884141.826
2026-08-23 11:30:00,4135001,INV03,25977.764,25198.431,70.803,796637.984
2026-08-23 11:30:00,4135001,INV04,27335.228,26515.171,71.458,743301.32
2026-08-23 11:45:00,4135001,INV01,24675.404,23935.142,74.027,653674.479
2026-08-23 11:45:00,4135001,INV02,24240.455,23513.242,77.208,884147.704
2026-08-23 11:45:00,4135001,INV03,24535.77,23799.697,76.753,796643.934
2026-08-23 11:45:00,4135001,INV04,24369.503,23638.418,77.368,743307.229
2026-08-23 12:00:00,4135001,INV01,25120.013,24366.413,80.119,653680.571
2026-08-23 12:00:00,4135001,INV02,25576.749,24809.446,83.41,884153.906
2026-08-23 12:00:00,4135001,INV03,24019.149,23298.574,82.578,796649.759
2026-08-23 12:00:00,4135001,INV04,25230.08,24473.178,83.486,743313.348
2026-08-23 12:15:00,4135001,INV01,28731.181,27869.246,87.086,653687.538
2026-08-23 12:15:00,4135001,INV02,29224.561,28347.824,90.497,884160.993
2026-08-23 12:15:00,4135001,INV03,27872.469,27036.295,89.337,796656.518
2026-08-23 12:15:00,4135001,INV04,28391.886,27540.129,90.371,743320.233
2026-08-23 12:30:00,4135001,INV01,23104.324,22411.194,92.689,653693.141
2026-08-23 12:30:00,4135001,INV02,24596.616,23858.718,96.462,884166.958
2026-08-23 12:30:00,4135001,INV03,24721.54,23979.894,95.332,796662.513
2026-08-23 12:30:00,4135001,INV04,23771.16,23058.025,96.136,743325.997
2026-08-23 12:45:00,4135001,INV01,4511.279,4375.94,93.783,653694.235
2026-08-23 12:45:00,4135001,INV02,24522.359,23786.688,102.409,884172.905
2026-08-23 12:45:00,4135001,INV03,24375.871,23644.595,101.243,796668.424
2026-08-23 12:45:00,4135001,INV04,24759.986,24017.187,102.14,743332.001
2026-08-23 13:00:00,4135001,INV01,25474.747,24710.505,99.961,653700.413
2026-08-23 13:00:00,4135001,INV02,26068.807,25286.743,108.73,884179.226
2026-08-23 13:00:00,4135001,INV03,26856.649,26050.949,107.756,796674.937
2026-08-23 13:00:00,4135001,INV04,24918.611,24171.052,108.183,743338.044
2026-08-23 13:15:00,4135001,INV01,23847.98,23132.541,105.744,653706.196
2026-08-23 13:15:00,4135001,INV02,25229.889,24472.992,114.849,884185.345
2026-08-23 13:15:00,4135001,INV03,23882.441,23165.968,113.547,796680.728
2026-08-23 13:15:00,4135001,INV04,25563.799,24796.885,114.382,743344.243
2026-08-23 13:30:00,4135001,INV01,22917.79,22230.256,111.301,653711.753
2026-08-23 13:30:00,4135001,INV02,22443.801,21770.487,120.291,884190.787
2026-08-23 13:30:00,4135001,INV03,22270.617,21602.499,118.948,796686.129
2026-08-23 13:30:00,4135001,INV04,21252.566,20614.989,119.536,743349.397
2026-08-23 13:45:00,4135001,INV01,3303.071,3203.979,112.102,653712.554
2026-08-23 13:45:00,4135001,INV02,21706.655,21055.455,125.555,884196.051
2026-08-23 13:45:00,4135001,INV03,21285.618,20647.049,124.11,796691.29
2026-08-23 13:45:00,4135001,INV04,20867.901,20241.864,124.596,743354.458
2026-08-23 14:00:00,4135001,INV01,21697.109,21046.195,117.364,653717.816
2026-08-23 14:00:00,4135001,INV02,21413.153,20770.759,130.748,884201.244
2026-08-23 14:00:00,4135001,INV03,21788.304,21134.655,129.393,796696.574
2026-08-23 14:00:00,4135001,INV04,21333.741,20693.729,129.769,743359.631
2026-08-23 14:15:00,4135001,INV01,21435.558,20792.491,122.562,653723.014
2026-08-23 14:15:00,4135001,INV02,21289.072,20650.4,135.91,884206.407
2026-08-23 14:15:00,4135001,INV03,20840.515,20215.299,134.447,796701.628
2026-08-23 14:15:00,4135001,INV04,20807.587,20183.359,134.815,743364.677
2026-08-23 14:30:00,4135001,INV01,19247.283,18669.865,127.229,653727.681
2026-08-23 14:30:00,4135001,INV02,18551.727,17995.175,140.409,884210.905
2026-08-23 14:30:00,4135001,INV03,19861.651,19265.802,139.264,796706.444
2026-08-23 14:30:00,4135001,INV04,19599.778,19011.785,139.568,743369.43
2026-08-23 14:45:00,4135001,INV01,16568.81,16071.745,131.247,653731.699
2026-08-23 14:45:00,4135001,INV02,17911.152,17373.818,144.753,884215.249
2026-08-23 14:45:00,4135001,INV03,17884.249,17347.721,143.6,796710.781
2026-08-23 14:45:00,4135001,INV04,16826.939,16322.13,143.649,743373.51
2026-08-23 15:00:00,4135001,INV01,17261.383,16743.542,135.433,653735.885
2026-08-23 15:00:00,4135001,INV02,17258.554,16740.797,148.938,884219.434
2026-08-23 15:00:00,4135001,INV03,16840.738,16335.516,147.684,796714.865
2026-08-23 15:00:00,4135001,INV04,17241.248,16724.01,147.83,743377.691
2026-08-23 15:15:00,4135001,INV01,13807.668,13393.438,138.782,653739.234
2026-08-23 15:15:00,4135001,INV02,13844.02,13428.7,152.295,884222.791
2026-08-23 15:15:00,4135001,INV03,14106.87,13683.663,151.105,796718.286
2026-08-23 15:15:00,4135001,INV04,13163.438,12768.535,151.022,743380.884
2026-08-23 15:30:00,4135001,INV01,14624.815,14186.071,142.328,653742.78
2026-08-23 15:30:00,4135001,INV02,14533.125,14097.132,155.819,884226.315
2026-08-23 15:30:00,4135001,INV03,14424.545,13991.809,154.603,796721.784
2026-08-23 15:30:00,4135001,INV04,14200.081,13774.079,154.465,743384.327
2026-08-23 15:45:00,4135001,INV01,13116.224,12722.738,145.509,653745.961
2026-08-23 15:45:00,4135001,INV02,13160.877,12766.051,159.011,884229.507
2026-08-23 15:45:00,4135001,INV03,12855.811,12470.137,157.721,796724.902
2026-08-23 15:45:00,4135001,INV04,13517.076,13111.563,157.743,743387.605
2026-08-23 16:00:00,4135001,INV01,10991.034,10661.303,148.174,653748.626
2026-08-23 16:00:00,4135001,INV02,10999.409,10669.427,161.678,884232.174
2026-08-23 16:00:00,4135001,INV03,10590.039,10272.338,160.289,796727.47
2026-08-23 16:00:00,4135001,INV04,10925.501,10597.736,160.393,743390.254
2026-08-23 16:15:00,4135001,INV01,8378.858,8127.492,150.206,653750.658
2026-08-23 16:15:00,4135001,INV02,8873.342,8607.142,163.83,884234.326
2026-08-23 16:15:00,4135001,INV03,8817.994,8553.454,162.427,796729.608
2026-08-23 16:15:00,4135001,INV04,8543.792,8287.479,162.465,743392.326
2026-08-23 16:30:00,4135001,INV01,6142.982,5958.692,151.696,653752.148
2026-08-23 16:30:00,4135001,INV02,6575.035,6377.784,165.424,884235.921
2026-08-23 16:30:00,4135001,INV03,6464.827,6270.883,163.995,796731.176
2026-08-23 16:30:00,4135001,INV04,6101.967,5918.908,163.944,743393.806
2026-08-23 16:45:00,4135001,INV01,6781.704,6578.253,153.34,653753.792
2026-08-23 16:45:00,4135001,INV02,6759.456,6556.673,167.063,884237.56
2026-08-23 16:45:00,4135001,INV03,6738.964,6536.795,165.629,796732.81
2026-08-23 16:45:00,4135001,INV04,6914.55,6707.114,165.621,743395.483
2026-08-23 17:00:00,4135001,INV01,4058.227,3936.48,154.324,653754.776
2026-08-23 17:00:00,4135001,INV02,3842.42,3727.147,167.995,884238.491
2026-08-23 17:00:00,4135001,INV03,3815.03,3700.579,166.554,796733.735
2026-08-23 17:00:00,4135001,INV04,3878.976,3762.606,166.562,743396.423
2026-08-23 17:15:00,4135001,INV01,4595.737,4457.865,155.439,653755.891
2026-08-23 17:15:00,4135001,INV02,4396.445,4264.551,169.061,884239.558
2026-08-23 17:15:00,4135001,INV03,4455.178,4321.523,167.635,796734.815
2026-08-23 17:15:00,4135001,INV04,1569.823,1522.728,166.942,743396.804
2026-08-23 17:30:00,4135001,INV01,3845.899,3730.522,156.371,653756.823
2026-08-23 17:30:00,4135001,INV02,3805.541,3691.375,169.984,884240.48
2026-08-23 17:30:00,4135001,INV03,3690.611,3579.892,168.53,796735.71
2026-08-23 17:30:00,4135001,INV04,3661.198,3551.362,167.83,743397.692
2026-08-23 17:45:00,4135001,INV01,2011.944,1951.586,156.859,653757.311
2026-08-23 17:45:00,4135001,INV02,1947.922,1889.484,170.457,884240.953
2026-08-23 17:45:00,4135001,INV03,1909.085,1851.812,168.993,796736.173
2026-08-23 17:45:00,4135001,INV04,1921.075,1863.443,168.296,743398.158
2026-08-23 18:00:00,4135001,INV01,910.563,883.247,157.08,653757.532
2026-08-23 18:00:00,4135001,INV02,863.796,837.882,170.666,884241.162
2026-08-23 18:00:00,4135001,INV03,846.083,820.7,169.198,796736.379
2026-08-23 18:00:00,4135001,INV04,828.283,803.434,168.497,743398.359
2026-08-23 18:15:00,4135001,INV01,3739.203,3627.027,157.987,653758.439
2026-08-23 18:15:00,4135001,INV02,3803.341,3689.241,171.588,884242.085
2026-08-23 18:15:00,4135001,INV03,3713.225,3601.828,170.098,796737.279
2026-08-23 18:15:00,4135001,INV04,3726.202,3614.416,169.401,743399.262
2026-08-23 18:30:00,4135001,INV01,4065.083,3943.131,158.973,653759.425
2026-08-23 18:30:00,4135001,INV02,4050.969,3929.44,172.571,884243.067
2026-08-23 18:30:00,4135001,INV03,3973.681,3854.471,171.062,796738.243
2026-08-23 18:30:00,4135001,INV04,4145.454,4021.091,170.406,743400.267
2026-08-23 18:45:00,4135001,INV01,17.022,16.512,158.977,653759.429
2026-08-23 18:45:00,4135001,INV02,0.0,0.0,172.571,884243.067
2026-08-23 18:45:00,4135001,INV03,0.0,0.0,171.062,796738.243
2026-08-23 18:45:00,4135001,INV04,0.0,0.0,170.406,743400.267
2026-08-23 19:00:00,4135001,INV01,0.11,0.106,158.977,653759.429
2026-08-23 19:00:00,4135001,INV02,0.0,0.0,172.571,884243.067
2026-08-23 19:00:00,4135001,INV03,1.257,1.219,171.062,796738.243
2026-08-23 19:00:00,4135001,INV04,0.0,0.0,170.406,743400.267
2026-08-23 19:15:00,4135001,INV01,6.414,6.221,158.978,653759.43
2026-08-23 19:15:00,4135001,INV02,6.783,6.579,172.572,884243.069
2026-08-23 19:15:00,4135001,INV03,0.0,0.0,171.062,796738.243
2026-08-23 19:15:00,4135001,INV04,0.0,0.0,170.406,743400.267
2026-08-23 19:30:00,4135001,INV01,0.0,0.0,158.978,653759.43
2026-08-23 19:30:00,4135001,INV02,0.0,0.0,172.572,884243.069
2026-08-23 19:30:00,4135001,INV03,25.42,24.657,171.068,796738.249
2026-08-23 19:30:00,4135001,INV04,3.198,3.102,170.407,743400.268
2026-08-23 19:45:00,4135001,INV01,0.0,0.0,158.978,653759.43
2026-08-23 19:45:00,4135001,INV02,3.428,3.326,172.573,884243.069
2026-08-23 19:45:00,4135001,INV03,0.0,0.0,171.068,796738.249
2026-08-23 19:45:00,4135001,INV04,0.0,0.0,170.407,743400.268
2026-08-23 20:00:00,4135001,INV01,12.541,12.165,158.981,653759.433
2026-08-23 20:00:00,4135001,INV02,0.0,0.0,172.573,884243.069
2026-08-23 20:00:00,4135001,INV03,0.0,0.0,171.068,796738.249
2026-08-23 20:00:00,4135001,INV04,13.518,13.112,170.41,743400.272
2026-08-23 20:15:00,4135001,INV01,0.0,0.0,158.981,653759.433
2026-08-23 20:15:00,4135001,INV02,9.548,9.261,172.576,884243.072
2026-08-23 20:15:00,4135001,INV03,2.236,2.169,171.069,796738.25
2026-08-23 20:15:00,4135001,INV04,0.0,0.0,170.41,743400.272
2026-08-23 20:30:00,4135001,INV01,26.905,26.098,158.988,653759.44
2026-08-23 20:30:00,4135001,INV02,10.923,10.595,172.578,884243.074
2026-08-23 20:30:00,4135001,INV03,14.094,13.672,171.072,796738.253
2026-08-23 20:30:00,4135001,INV04,19.895,19.298,170.415,743400.276
2026-08-23 20:45:00,4135001,INV01,14.844,14.399,158.992,653759.444
2026-08-23 20:45:00,4135001,INV02,0.0,0.0,172.578,884243.074
2026-08-23 20:45:00,4135001,INV03,0.0,0.0,171.072,796738.253
2026-08-23 20:45:00,4135001,INV04,0.0,0.0,170.415,743400.276
2026-08-23 21:00:00,4135001,INV01,28.468,27.614,158.998,653759.45
2026-08-23 21:00:00,4135001,INV02,3.582,3.475,172.579,884243.075
2026-08-23 21:00:00,4135001,INV03,14.467,14.033,171.076,796738.257
2026-08-23 21:00:00,4135001,INV04,16.091,15.608,170.419,743400.28
2026-08-23 21:15:00,4135001,INV01,0.0,0.0,158.998,653759.45
2026-08-23 21:15:00,4135001,INV02,0.0,0.0,172.579,884243.075
2026-08-23 21:15:00,4135001,INV03,4.394,4.263,171.077,796738.258
2026-08-23 21:15:00,4135001,INV04,2.335,2.265,170.419,743400.281
2026-08-23 21:30:00,4135001,INV01,0.0,0.0,158.998,653759.45
2026-08-23 21:30:00,4135001,INV02,14.325,13.895,172.583,884243.079
2026-08-23 21:30:00,4135001,INV03,8.32,8.071,171.079,796738.26
2026-08-23 21:30:00,4135001,INV04,0.0,0.0,170.419,743400.281
2026-08-23 21:45:00,4135001,INV01,0.0,0.0,158.998,653759.45
2026-08-23 21:45:00,4135001,INV02,11.801,11.447,172.585,884243.082
2026-08-23 21:45:00,4135001,INV03,25.093,24.34,171.085,796738.266
2026-08-23 21:45:00,4135001,INV04,7.583,7.355,170.421,743400.283
2026-08-23 22:00:00,4135001,INV01,0.0,0.0,158.998,653759.45
2026-08-23 22:00:00,4135001,INV02,0.0,0.0,172.585,884243.082
2026-08-23 22:00:00,4135001,INV03,0.0,0.0,171.085,796738.266
2026-08-23 22:00:00,4135001,INV04,9.954,9.655,170.423,743400.285
2026-08-23 22:15:00,4135001,INV01,9.078,8.806,159.001,653759.453
2026-08-23 22:15:00,4135001,INV02,0.0,0.0,172.585,884243.082
2026-08-23 22:15:00,4135001,INV03,10.293,9.984,171.087,796738.268
2026-08-23 22:15:00,4135001,INV04,10.603,10.285,170.426,743400.288
2026-08-23 22:30:00,4135001,INV01,0.0,0.0,159.001,653759.453
2026-08-23 22:30:00,4135001,INV02,24.732,23.99,172.591,884243.088
2026-08-23 22:30:00,4135001,INV03,0.0,0.0,171.087,796738.268
2026-08-23 22:30:00,4135001,INV04,0.23,0.223,170.426,743400.288
2026-08-23 22:45:00,4135001,INV01,8.419,8.166,159.003,653759.455
2026-08-23 22:45:00,4135001,INV02,4.836,4.691,172.593,884243.089
2026-08-23 22:45:00,4135001,INV03,1.139,1.105,171.088,796738.269
2026-08-23 22:45:00,4135001,INV04,0.0,0.0,170.426,743400.288
2026-08-23 23:00:00,4135001,INV01,0.0,0.0,159.003,653759.455
2026-08-23 23:00:00,4135001,INV02,0.0,0.0,172.593,884243.089
2026-08-23 23:00:00,4135001,INV03,0.0,0.0,171.088,796738.269
2026-08-23 23:00:00,4135001,INV04,15.987,15.507,170.43,743400.292
2026-08-23 23:15:00,4135001,INV01,0.0,0.0,159.003,653759.455
2026-08-23 23:15:00,4135001,INV02,7.893,7.656,172.594,884243.091
2026-08-23 23:15:00,4135001,INV03,11.113,10.78,171.09,796738.271
2026-08-23 23:15:00,4135001,INV04,5.357,5.197,170.431,743400.293
2026-08-23 23:30:00,4135001,INV01,0.0,0.0,159.003,653759.455
2026-08-23 23:30:00,4135001,INV02,7.243,7.025,172.596,884243.092
2026-08-23 23:30:00,4135001,INV03,5.591,5.423,171.092,796738.273
2026-08-23 23:30:00,4135001,INV04,0.0,0.0,170.431,743400.293
2026-08-23 23:45:00,4135001,INV01,0.0,0.0,159.003,653759.455
2026-08-23 23:45:00,4135001,INV02,0.0,0.0,172.596,884243.092
2026-08-23 23:45:00,4135001,INV03,2.546,2.47,171.092,796738.273
2026-08-23 23:45:00,4135001,INV04,1.969,1.91,170.432,743400.293
2026-08-24 00:00:00,4135001,INV01,2.542,2.466,0.001,653759.455
2026-08-24 00:00:00,4135001,INV02,0.0,0.0,0.0,884243.092
2026-08-24 00:00:00,4135001,INV03,7.981,7.741,0.002,796738.275
2026-08-24 00:00:00,4135001,INV04,0.0,0.0,0.0,743400.293
2026-08-24 00:15:00,4135001,INV01,11.613,11.265,0.003,653759.458
2026-08-24 00:15:00,4135001,INV02,2.006,1.946,0.0,884243.093
2026-08-24 00:15:00,4135001,INV03,18.569,18.012,0.006,796738.28
2026-08-24 00:15:00,4135001,INV04,30.813,29.889,0.007,743400.301
2026-08-24 00:30:00,4135001,INV01,0.0,0.0,0.003,653759.458
2026-08-24 00:30:00,4135001,INV02,0.0,0.0,0.0,884243.093
2026-08-24 00:30:00,4135001,INV03,0.0,0.0,0.006,796738.28
2026-08-24 00:30:00,4135001,INV04,1.31,1.271,0.008,743400.301
2026-08-24 00:45:00,4135001,INV01,0.0,0.0,0.003,653759.458
2026-08-24 00:45:00,4135001,INV02,11.399,11.057,0.003,884243.096
2026-08-24 00:45:00,4135001,INV03,0.0,0.0,0.006,796738.28
2026-08-24 00:45:00,4135001,INV04,0.42,0.408,0.008,743400.301
2026-08-24 01:00:00,4135001,INV01,0.0,0.0,0.003,653759.458
2026-08-24 01:00:00,4135001,INV02,24.556,23.819,0.009,884243.102
2026-08-24 01:00:00,4135001,INV03,0.0,0.0,0.006,796738.28
2026-08-24 01:00:00,4135001,INV04,26.458,25.664,0.014,743400.308
2026-08-24 01:15:00,4135001,INV01,24.407,23.675,0.009,653759.464
2026-08-24 01:15:00,4135001,INV02,0.0,0.0,0.009,884243.102
2026-08-24 01:15:00,4135001,INV03,3.731,3.619,0.007,796738.281
2026-08-24 01:15:00,4135001,INV04,0.0,0.0,0.014,743400.308
2026-08-24 01:30:00,4135001,INV01,2.886,2.8,0.01,653759.465
2026-08-24 01:30:00,4135001,INV02,0.0,0.0,0.009,884243.102
2026-08-24 01:30:00,4135001,INV03,0.0,0.0,0.007,796738.281
2026-08-24 01:30:00,4135001,INV04,0.0,0.0,0.014,743400.308
2026-08-24 01:45:00,4135001,INV01,0.0,0.0,0.01,653759.465
2026-08-24 01:45:00,4135001,INV02,0.0,0.0,0.009,884243.102
2026-08-24 01:45:00,4135001,INV03,0.0,0.0,0.007,796738.281
2026-08-24 01:45:00,4135001,INV04,0.0,0.0,0.014,743400.308
2026-08-24 02:00:00,4135001,INV01,45.207,43.851,0.021,653759.476
2026-08-24 02:00:00,4135001,INV02,12.085,11.722,0.012,884243.105
2026-08-24 02:00:00,4135001,INV03,0.0,0.0,0.007,796738.281
2026-08-24 02:00:00,4135001,INV04,15.773,15.3,0.018,743400.312
2026-08-24 02:15:00,4135001,INV01,0.0,0.0,0.021,653759.476
2026-08-24 02:15:00,4135001,INV02,0.0,0.0,0.012,884243.105
2026-08-24 02:15:00,4135001,INV03,8.11,7.867,0.009,796738.282
2026-08-24 02:15:00,4135001,INV04,0.92,0.893,0.018,743400.312
2026-08-24 02:30:00,4135001,INV01,0.0,0.0,0.021,653759.476
2026-08-24 02:30:00,4135001,INV02,17.92,17.382,0.016,884243.109
2026-08-24 02:30:00,4135001,INV03,0.0,0.0,0.009,796738.282
2026-08-24 02:30:00,4135001,INV04,0.0,0.0,0.018,743400.312
2026-08-24 02:45:00,4135001,INV01,0.0,0.0,0.021,653759.476
2026-08-24 02:45:00,4135001,INV02,0.0,0.0,0.016,884243.109
2026-08-24 02:45:00,4135001,INV03,0.0,0.0,0.009,796738.282
2026-08-24 02:45:00,4135001,INV04,3.562,3.455,0.019,743400.313
2026-08-24 03:00:00,4135001,INV01,0.0,0.0,0.021,653759.476
2026-08-24 03:00:00,4135001,INV02,12.421,12.048,0.019,884243.112
2026-08-24 03:00:00,4135001,INV03,0.0,0.0,0.009,796738.282
2026-08-24 03:00:00,4135001,INV04,0.0,0.0,0.019,743400.313
2026-08-24 03:15:00,4135001,INV01,3.558,3.451,0.022,653759.477
2026-08-24 03:15:00,4135001,INV02,8.166,7.921,0.021,884243.114
2026-08-24 03:15:00,4135001,INV03,6.559,6.362,0.011,796738.284
2026-08-24 03:15:00,4135001,INV04,4.837,4.692,0.02,743400.314
2026-08-24 03:30:00,4135001,INV01,0.0,0.0,0.022,653759.477
2026-08-24 03:30:00,4135001,INV02,0.0,0.0,0.021,884243.114
2026-08-24 03:30:00,4135001,INV03,0.0,0.0,0.011,796738.284
2026-08-24 03:30:00,4135001,INV04,2.033,1.972,0.021,743400.314
2026-08-24 03:45:00,4135001,INV01,0.0,0.0,0.022,653759.477
2026-08-24 03:45:00,4135001,INV02,0.0,0.0,0.021,884243.114
2026-08-24 03:45:00,4135001,INV03,1.517,1.471,0.011,796738.284
2026-08-24 03:45:00,4135001,INV04,0.0,0.0,0.021,743400.314
2026-08-24 04:00:00,4135001,INV01,3.646,3.537,0.023,653759.478
2026-08-24 04:00:00,4135001,INV02,19.681,19.091,0.026,884243.119
2026-08-24 04:00:00,4135001,INV03,0.0,0.0,0.011,796738.284
2026-08-24 04:00:00,4135001,INV04,0.0,0.0,0.021,743400.314
2026-08-24 04:15:00,4135001,INV01,0.0,0.0,0.023,653759.478
2026-08-24 04:15:00,4135001,INV02,10.895,10.568,0.029,884243.121
2026-08-24 04:15:00,4135001,INV03,0.0,0.0,0.011,796738.284
2026-08-24 04:15:00,4135001,INV04,17.571,17.044,0.025,743400.319
2026-08-24 04:30:00,4135001,INV01,9.382,9.1,0.025,653759.48
2026-08-24 04:30:00,4135001,INV02,9.076,8.803,0.031,884243.124
2026-08-24 04:30:00,4135001,INV03,6.456,6.262,0.013,796738.286
2026-08-24 04:30:00,4135001,INV04,0.0,0.0,0.025,743400.319
2026-08-24 04:45:00,4135001,INV01,0.0,0.0,0.025,653759.48
2026-08-24 04:45:00,4135001,INV02,0.0,0.0,0.031,884243.124
2026-08-24 04:45:00,4135001,INV03,2.743,2.66,0.013,796738.287
2026-08-24 04:45:00,4135001,INV04,10.144,9.839,0.028,743400.321
2026-08-24 05:00:00,4135001,INV01,0.0,0.0,0.025,653759.48
2026-08-24 05:00:00,4135001,INV02,8.638,8.378,0.033,884243.126
2026-08-24 05:00:00,4135001,INV03,0.0,0.0,0.013,796738.287
2026-08-24 05:00:00,4135001,INV04,0.0,0.0,0.028,743400.321
2026-08-24 05:15:00,4135001,INV01,11.556,11.21,0.028,653759.483
2026-08-24 05:15:00,4135001,INV02,0.0,0.0,0.033,884243.126
2026-08-24 05:15:00,4135001,INV03,0.0,0.0,0.013,796738.287
2026-08-24 05:15:00,4135001,INV04,2.543,2.467,0.028,743400.322
2026-08-24 05:30:00,4135001,INV01,17.423,16.9,0.032,653759.487
2026-08-24 05:30:00,4135001,INV02,0.0,0.0,0.033,884243.126
2026-08-24 05:30:00,4135001,INV03,0.0,0.0,0.013,796738.287
2026-08-24 05:30:00,4135001,INV04,0.0,0.0,0.028,743400.322
2026-08-24 05:45:00,4135001,INV01,0.0,0.0,0.032,653759.487
2026-08-24 05:45:00,4135001,INV02,0.0,0.0,0.033,884243.126
2026-08-24 05:45:00,4135001,INV03,0.0,0.0,0.013,796738.287
2026-08-24 05:45:00,4135001,INV04,0.0,0.0,0.028,743400.322
2026-08-24 06:00:00,4135001,INV01,1042.013,1010.752,0.285,653759.739
2026-08-24 06:00:00,4135001,INV02,971.208,942.072,0.269,884243.361
2026-08-24 06:00:00,4135001,INV03,998.887,968.921,0.256,796738.529
2026-08-24 06:00:00,4135001,INV04,998.682,968.722,0.27,743400.564
2026-08-24 06:15:00,4135001,INV01,5548.582,5382.125,1.63,653761.085
2026-08-24 06:15:00,4135001,INV02,5371.63,5210.481,1.571,884244.664
2026-08-24 06:15:00,4135001,INV03,5211.776,5055.423,1.52,796739.793
2026-08-24 06:15:00,4135001,INV04,5199.299,5043.32,1.531,743401.825
2026-08-24 06:30:00,4135001,INV01,3484.951,3380.402,2.475,653761.93
2026-08-24 06:30:00,4135001,INV02,3500.967,3395.938,2.42,884245.513
2026-08-24 06:30:00,4135001,INV03,3651.566,3542.019,2.405,796740.678
2026-08-24 06:30:00,4135001,INV04,3511.642,3406.293,2.383,743402.676
2026-08-24 06:45:00,4135001,INV01,6534.386,6338.355,4.06,653763.515
2026-08-24 06:45:00,4135001,INV02,6604.863,6406.717,4.022,884247.114
2026-08-24 06:45:00,4135001,INV03,6911.781,6704.427,4.081,796742.354
2026-08-24 06:45:00,4135001,INV04,6787.947,6584.308,4.029,743404.322
2026-08-24 07:00:00,4135001,INV01,2250.652,2183.132,4.606,653764.06
2026-08-24 07:00:00,4135001,INV02,2408.893,2336.627,4.606,884247.699
2026-08-24 07:00:00,4135001,INV03,2306.014,2236.834,4.64,796742.914
2026-08-24 07:00:00,4135001,INV04,2236.227,2169.14,4.571,743404.865
2026-08-24 07:15:00,4135001,INV01,6931.335,6723.395,6.287,653765.741
2026-08-24 07:15:00,4135001,INV02,6692.734,6491.952,6.229,884249.322
2026-08-24 07:15:00,4135001,INV03,7075.034,6862.783,6.356,796744.629
2026-08-24 07:15:00,4135001,INV04,6915.164,6707.709,6.248,743406.541
2026-08-24 07:30:00,4135001,INV01,3779.905,3666.508,7.203,653766.658
2026-08-24 07:30:00,4135001,INV02,3841.511,3726.266,7.161,884250.253
2026-08-24 07:30:00,4135001,INV03,3896.41,3779.518,7.301,796745.574
2026-08-24 07:30:00,4135001,INV04,3805.489,3691.325,7.171,743407.464
2026-08-24 07:45:00,4135001,INV01,6256.452,6068.759,8.72,653768.175
2026-08-24 07:45:00,4135001,INV02,6063.138,5881.244,8.631,884251.723
2026-08-24 07:45:00,4135001,INV03,6055.993,5874.314,8.77,796747.043
2026-08-24 07:45:00,4135001,INV04,6063.362,5881.461,8.641,743408.935
2026-08-24 08:00:00,4135001,INV01,9317.744,9038.211,10.98,653770.435
2026-08-24 08:00:00,4135001,INV02,9072.123,8799.959,10.831,884253.923
2026-08-24 08:00:00,4135001,INV03,8887.624,8620.995,10.925,796749.198
2026-08-24 08:00:00,4135001,INV04,9142.888,8868.602,10.858,743411.152
2026-08-24 08:15:00,4135001,INV01,7061.638,6849.789,12.692,653772.147
2026-08-24 08:15:00,4135001,INV02,6879.513,6673.128,12.499,884255.592
2026-08-24 08:15:00,4135001,INV03,6990.959,6781.23,12.62,796750.893
2026-08-24 08:15:00,4135001,INV04,6823.605,6618.897,12.513,743412.807
2026-08-24 08:30:00,4135001,INV01,9458.855,9175.089,14.986,653774.441
2026-08-24 08:30:00,4135001,INV02,9502.251,9217.183,14.804,884257.896
2026-08-24 08:30:00,4135001,INV03,9398.352,9116.401,14.899,796753.172
2026-08-24 08:30:00,4135001,INV04,9732.456,9440.482,14.873,743415.167
2026-08-24 08:45:00,4135001,INV01,11809.492,11455.207,17.85,653777.305
2026-08-24 08:45:00,4135001,INV02,11436.397,11093.305,17.577,884260.669
2026-08-24 08:45:00,4135001,INV03,12054.425,11692.792,17.822,796756.096
2026-08-24 08:45:00,4135001,INV04,11352.816,11012.232,17.626,743417.92
2026-08-24 09:00:00,4135001,INV01,14532.164,14096.199,21.374,653780.829
2026-08-24 09:00:00,4135001,INV02,13934.172,13516.147,20.956,884264.048
2026-08-24 09:00:00,4135001,INV03,14752.185,14309.619,21.4,796759.673
2026-08-24 09:00:00,4135001,INV04,13955.612,13536.944,21.011,743421.304
2026-08-24 09:15:00,4135001,INV01,14960.605,14511.787,25.002,653784.457
2026-08-24 09:15:00,4135001,INV02,16126.233,15642.446,24.867,884267.959
2026-08-24 09:15:00,4135001,INV03,15918.087,15440.544,25.26,796763.533
2026-08-24 09:15:00,4135001,INV04,15144.01,14689.69,24.683,743424.976
2026-08-24 09:30:00,4135001,INV01,13887.129,13470.515,28.37,653787.824
2026-08-24 09:30:00,4135001,INV02,14611.633,14173.284,28.41,884271.502
2026-08-24 09:30:00,4135001,INV03,14680.124,14239.72,28.82,796767.093
2026-08-24 09:30:00,4135001,INV04,14085.808,13663.233,28.099,743428.392
2026-08-24 09:45:00,4135001,INV01,16909.181,16401.905,32.47,653791.925
2026-08-24 09:45:00,4135001,INV02,15841.258,15366.021,32.251,884275.344
2026-08-24 09:45:00,4135001,INV03,16636.288,16137.199,32.854,796771.127
2026-08-24 09:45:00,4135001,INV04,16335.081,15845.029,32.06,743432.353
2026-08-24 10:00:00,4135001,INV01,21347.894,20707.457,37.647,653797.102
2026-08-24 10:00:00,4135001,INV02,20139.024,19534.853,37.135,884280.228
2026-08-24 10:00:00,4135001,INV03,20665.466,20045.502,37.866,796776.139
2026-08-24 10:00:00,4135001,INV04,20245.421,19638.058,36.97,743437.263
2026-08-24 10:15:00,4135001,INV01,21849.748,21194.256,42.946,653802.4
2026-08-24 10:15:00,4135001,INV02,21216.804,20580.3,42.28,884285.373
2026-08-24 10:15:00,4135001,INV03,21842.194,21186.929,43.162,796781.435
2026-08-24 10:15:00,4135001,INV04,21751.466,21098.922,42.244,743442.538
2026-08-24 10:30:00,4135001,INV01,21853.097,21197.505,48.245,653807.7
2026-08-24 10:30:00,4135001,INV02,21060.359,20428.548,47.387,884290.48
2026-08-24 10:30:00,4135001,INV03,21520.362,20874.751,48.381,796786.654
2026-08-24 10:30:00,4135001,INV04,21878.932,21222.564,47.55,743447.843
2026-08-24 10:45:00,4135001,INV01,21097.576,20464.649,53.361,653812.816
2026-08-24 10:45:00,4135001,INV02,22085.168,21422.613,52.743,884295.835
2026-08-24 10:45:00,4135001,INV03,21198.612,20562.654,53.522,796791.795
2026-08-24 10:45:00,4135001,INV04,21904.574,21247.437,52.862,743453.155
2026-08-24 11:00:00,4135001,INV01,22528.787,21852.923,58.824,653818.279
2026-08-24 11:00:00,4135001,INV02,23402.799,22700.715,58.418,884301.511
2026-08-24 11:00:00,4135001,INV03,22506.374,21831.183,58.979,796797.253
2026-08-24 11:00:00,4135001,INV04,23481.067,22776.635,58.556,743458.849
2026-08-24 11:15:00,4135001,INV01,22531.133,21855.199,64.288,653823.743
2026-08-24 11:15:00,4135001,INV02,23577.295,22869.976,64.136,884307.228
2026-08-24 11:15:00,4135001,INV03,22663.774,21983.861,64.475,796802.749
2026-08-24 11:15:00,4135001,INV04,23778.806,23065.442,64.322,743464.616
2026-08-24 11:30:00,4135001,INV01,27153.189,26338.594,70.873,653830.327
2026-08-24 11:30:00,4135001,INV02,26695.407,25894.545,70.609,884313.702
2026-08-24 11:30:00,4135001,INV03,27573.975,26746.755,71.162,796809.435
2026-08-24 11:30:00,4135001,INV04,27542.749,26716.467,71.001,743471.295
2026-08-24 11:45:00,4135001,INV01,24243.395,23516.093,76.752,653836.207
2026-08-24 11:45:00,4135001,INV02,25712.265,24940.897,76.844,884319.937
2026-08-24 11:45:00,4135001,INV03,25468.866,24704.8,77.338,796815.611
2026-08-24 11:45:00,4135001,INV04,24472.544,23738.368,76.936,743477.229
2026-08-24 12:00:00,4135001,INV01,24517.165,23781.65,82.697,653842.152
2026-08-24 12:00:00,4135001,INV02,24602.625,23864.547,82.811,884325.903
2026-08-24 12:00:00,4135001,INV03,26132.827,25348.842,83.676,796821.949
2026-08-24 12:00:00,4135001,INV04,26249.402,25461.92,83.302,743483.595
2026-08-24 12:15:00,4135001,INV01,24365.48,23634.516,88.606,653848.061
2026-08-24 12:15:00,4135001,INV02,23336.016,22635.936,88.47,884331.562
2026-08-24 12:15:00,4135001,INV03,24001.81,23281.756,89.496,796827.769
2026-08-24 12:15:00,4135001,INV04,22969.228,22280.151,88.872,743489.165
2026-08-24 12:30:00,4135001,INV01,24834.629,24089.59,94.628,653854.083
2026-08-24 12:30:00,4135001,INV02,25625.88,24857.104,94.684,884337.776
2026-08-24 12:30:00,4135001,INV03,25386.176,24624.591,95.652,796833.925
2026-08-24 12:30:00,4135001,INV04,25502.739,24737.657,95.056,743495.349
2026-08-24 12:45:00,4135001,INV01,27682.832,26852.347,101.341,653860.796
2026-08-24 12:45:00,4135001,INV02,27518.026,26692.485,101.357,884344.449
2026-08-24 12:45:00,4135001,INV03,26961.869,26153.013,102.19,796840.464
2026-08-24 12:45:00,4135001,INV04,26876.505,26070.209,101.574,743501.867
2026-08-24 13:00:00,4135001,INV01,27782.647,26949.168,108.079,653867.533
2026-08-24 13:00:00,4135001,INV02,27163.095,26348.202,107.944,884351.037
2026-08-24 13:00:00,4135001,INV03,26046.401,25265.009,108.507,796846.78
2026-08-24 13:00:00,4135001,INV04,27762.162,26929.297,108.306,743508.599
2026-08-24 13:15:00,4135001,INV01,23256.518,22558.823,113.718,653873.173
2026-08-24 13:15:00,4135001,INV02,24545.13,23808.776,113.896,884356.989
2026-08-24 13:15:00,4135001,INV03,22989.551,22299.864,114.082,796852.355
2026-08-24 13:15:00,4135001,INV04,23813.233,23098.836,114.081,743514.374
2026-08-24 13:30:00,4135001,INV01,23641.831,22932.577,119.451,653878.906
2026-08-24 13:30:00,4135001,INV02,23478.11,22773.767,119.59,884362.682
2026-08-24 13:30:00,4135001,INV03,22228.219,21561.372,119.472,796857.745
2026-08-24 13:30:00,4135001,INV04,22042.798,21381.514,119.426,743519.719
2026-08-24 13:45:00,4135001,INV01,20942.435,20314.162,124.53,653883.985
2026-08-24 13:45:00,4135001,INV02,20489.45,19874.766,124.558,884367.651
2026-08-24 13:45:00,4135001,INV03,7365.534,7144.568,121.258,796859.531
2026-08-24 13:45:00,4135001,INV04,19593.609,19005.801,124.177,743524.471
2026-08-24 14:00:00,4135001,INV01,22384.893,21713.346,129.958,653889.413
2026-08-24 14:00:00,4135001,INV02,23492.983,22788.194,130.255,884373.348
2026-08-24 14:00:00,4135001,INV03,23102.089,22409.027,126.86,796865.133
2026-08-24 14:00:00,4135001,INV04,23216.844,22520.339,129.807,743530.101
2026-08-24 14:15:00,4135001,INV01,20093.281,19490.483,134.831,653894.286
2026-08-24 14:15:00,4135001,INV02,9934.888,9636.842,132.665,884375.757
2026-08-24 14:15:00,4135001,INV03,20035.976,19434.897,131.719,796869.992
2026-08-24 14:15:00,4135001,INV04,20560.182,19943.377,134.793,743535.087
2026-08-24 14:30:00,4135001,INV01,20019.509,19418.924,139.686,653899.14
2026-08-24 14:30:00,4135001,INV02,19719.836,19128.241,137.447,884380.539
2026-08-24 14:30:00,4135001,INV03,19798.988,19205.018,136.52,796874.793
2026-08-24 14:30:00,4135001,INV04,18960.885,18392.059,139.391,743539.685
2026-08-24 14:45:00,4135001,INV01,17463.072,16939.18,143.92,653903.375
2026-08-24 14:45:00,4135001,INV02,17745.76,17213.387,141.75,884384.843
2026-08-24 14:45:00,4135001,INV03,16802.491,16298.416,140.595,796878.868
2026-08-24 14:45:00,4135001,INV04,17625.554,17096.788,143.666,743543.959
2026-08-24 15:00:00,4135001,INV01,14600.859,14162.833,147.461,653906.916
2026-08-24 15:00:00,4135001,INV02,15255.534,14797.868,145.45,884388.542
2026-08-24 15:00:00,4135001,INV03,15178.311,14722.961,144.276,796882.549
2026-08-24 15:00:00,4135001,INV04,14992.573,14542.796,147.301,743547.595
2026-08-24 15:15:00,4135001,INV01,13862.705,13446.824,150.823,653910.278
2026-08-24 15:15:00,4135001,INV02,13599.766,13191.773,148.747,884391.84
2026-08-24 15:15:00,4135001,INV03,14643.185,14203.89,147.827,796886.1
2026-08-24 15:15:00,4135001,INV04,13782.179,13368.713,150.643,743550.937
2026-08-24 15:30:00,4135001,INV01,14412.442,13980.068,154.318,653913.773
2026-08-24 15:30:00,4135001,INV02,15049.806,14598.311,152.397,884395.489
2026-08-24 15:30:00,4135001,INV03,5763.042,5590.151,149.224,796887.497
2026-08-24 15:30:00,4135001,INV04,14798.992,14355.022,154.232,743554.526
2026-08-24 15:45:00,4135001,INV01,10067.204,9765.188,156.759,653916.214
2026-08-24 15:45:00,4135001,INV02,10693.125,10372.331,154.99,884398.083
2026-08-24 15:45:00,4135001,INV03,10551.016,10234.486,151.783,796890.056
2026-08-24 15:45:00,4135001,INV04,10420.415,10107.803,156.759,743557.052
2026-08-24 16:00:00,4135001,INV01,8776.631,8513.333,158.888,653918.342
2026-08-24 16:00:00,4135001,INV02,4355.639,4224.97,156.046,884399.139
2026-08-24 16:00:00,4135001,INV03,9114.643,8841.203,153.993,796892.266
2026-08-24 16:00:00,4135001,INV04,8650.898,8391.371,158.857,743559.15
2026-08-24 16:15:00,4135001,INV01,8230.068,7983.166,160.883,653920.338
2026-08-24 16:15:00,4135001,INV02,8835.753,8570.68,158.189,884401.281
2026-08-24 16:15:00,4135001,INV03,8836.374,8571.283,156.136,796894.409
2026-08-24 16:15:00,4135001,INV04,8897.785,8630.851,161.015,743561.308
2026-08-24 16:30:00,4135001,INV01,10285.632,9977.063,163.378,653922.832
2026-08-24 16:30:00,4135001,INV02,9597.749,9309.817,160.516,884403.609
2026-08-24 16:30:00,4135001,INV03,9836.14,9541.056,158.521,796896.794
2026-08-24 16:30:00,4135001,INV04,9995.351,9695.491,163.439,743563.732
2026-08-24 16:45:00,4135001,INV01,7577.714,7350.383,165.215,653924.67
2026-08-24 16:45:00,4135001,INV02,7851.096,7615.564,162.42,884405.513
2026-08-24 16:45:00,4135001,INV03,7470.292,7246.183,160.333,796898.606
2026-08-24 16:45:00,4135001,INV04,7382.796,7161.312,165.229,743565.522
2026-08-24 17:00:00,4135001,INV01,5025.586,4874.818,166.434,653925.889
2026-08-24 17:00:00,4135001,INV02,5146.825,4992.42,163.668,884406.761
2026-08-24 17:00:00,4135001,INV03,2298.328,2229.378,160.89,796899.163
2026-08-24 17:00:00,4135001,INV04,4883.768,4737.255,166.413,743566.707
2026-08-24 17:15:00,4135001,INV01,5342.181,5181.915,167.729,653927.184
2026-08-24 17:15:00,4135001,INV02,5303.945,5144.826,164.955,884408.047
2026-08-24 17:15:00,4135001,INV03,5363.271,5202.372,162.191,796900.464
2026-08-24 17:15:00,4135001,INV04,5508.345,5343.094,167.749,743568.042
2026-08-24 17:30:00,4135001,INV01,5375.174,5213.919,169.033,653928.488
2026-08-24 17:30:00,4135001,INV02,5409.887,5247.59,166.267,884409.359
2026-08-24 17:30:00,4135001,INV03,5527.151,5361.336,163.531,796901.804
2026-08-24 17:30:00,4135001,INV04,5568.313,5401.263,169.099,743569.393
2026-08-24 17:45:00,4135001,INV01,1312.848,1273.463,169.351,653928.806
2026-08-24 17:45:00,4135001,INV02,1325.024,1285.273,166.588,884409.68
2026-08-24 17:45:00,4135001,INV03,1300.726,1261.705,163.846,796902.12
2026-08-24 17:45:00,4135001,INV04,422.028,409.368,169.202,743569.495
2026-08-24 18:00:00,4135001,INV01,2216.488,2149.993,169.889,653929.343
2026-08-24 18:00:00,4135001,INV02,2225.978,2159.199,167.128,884410.22
2026-08-24 18:00:00,4135001,INV03,2046.155,1984.771,164.343,796902.616
2026-08-24 18:00:00,4135001,INV04,2168.537,2103.481,169.727,743570.021
2026-08-24 18:15:00,4135001,INV01,3685.17,3574.615,170.782,653930.237
2026-08-24 18:15:00,4135001,INV02,3731.334,3619.394,168.033,884411.125
2026-08-24 18:15:00,4135001,INV03,3619.286,3510.708,165.22,796903.493
2026-08-24 18:15:00,4135001,INV04,3881.042,3764.61,170.669,743570.962
2026-08-24 18:30:00,4135001,INV01,1810.046,1755.744,171.221,653930.676
2026-08-24 18:30:00,4135001,INV02,1750.065,1697.563,168.457,884411.549
2026-08-24 18:30:00,4135001,INV03,1724.761,1673.018,165.639,796903.912
2026-08-24 18:30:00,4135001,INV04,1718.725,1667.163,171.085,743571.379
2026-08-24 18:45:00,4135001,INV01,16.311,15.822,171.225,653930.68
2026-08-24 18:45:00,4135001,INV02,0.0,0.0,168.457,884411.549
2026-08-24 18:45:00,4135001,INV03,0.0,0.0,165.639,796903.912
2026-08-24 18:45:00,4135001,INV04,18.412,17.86,171.09,743571.383
2026-08-24 19:00:00,4135001,INV01,1.372,1.33,171.226,653930.68
2026-08-24 19:00:00,4135001,INV02,2.158,2.093,168.457,884411.55
2026-08-24 19:00:00,4135001,INV03,2.033,1.972,165.639,796903.912
2026-08-24 19:00:00,4135001,INV04,0.0,0.0,171.09,743571.383
2026-08-24 19:15:00,4135001,INV01,0.0,0.0,171.226,653930.68
2026-08-24 19:15:00,4135001,INV02,0.0,0.0,168.457,884411.55
2026-08-24 19:15:00,4135001,INV03,0.0,0.0,165.639,796903.912
2026-08-24 19:15:00,4135001,INV04,0.0,0.0,171.09,743571.383
2026-08-24 19:30:00,4135001,INV01,0.0,0.0,171.226,653930.68
2026-08-24 19:30:00,4135001,INV02,0.0,0.0,168.457,884411.55
2026-08-24 19:30:00,4135001,INV03,6.776,6.572,165.641,796903.914
2026-08-24 19:30:00,4135001,INV04,0.0,0.0,171.09,743571.383
2026-08-24 19:45:00,4135001,INV01,0.0,0.0,171.226,653930.68
2026-08-24 19:45:00,4135001,INV02,17.339,16.819,168.462,884411.554
2026-08-24 19:45:00,4135001,INV03,0.0,0.0,165.641,796903.914
2026-08-24 19:45:00,4135001,INV04,0.0,0.0,171.09,743571.383
2026-08-24 20:00:00,4135001,INV01,0.0,0.0,171.226,653930.68
2026-08-24 20:00:00,4135001,INV02,0.0,0.0,168.462,884411.554
2026-08-24 20:00:00,4135001,INV03,10.562,10.245,165.643,796903.916
2026-08-24 20:00:00,4135001,INV04,9.812,9.518,171.092,743571.386
2026-08-24 20:15:00,4135001,INV01,4.917,4.769,171.227,653930.682
2026-08-24 20:15:00,4135001,INV02,0.0,0.0,168.462,884411.554
2026-08-24 20:15:00,4135001,INV03,0.0,0.0,165.643,796903.916
2026-08-24 20:15:00,4135001,INV04,13.66,13.25,171.096,743571.389
2026-08-24 20:30:00,4135001,INV01,9.203,8.927,171.229,653930.684
2026-08-24 20:30:00,4135001,INV02,0.0,0.0,168.462,884411.554
2026-08-24 20:30:00,4135001,INV03,2.67,2.59,165.644,796903.917
2026-08-24 20:30:00,4135001,INV04,16.618,16.119,171.1,743571.393
2026-08-24 20:45:00,4135001,INV01,0.0,0.0,171.229,653930.684
2026-08-24 20:45:00,4135001,INV02,0.0,0.0,168.462,884411.554
2026-08-24 20:45:00,4135001,INV03,0.0,0.0,165.644,796903.917
2026-08-24 20:45:00,4135001,INV04,10.527,10.212,171.102,743571.396
2026-08-24 21:00:00,4135001,INV01,10.247,9.94,171.231,653930.686
2026-08-24 21:00:00,4135001,INV02,0.0,0.0,168.462,884411.554
2026-08-24 21:00:00,4135001,INV03,31.006,30.076,165.651,796903.925
2026-08-24 21:00:00,4135001,INV04,0.0,0.0,171.102,743571.396
2026-08-24 21:15:00,4135001,INV01,24.059,23.338,171.237,653930.692
2026-08-24 21:15:00,4135001,INV02,5.269,5.111,168.463,884411.555
2026-08-24 21:15:00,4135001,INV03,10.444,10.131,165.654,796903.927
2026-08-24 21:15:00,4135001,INV04,0.0,0.0,171.102,743571.396
2026-08-24 21:30:00,4135001,INV01,1.144,1.109,171.238,653930.692
2026-08-24 21:30:00,4135001,INV02,0.0,0.0,168.463,884411.555
2026-08-24 21:30:00,4135001,INV03,0.0,0.0,165.654,796903.927
2026-08-24 21:30:00,4135001,INV04,0.0,0.0,171.102,743571.396
2026-08-24 21:45:00,4135001,INV01,0.0,0.0,171.238,653930.692
2026-08-24 21:45:00,4135001,INV02,2.863,2.777,168.464,884411.556
2026-08-24 21:45:00,4135001,INV03,0.0,0.0,165.654,796903.927
2026-08-24 21:45:00,4135001,INV04,0.025,0.025,171.102,743571.396
2026-08-24 22:00:00,4135001,INV01,42.771,41.488,171.248,653930.703
2026-08-24 22:00:00,4135001,INV02,3.351,3.25,168.464,884411.557
2026-08-24 22:00:00,4135001,INV03,0.0,0.0,165.654,796903.927
2026-08-24 22:00:00,4135001,INV04,0.0,0.0,171.102,743571.396
2026-08-24 22:15:00,4135001,INV01,0.0,0.0,171.248,653930.703
2026-08-24 22:15:00,4135001,INV02,1.827,1.772,168.465,884411.557
2026-08-24 22:15:00,4135001,INV03,9.296,9.017,165.656,796903.929
2026-08-24 22:15:00,4135001,INV04,6.963,6.754,171.104,743571.397
2026-08-24 22:30:00,4135001,INV01,6.056,5.874,171.249,653930.704
2026-08-24 22:30:00,4135001,INV02,0.0,0.0,168.465,884411.557
2026-08-24 22:30:00,4135001,INV03,37.661,36.531,165.665,796903.938
2026-08-24 22:30:00,4135001,INV04,16.743,16.241,171.108,743571.401
2026-08-24 22:45:00,4135001,INV01,17.822,17.287,171.254,653930.708
2026-08-24 22:45:00,4135001,INV02,12.199,11.833,168.468,884411.56
2026-08-24 22:45:00,4135001,INV03,7.59,7.362,165.667,796903.94
2026-08-24 22:45:00,4135001,INV04,14.586,14.148,171.111,743571.405
2026-08-24 23:00:00,4135001,INV01,22.77,22.087,171.259,653930.714
2026-08-24 23:00:00,4135001,INV02,0.0,0.0,168.468,884411.56
2026-08-24 23:00:00,4135001,INV03,0.0,0.0,165.667,796903.94
2026-08-24 23:00:00,4135001,INV04,0.0,0.0,171.111,743571.405
2026-08-24 23:15:00,4135001,INV01,0.0,0.0,171.259,653930.714
2026-08-24 23:15:00,4135001,INV02,0.0,0.0,168.468,884411.56
2026-08-24 23:15:00,4135001,INV03,0.0,0.0,165.667,796903.94
2026-08-24 23:15:00,4135001,INV04,0.0,0.0,171.111,743571.405
2026-08-24 23:30:00,4135001,INV01,0.0,0.0,171.259,653930.714
2026-08-24 23:30:00,4135001,INV02,0.0,0.0,168.468,884411.56
2026-08-24 23:30:00,4135001,INV03,24.184,23.459,165.673,796903.946
2026-08-24 23:30:00,4135001,INV04,13.355,12.954,171.115,743571.408
2026-08-24 23:45:00,4135001,INV01,0.0,0.0,171.259,653930.714
2026-08-24 23:45:00,4135001,INV02,0.0,0.0,168.468,884411.56
2026-08-24 23:45:00,4135001,INV03,14.747,14.305,165.677,796903.95
2026-08-24 23:45:00,4135001,INV04,11.756,11.403,171.118,743571.411
2026-08-25 00:00:00,4135001,INV01,0.0,0.0,0.0,653930.714
2026-08-25 00:00:00,4135001,INV02,0.0,0.0,0.0,884411.56
2026-08-25 00:00:00,4135001,INV03,1.37,1.329,0.0,796903.95
2026-08-25 00:00:00,4135001,INV04,6.562,6.365,0.002,743571.413
2026-08-25 00:15:00,4135001,INV01,4.578,4.441,0.001,653930.715
2026-08-25 00:15:00,4135001,INV02,6.242,6.055,0.002,884411.562
2026-08-25 00:15:00,4135001,INV03,14.747,14.305,0.004,796903.954
2026-08-25 00:15:00,4135001,INV04,0.0,0.0,0.002,743571.413
2026-08-25 00:30:00,4135001,INV01,32.347,31.377,0.009,653930.723
2026-08-25 00:30:00,4135001,INV02,6.085,5.903,0.003,884411.563
2026-08-25 00:30:00,4135001,INV03,0.0,0.0,0.004,796903.954
2026-08-25 00:30:00,4135001,INV04,0.696,0.676,0.002,743571.413
2026-08-25 00:45:00,4135001,INV01,0.0,0.0,0.009,653930.723
2026-08-25 00:45:00,4135001,INV02,4.717,4.576,0.004,884411.564
2026-08-25 00:45:00,4135001,INV03,31.997,31.037,0.012,796903.961
2026-08-25 00:45:00,4135001,INV04,0.0,0.0,0.002,743571.413
2026-08-25 01:00:00,4135001,INV01,10.603,10.285,0.012,653930.726
2026-08-25 01:00:00,4135001,INV02,0.0,0.0,0.004,884411.564
2026-08-25 01:00:00,4135001,INV03,3.384,3.283,0.012,796903.962
2026-08-25 01:00:00,4135001,INV04,0.0,0.0,0.002,743571.413
2026-08-25 01:15:00,4135001,INV01,0.0,0.0,0.012,653930.726
2026-08-25 01:15:00,4135001,INV02,0.0,0.0,0.004,884411.564
2026-08-25 01:15:00,4135001,INV03,22.277,21.609,0.018,796903.968
2026-08-25 01:15:00,4135001,INV04,0.0,0.0,0.002,743571.413
2026-08-25 01:30:00,4135001,INV01,0.0,0.0,0.012,653930.726
2026-08-25 01:30:00,4135001,INV02,0.0,0.0,0.004,884411.564
2026-08-25 01:30:00,4135001,INV03,7.092,6.879,0.02,796903.969
2026-08-25 01:30:00,4135001,INV04,0.0,0.0,0.002,743571.413
2026-08-25 01:45:00,4135001,INV01,18.201,17.655,0.016,653930.73
2026-08-25 01:45:00,4135001,INV02,19.241,18.663,0.009,884411.569
2026-08-25 01:45:00,4135001,INV03,0.0,0.0,0.02,796903.969
2026-08-25 01:45:00,4135001,INV04,1.395,1.353,0.002,743571.413
2026-08-25 02:00:00,4135001,INV01,1.86,1.804,0.016,653930.73
2026-08-25 02:00:00,4135001,INV02,3.388,3.287,0.01,884411.57
2026-08-25 02:00:00,4135001,INV03,0.0,0.0,0.02,796903.969
2026-08-25 02:00:00,4135001,INV04,10.105,9.802,0.005,743571.415
2026-08-25 02:15:00,4135001,INV01,0.313,0.304,0.016,653930.73
2026-08-25 02:15:00,4135001,INV02,0.0,0.0,0.01,884411.57
2026-08-25 02:15:00,4135001,INV03,19.902,19.305,0.024,796903.974
2026-08-25 02:15:00,4135001,INV04,15.028,14.577,0.008,743571.419
2026-08-25 02:30:00,4135001,INV01,0.0,0.0,0.016,653930.73
2026-08-25 02:30:00,4135001,INV02,0.0,0.0,0.01,884411.57
2026-08-25 02:30:00,4135001,INV03,0.0,0.0,0.024,796903.974
2026-08-25 02:30:00,4135001,INV04,0.0,0.0,0.008,743571.419
2026-08-25 02:45:00,4135001,INV01,0.0,0.0,0.016,653930.73
2026-08-25 02:45:00,4135001,INV02,5.117,4.963,0.011,884411.571
2026-08-25 02:45:00,4135001,INV03,0.0,0.0,0.024,796903.974
2026-08-25 02:45:00,4135001,INV04,0.0,0.0,0.008,743571.419
2026-08-25 03:00:00,4135001,INV01,7.302,7.083,0.018,653930.732
2026-08-25 03:00:00,4135001,INV02,0.0,0.0,0.011,884411.571
2026-08-25 03:00:00,4135001,INV03,0.0,0.0,0.024,796903.974
2026-08-25 03:00:00,4135001,INV04,0.0,0.0,0.008,743571.419
2026-08-25 03:15:00,4135001,INV01,0.0,0.0,0.018,653930.732
2026-08-25 03:15:00,4135001,INV02,0.0,0.0,0.011,884411.571
2026-08-25 03:15:00,4135001,INV03,0.0,0.0,0.024,796903.974
2026-08-25 03:15:00,4135001,INV04,26.863,26.057,0.015,743571.426
2026-08-25 03:30:00,4135001,INV01,0.0,0.0,0.018,653930.732
2026-08-25 03:30:00,4135001,INV02,0.0,0.0,0.011,884411.571
2026-08-25 03:30:00,4135001,INV03,10.998,10.668,0.027,796903.977
2026-08-25 03:30:00,4135001,INV04,9.774,9.481,0.017,743571.428
2026-08-25 03:45:00,4135001,INV01,0.0,0.0,0.018,653930.732
2026-08-25 03:45:00,4135001,INV02,0.0,0.0,0.011,884411.571
2026-08-25 03:45:00,4135001,INV03,12.244,11.877,0.03,796903.98
2026-08-25 03:45:00,4135001,INV04,5.973,5.794,0.019,743571.429
2026-08-25 04:00:00,4135001,INV01,0.0,0.0,0.018,653930.732
2026-08-25 04:00:00,4135001,INV02,0.0,0.0,0.011,884411.571
2026-08-25 04:00:00,4135001,INV03,0.0,0.0,0.03,796903.98
2026-08-25 04:00:00,4135001,INV04,0.0,0.0,0.019,743571.429
2026-08-25 04:15:00,4135001,INV01,0.0,0.0,0.018,653930.732
2026-08-25 04:15:00,4135001,INV02,0.0,0.0,0.011,884411.571
2026-08-25 04:15:00,4135001,INV03,6.27,6.082,0.032,796903.981
2026-08-25 04:15:00,4135001,INV04,0.0,0.0,0.019,743571.429
2026-08-25 04:30:00,4135001,INV01,9.114,8.841,0.02,653930.734
2026-08-25 04:30:00,4135001,INV02,0.0,0.0,0.011,884411.571
2026-08-25 04:30:00,4135001,INV03,0.0,0.0,0.032,796903.981
2026-08-25 04:30:00,4135001,INV04,0.517,0.501,0.019,743571.43
2026-08-25 04:45:00,4135001,INV01,12.478,12.103,0.023,653930.737
2026-08-25 04:45:00,4135001,INV02,0.0,0.0,0.011,884411.571
2026-08-25 04:45:00,4135001,INV03,0.0,0.0,0.032,796903.981
2026-08-25 04:45:00,4135001,INV04,23.006,22.316,0.024,743571.435
2026-08-25 05:00:00,4135001,INV01,0.0,0.0,0.023,653930.737
2026-08-25 05:00:00,4135001,INV02,0.948,0.919,0.011,884411.571
2026-08-25 05:00:00,4135001,INV03,15.659,15.189,0.035,796903.985
2026-08-25 05:00:00,4135001,INV04,0.0,0.0,0.024,743571.435
2026-08-25 05:15:00,4135001,INV01,0.0,0.0,0.023,653930.737
2026-08-25 05:15:00,4135001,INV02,0.0,0.0,0.011,884411.571
2026-08-25 05:15:00,4135001,INV03,0.0,0.0,0.035,796903.985
2026-08-25 05:15:00,4135001,INV04,0.0,0.0,0.024,743571.435
2026-08-25 05:30:00,4135001,INV01,0.0,0.0,0.023,653930.737
2026-08-25 05:30:00,4135001,INV02,2.421,2.349,0.012,884411.572
2026-08-25 05:30:00,4135001,INV03,0.0,0.0,0.035,796903.985
2026-08-25 05:30:00,4135001,INV04,29.908,29.011,0.031,743571.442
2026-08-25 05:45:00,4135001,INV01,0.0,0.0,0.023,653930.737
2026-08-25 05:45:00,4135001,INV02,0.0,0.0,0.012,884411.572
2026-08-25 05:45:00,4135001,INV03,0.0,0.0,0.035,796903.985
2026-08-25 05:45:00,4135001,INV04,14.253,13.825,0.035,743571.446
2026-08-25 06:00:00,4135001,INV01,787.051,763.44,0.214,653930.928
2026-08-25 06:00:00,4135001,INV02,863.798,837.884,0.221,884411.781
2026-08-25 06:00:00,4135001,INV03,810.193,785.887,0.232,796904.182
2026-08-25 06:00:00,4135001,INV04,819.593,795.005,0.234,743571.645
2026-08-25 06:15:00,4135001,INV01,3080.314,2987.904,0.961,653931.675
2026-08-25 06:15:00,4135001,INV02,3099.871,3006.875,0.973,884412.533
2026-08-25 06:15:00,4135001,INV03,2946.089,2857.706,0.946,796904.896
2026-08-25 06:15:00,4135001,INV04,3076.735,2984.433,0.98,743572.391
2026-08-25 06:30:00,4135001,INV01,3148.57,3054.113,1.725,653932.439
2026-08-25 06:30:00,4135001,INV02,3347.348,3246.928,1.785,884413.345
2026-08-25 06:30:00,4135001,INV03,3392.522,3290.746,1.769,796905.719
2026-08-25 06:30:00,4135001,INV04,3378.717,3277.356,1.799,743573.21
2026-08-25 06:45:00,4135001,INV01,3070.411,2978.299,2.469,653933.183
2026-08-25 06:45:00,4135001,INV02,3014.522,2924.086,2.516,884414.076
2026-08-25 06:45:00,4135001,INV03,3018.508,2927.952,2.501,796906.451
2026-08-25 06:45:00,4135001,INV04,2917.263,2829.745,2.507,743573.917
2026-08-25 07:00:00,4135001,INV01,5572.213,5405.047,3.821,653934.535
2026-08-25 07:00:00,4135001,INV02,5503.422,5338.32,3.85,884415.411
2026-08-25 07:00:00,4135001,INV03,5425.058,5262.306,3.817,796907.766
2026-08-25 07:00:00,4135001,INV04,5666.902,5496.895,3.881,743575.292
2026-08-25 07:15:00,4135001,INV01,4635.82,4496.746,4.945,653935.659
2026-08-25 07:15:00,4135001,INV02,4787.239,4643.622,5.011,884416.571
2026-08-25 07:15:00,4135001,INV03,4535.123,4399.069,4.916,796908.866
2026-08-25 07:15:00,4135001,INV04,4680.398,4539.986,5.016,743576.427
2026-08-25 07:30:00,4135001,INV01,6233.22,6046.223,6.456,653937.17
2026-08-25 07:30:00,4135001,INV02,6536.251,6340.163,6.596,884418.156
2026-08-25 07:30:00,4135001,INV03,6233.934,6046.916,6.428,796910.378
2026-08-25 07:30:00,4135001,INV04,6563.808,6366.893,6.608,743578.018
2026-08-25 07:45:00,4135001,INV01,6373.4,6182.198,8.002,653938.716
2026-08-25 07:45:00,4135001,INV02,6484.681,6290.14,8.169,884419.729
2026-08-25 07:45:00,4135001,INV03,6153.571,5968.964,7.92,796911.87
2026-08-25 07:45:00,4135001,INV04,6619.287,6420.709,8.213,743579.624
2026-08-25 08:00:00,4135001,INV01,8663.047,8403.156,10.103,653940.817
2026-08-25 08:00:00,4135001,INV02,8324.388,8074.657,10.187,884421.748
2026-08-25 08:00:00,4135001,INV03,8532.412,8276.439,9.989,796913.939
2026-08-25 08:00:00,4135001,INV04,8665.886,8405.909,10.314,743581.725
2026-08-25 08:15:00,4135001,INV01,9456.243,9172.556,12.396,653943.11
2026-08-25 08:15:00,4135001,INV02,9430.492,9147.577,12.474,884424.035
2026-08-25 08:15:00,4135001,INV03,9664.493,9374.558,12.333,796916.283
2026-08-25 08:15:00,4135001,INV04,9443.276,9159.978,12.604,743584.015
2026-08-25 08:30:00,4135001,INV01,10890.909,10564.181,15.037,653945.751
2026-08-25 08:30:00,4135001,INV02,4140.69,4016.469,13.478,884425.039
2026-08-25 08:30:00,4135001,INV03,10648.677,10329.216,14.915,796918.865
2026-08-25 08:30:00,4135001,INV04,10807.618,10483.389,15.225,743586.636
2026-08-25 08:45:00,4135001,INV01,10528.759,10212.896,17.59,653948.304
2026-08-25 08:45:00,4135001,INV02,1793.588,1739.78,13.913,884425.474
2026-08-25 08:45:00,4135001,INV03,10468.963,10154.895,17.454,796921.404
2026-08-25 08:45:00,4135001,INV04,9971.363,9672.222,17.643,743589.054
2026-08-25 09:00:00,4135001,INV01,13861.436,13445.593,20.952,653951.666
2026-08-25 09:00:00,4135001,INV02,13148.831,12754.366,17.102,884428.662
2026-08-25 09:00:00,4135001,INV03,13994.071,13574.249,20.848,796924.797
2026-08-25 09:00:00,4135001,INV04,13329.619,12929.731,20.876,743592.286
2026-08-25 09:15:00,4135001,INV01,14162.07,13737.207,24.386,653955.1
2026-08-25 09:15:00,4135001,INV02,13690.705,13279.984,20.422,884431.982
2026-08-25 09:15:00,4135001,INV03,14371.164,13940.029,24.333,796928.282
2026-08-25 09:15:00,4135001,INV04,14044.411,13623.079,24.281,743595.692
2026-08-25 09:30:00,4135001,INV01,14657.628,14217.899,27.94,653958.654
2026-08-25 09:30:00,4135001,INV02,14708.04,14266.799,23.989,884435.549
2026-08-25 09:30:00,4135001,INV03,15262.632,14804.753,28.034,796931.984
2026-08-25 09:30:00,4135001,INV04,15347.071,14886.659,28.003,743599.414
2026-08-25 09:45:00,4135001,INV01,15625.884,15157.107,31.73,653962.444
2026-08-25 09:45:00,4135001,INV02,15911.25,15433.912,27.847,884439.407
2026-08-25 09:45:00,4135001,INV03,15272.076,14813.914,31.737,796935.687
2026-08-25 09:45:00,4135001,INV04,15530.562,15064.645,31.769,743603.18
2026-08-25 10:00:00,4135001,INV01,18371.397,17820.255,36.185,653966.899
2026-08-25 10:00:00,4135001,INV02,19136.331,18562.241,32.488,884444.048
2026-08-25 10:00:00,4135001,INV03,19247.146,18669.732,36.405,796940.354
2026-08-25 10:00:00,4135001,INV04,19403.328,18821.228,36.474,743607.885
2026-08-25 10:15:00,4135001,INV01,19680.045,19089.644,40.957,653971.671
2026-08-25 10:15:00,4135001,INV02,18968.818,18399.753,37.088,884448.648
2026-08-25 10:15:00,4135001,INV03,19341.535,18761.289,41.095,796945.045
2026-08-25 10:15:00,4135001,INV04,20312.933,19703.545,41.4,743612.811
2026-08-25 10:30:00,4135001,INV01,21218.358,20581.807,46.103,653976.817
2026-08-25 10:30:00,4135001,INV02,21402.023,20759.963,42.278,884453.838
2026-08-25 10:30:00,4135001,INV03,22839.141,22153.967,46.634,796950.583
2026-08-25 10:30:00,4135001,INV04,21968.971,21309.902,46.728,743618.139
2026-08-25 10:45:00,4135001,INV01,24566.127,23829.143,52.06,653982.774
2026-08-25 10:45:00,4135001,INV02,23210.134,22513.83,47.906,884459.466
2026-08-25 10:45:00,4135001,INV03,24421.556,23688.91,52.556,796956.506
2026-08-25 10:45:00,4135001,INV04,24526.913,23791.105,52.676,743624.086
2026-08-25 11:00:00,4135001,INV01,24252.608,23525.03,57.941,653988.655
2026-08-25 11:00:00,4135001,INV02,26103.075,25319.983,54.236,884465.796
2026-08-25 11:00:00,4135001,INV03,24524.611,23788.873,58.503,796962.453
2026-08-25 11:00:00,4135001,INV04,26208.776,25422.512,59.031,743630.442
2026-08-25 11:15:00,4135001,INV01,25349.953,24589.454,64.088,653994.802
2026-08-25 11:15:00,4135001,INV02,24828.362,24083.511,60.257,884471.817
2026-08-25 11:15:00,4135001,INV03,24602.793,23864.709,64.469,796968.419
2026-08-25 11:15:00,4135001,INV04,24796.315,24052.425,65.044,743636.455
2026-08-25 11:30:00,4135001,INV01,25598.487,24830.533,70.296,654001.01
2026-08-25 11:30:00,4135001,INV02,25434.109,24671.086,66.425,884477.985
2026-08-25 11:30:00,4135001,INV03,8741.684,8479.433,66.589,796970.539
2026-08-25 11:30:00,4135001,INV04,26186.707,25401.105,71.395,743642.805
2026-08-25 11:45:00,4135001,INV01,27631.787,26802.833,76.997,654007.711
2026-08-25 11:45:00,4135001,INV02,27905.59,27068.422,73.192,884484.752
2026-08-25 11:45:00,4135001,INV03,27944.019,27105.698,73.365,796977.315
2026-08-25 11:45:00,4135001,INV04,27874.012,27037.792,78.154,743649.565
2026-08-25 12:00:00,4135001,INV01,25283.108,24524.615,83.128,654013.842
2026-08-25 12:00:00,4135001,INV02,25955.286,25176.628,79.486,884491.046
2026-08-25 12:00:00,4135001,INV03,24810.6,24066.282,79.382,796983.332
2026-08-25 12:00:00,4135001,INV04,25735.959,24963.88,84.395,743655.806
2026-08-25 12:15:00,4135001,INV01,25180.297,24424.888,89.234,654019.948
2026-08-25 12:15:00,4135001,INV02,25584.711,24817.17,85.69,884497.251
2026-08-25 12:15:00,4135001,INV03,27012.675,26202.294,85.933,796989.882
2026-08-25 12:15:00,4135001,INV04,25394.738,24632.896,90.553,743661.964
2026-08-25 12:30:00,4135001,INV01,26487.862,25693.226,95.657,654026.371
2026-08-25 12:30:00,4135001,INV02,26789.274,25985.596,92.187,884503.747
2026-08-25 12:30:00,4135001,INV03,25888.705,25112.044,92.211,796996.16
2026-08-25 12:30:00,4135001,INV04,25740.382,24968.171,96.795,743668.206
2026-08-25 12:45:00,4135001,INV01,25281.64,24523.19,101.788,654032.502
2026-08-25 12:45:00,4135001,INV02,26156.06,25371.379,98.529,884510.09
2026-08-25 12:45:00,4135001,INV03,24969.361,24220.28,98.266,797002.215
2026-08-25 12:45:00,4135001,INV04,25420.713,24658.091,102.96,743674.371
2026-08-25 13:00:00,4135001,INV01,24364.585,23633.647,107.697,654038.411
2026-08-25 13:00:00,4135001,INV02,23306.548,22607.351,104.181,884515.742
2026-08-25 13:00:00,4135001,INV03,22925.054,22237.303,103.825,797007.775
2026-08-25 13:00:00,4135001,INV04,23914.3,23196.871,108.759,743680.17
2026-08-25 13:15:00,4135001,INV01,26166.097,25381.114,114.042,654044.756
2026-08-25 13:15:00,4135001,INV02,25083.895,24331.378,110.264,884521.824
2026-08-25 13:15:00,4135001,INV03,24917.065,24169.553,109.867,797013.817
2026-08-25 13:15:00,4135001,INV04,24841.202,24095.966,114.783,743686.194
2026-08-25 13:30:00,4135001,INV01,21212.115,20575.751,119.186,654049.9
2026-08-25 13:30:00,4135001,INV02,20787.399,20163.777,115.305,884526.865
2026-08-25 13:30:00,4135001,INV03,20490.407,19875.695,114.836,797018.786
2026-08-25 13:30:00,4135001,INV04,20848.818,20223.354,119.839,743691.25
2026-08-25 13:45:00,4135001,INV01,22848.172,22162.727,124.727,654055.441
2026-08-25 13:45:00,4135001,INV02,21561.514,20914.669,120.534,884532.094
2026-08-25 13:45:00,4135001,INV03,22767.538,22084.512,120.357,797024.307
2026-08-25 13:45:00,4135001,INV04,22016.683,21356.183,125.178,743696.589
2026-08-25 14:00:00,4135001,INV01,21141.252,20507.014,129.853,654060.567
2026-08-25 14:00:00,4135001,INV02,20223.156,19616.461,125.438,884536.998
2026-08-25 14:00:00,4135001,INV03,20158.271,19553.523,125.246,797029.196
2026-08-25 14:00:00,4135001,INV04,20904.971,20277.822,130.247,743701.658
2026-08-25 14:15:00,4135001,INV01,21855.994,21200.314,135.153,654065.867
2026-08-25 14:15:00,4135001,INV02,21611.252,20962.914,130.679,884542.239
2026-08-25 14:15:00,4135001,INV03,22141.899,21477.642,130.615,797034.565
2026-08-25 14:15:00,4135001,INV04,21595.769,20947.896,135.484,743706.895
2026-08-25 14:30:00,4135001,INV01,19683.627,19093.118,139.927,654070.641
2026-08-25 14:30:00,4135001,INV02,20093.182,19490.387,135.551,884547.112
2026-08-25 14:30:00,4135001,INV03,19278.286,18699.937,135.29,797039.24
2026-08-25 14:30:00,4135001,INV04,20203.346,19597.246,140.384,743711.795
2026-08-25 14:45:00,4135001,INV01,18052.524,17510.949,144.304,654075.018
2026-08-25 14:45:00,4135001,INV02,17026.085,16515.302,139.68,884551.24
2026-08-25 14:45:00,4135001,INV03,17110.879,16597.553,139.44,797043.389
2026-08-25 14:45:00,4135001,INV04,17020.803,16510.179,144.511,743715.922
2026-08-25 15:00:00,4135001,INV01,16737.695,16235.564,148.363,654079.077
2026-08-25 15:00:00,4135001,INV02,16993.383,16483.581,143.801,884555.361
2026-08-25 15:00:00,4135001,INV03,17178.884,16663.517,143.605,797047.555
2026-08-25 15:00:00,4135001,INV04,17050.003,16538.502,148.646,743720.057
2026-08-25 15:15:00,4135001,INV01,13103.978,12710.859,151.541,654082.255
2026-08-25 15:15:00,4135001,INV02,12814.559,12430.122,146.908,884558.469
2026-08-25 15:15:00,4135001,INV03,12757.09,12374.378,146.699,797050.649
2026-08-25 15:15:00,4135001,INV04,12979.387,12590.005,151.793,743723.204
2026-08-25 15:30:00,4135001,INV01,11476.31,11132.021,154.324,654085.038
2026-08-25 15:30:00,4135001,INV02,11260.937,10923.108,149.639,884561.2
2026-08-25 15:30:00,4135001,INV03,11088.65,10755.991,149.388,797053.338
2026-08-25 15:30:00,4135001,INV04,11839.096,11483.923,154.664,743726.075
2026-08-25 15:45:00,4135001,INV01,13185.855,12790.279,157.522,654088.236
2026-08-25 15:45:00,4135001,INV02,12580.388,12202.976,152.69,884564.25
2026-08-25 15:45:00,4135001,INV03,12999.713,12609.722,152.541,797056.49
2026-08-25 15:45:00,4135001,INV04,12688.187,12307.541,157.741,743729.152
2026-08-25 16:00:00,4135001,INV01,10262.222,9954.356,160.01,654090.724
2026-08-25 16:00:00,4135001,INV02,10690.353,10369.643,155.282,884566.843
2026-08-25 16:00:00,4135001,INV03,10260.835,9953.01,155.029,797058.979
2026-08-25 16:00:00,4135001,INV04,10458.826,10145.061,160.277,743731.688
2026-08-25 16:15:00,4135001,INV01,9954.702,9656.061,162.424,654093.138
2026-08-25 16:15:00,4135001,INV02,10085.013,9782.462,157.728,884569.288
2026-08-25 16:15:00,4135001,INV03,10243.919,9936.601,157.513,797061.463
2026-08-25 16:15:00,4135001,INV04,9857.899,9562.162,162.668,743734.079
2026-08-25 16:30:00,4135001,INV01,9095.948,8823.07,164.63,654095.344
2026-08-25 16:30:00,4135001,INV02,8863.394,8597.492,159.877,884571.438
2026-08-25 16:30:00,4135001,INV03,9201.022,8924.991,159.744,797063.694
2026-08-25 16:30:00,4135001,INV04,9124.091,8850.369,164.881,743736.291
2026-08-25 16:45:00,4135001,INV01,6790.567,6586.85,166.277,654096.991
2026-08-25 16:45:00,4135001,INV02,6662.255,6462.387,161.493,884573.053
2026-08-25 16:45:00,4135001,INV03,6464.147,6270.222,161.312,797065.261
2026-08-25 16:45:00,4135001,INV04,6874.989,6668.74,166.548,743737.959
2026-08-25 17:00:00,4135001,INV01,4803.336,4659.236,167.442,654098.156
2026-08-25 17:00:00,4135001,INV02,5119.357,4965.776,162.734,884574.295
2026-08-25 17:00:00,4135001,INV03,5108.436,4955.183,162.551,797066.5
2026-08-25 17:00:00,4135001,INV04,4863.788,4717.875,167.727,743739.138
2026-08-25 17:15:00,4135001,INV01,4956.455,4807.761,168.643,654099.357
2026-08-25 17:15:00,4135001,INV02,4972.964,4823.775,163.94,884575.501
2026-08-25 17:15:00,4135001,INV03,5006.534,4856.338,163.765,797067.714
2026-08-25 17:15:00,4135001,INV04,4896.924,4750.016,168.915,743740.326
2026-08-25 17:30:00,4135001,INV01,4390.871,4259.145,169.708,654100.422
2026-08-25 17:30:00,4135001,INV02,4380.116,4248.712,165.003,884576.563
2026-08-25 17:30:00,4135001,INV03,4270.3,4142.191,164.8,797068.75
2026-08-25 17:30:00,4135001,INV04,4485.421,4350.859,170.002,743741.413
2026-08-25 17:45:00,4135001,INV01,7191.293,6975.555,171.452,654102.166
2026-08-25 17:45:00,4135001,INV02,6731.41,6529.468,166.635,884578.195
2026-08-25 17:45:00,4135001,INV03,6912.103,6704.74,166.476,797070.426
2026-08-25 17:45:00,4135001,INV04,6651.265,6451.727,171.615,743743.026
2026-08-25 18:00:00,4135001,INV01,2501.383,2426.342,172.059,654102.773
2026-08-25 18:00:00,4135001,INV02,2504.682,2429.542,167.242,884578.803
2026-08-25 18:00:00,4135001,INV03,2562.729,2485.847,167.098,797071.048
2026-08-25 18:00:00,4135001,INV04,2563.342,2486.442,172.237,743743.648
2026-08-25 18:15:00,4135001,INV01,1503.146,1458.052,172.423,654103.137
2026-08-25 18:15:00,4135001,INV02,1534.145,1488.12,167.614,884579.175
2026-08-25 18:15:00,4135001,INV03,1554.744,1508.101,167.475,797071.425
2026-08-25 18:15:00,4135001,INV04,1540.962,1494.733,172.611,743744.022
2026-08-25 18:30:00,4135001,INV01,1077.975,1045.636,172.685,654103.399
2026-08-25 18:30:00,4135001,INV02,1043.001,1011.711,167.867,884579.428
2026-08-25 18:30:00,4135001,INV03,998.492,968.537,167.717,797071.667
2026-08-25 18:30:00,4135001,INV04,1077.228,1044.911,172.872,743744.283
2026-08-25 18:45:00,4135001,INV01,0.0,0.0,172.685,654103.399
2026-08-25 18:45:00,4135001,INV02,11.959,11.6,167.87,884579.43
2026-08-25 18:45:00,4135001,INV03,0.0,0.0,167.717,797071.667
2026-08-25 18:45:00,4135001,INV04,12.425,12.052,172.875,743744.286
2026-08-25 19:00:00,4135001,INV01,36.943,35.835,172.694,654103.408
2026-08-25 19:00:00,4135001,INV02,35.206,34.149,167.879,884579.439
2026-08-25 19:00:00,4135001,INV03,24.058,23.336,167.723,797071.673
2026-08-25 19:00:00,4135001,INV04,13.597,13.189,172.878,743744.289
2026-08-25 19:15:00,4135001,INV01,0.0,0.0,172.694,654103.408
2026-08-25 19:15:00,4135001,INV02,10.28,9.972,167.881,884579.441
2026-08-25 19:15:00,4135001,INV03,34.497,33.462,167.731,797071.681
2026-08-25 19:15:00,4135001,INV04,0.0,0.0,172.878,743744.289
2026-08-25 19:30:00,4135001,INV01,0.0,0.0,172.694,654103.408
2026-08-25 19:30:00,4135001,INV02,0.0,0.0,167.881,884579.441
2026-08-25 19:30:00,4135001,INV03,19.772,19.179,167.736,797071.686
2026-08-25 19:30:00,4135001,INV04,0.0,0.0,172.878,743744.289
2026-08-25 19:45:00,4135001,INV01,0.0,0.0,172.694,654103.408
2026-08-25 19:45:00,4135001,INV02,5.726,5.554,167.883,884579.443
2026-08-25 19:45:00,4135001,INV03,15.05,14.598,167.74,797071.689
2026-08-25 19:45:00,4135001,INV04,3.393,3.291,172.879,743744.29
2026-08-25 20:00:00,4135001,INV01,2.144,2.08,172.694,654103.408
2026-08-25 20:00:00,4135001,INV02,4.64,4.501,167.884,884579.444
2026-08-25 20:00:00,4135001,INV03,5.931,5.753,167.741,797071.691
2026-08-25 20:00:00,4135001,INV04,0.0,0.0,172.879,743744.29
2026-08-25 20:15:00,4135001,INV01,0.0,0.0,172.694,654103.408
2026-08-25 20:15:00,4135001,INV02,0.0,0.0,167.884,884579.444
2026-08-25 20:15:00,4135001,INV03,0.0,0.0,167.741,797071.691
2026-08-25 20:15:00,4135001,INV04,33.032,32.041,172.887,743744.298
2026-08-25 20:30:00,4135001,INV01,14.682,14.241,172.698,654103.412
2026-08-25 20:30:00,4135001,INV02,18.827,18.262,167.888,884579.449
2026-08-25 20:30:00,4135001,INV03,0.0,0.0,167.741,797071.691
2026-08-25 20:30:00,4135001,INV04,0.0,0.0,172.887,743744.298
2026-08-25 20:45:00,4135001,INV01,0.0,0.0,172.698,654103.412
2026-08-25 20:45:00,4135001,INV02,21.19,20.554,167.893,884579.454
2026-08-25 20:45:00,4135001,INV03,0.0,0.0,167.741,797071.691
2026-08-25 20:45:00,4135001,INV04,2.174,2.108,172.888,743744.298
2026-08-25 21:00:00,4135001,INV01,0.0,0.0,172.698,654103.412
2026-08-25 21:00:00,4135001,INV02,0.0,0.0,167.893,884579.454
2026-08-25 21:00:00,4135001,INV03,1.291,1.253,167.741,797071.691
2026-08-25 21:00:00,4135001,INV04,5.523,5.357,172.889,743744.3
2026-08-25 21:15:00,4135001,INV01,0.0,0.0,172.698,654103.412
2026-08-25 21:15:00,4135001,INV02,0.0,0.0,167.893,884579.454
2026-08-25 21:15:00,4135001,INV03,0.0,0.0,167.741,797071.691
2026-08-25 21:15:00,4135001,INV04,0.0,0.0,172.889,743744.3
2026-08-25 21:30:00,4135001,INV01,8.102,7.859,172.7,654103.414
2026-08-25 21:30:00,4135001,INV02,19.837,19.242,167.898,884579.459
2026-08-25 21:30:00,4135001,INV03,0.711,0.69,167.742,797071.691
2026-08-25 21:30:00,4135001,INV04,0.0,0.0,172.889,743744.3
2026-08-25 21:45:00,4135001,INV01,0.0,0.0,172.7,654103.414
2026-08-25 21:45:00,4135001,INV02,2.658,2.578,167.899,884579.459
2026-08-25 21:45:00,4135001,INV03,4.3,4.171,167.743,797071.692
2026-08-25 21:45:00,4135001,INV04,0.0,0.0,172.889,743744.3
2026-08-25 22:00:00,4135001,INV01,0.0,0.0,172.7,654103.414
2026-08-25 22:00:00,4135001,INV02,9.962,9.663,167.901,884579.462
2026-08-25 22:00:00,4135001,INV03,2.586,2.509,167.743,797071.693
2026-08-25 22:00:00,4135001,INV04,1.564,1.517,172.889,743744.3
2026-08-25 22:15:00,4135001,INV01,14.307,13.878,172.703,654103.417
2026-08-25 22:15:00,4135001,INV02,8.054,7.813,167.903,884579.464
2026-08-25 22:15:00,4135001,INV03,0.0,0.0,167.743,797071.693
2026-08-25 22:15:00,4135001,INV04,11.82,11.466,172.892,743744.303
2026-08-25 22:30:00,4135001,INV01,0.0,0.0,172.703,654103.417
2026-08-25 22:30:00,4135001,INV02,0.0,0.0,167.903,884579.464
2026-08-25 22:30:00,4135001,INV03,0.0,0.0,167.743,797071.693
2026-08-25 22:30:00,4135001,INV04,26.398,25.606,172.899,743744.309
2026-08-25 22:45:00,4135001,INV01,14.979,14.53,172.707,654103.421
2026-08-25 22:45:00,4135001,INV02,2.754,2.672,167.904,884579.464
2026-08-25 22:45:00,4135001,INV03,0.0,0.0,167.743,797071.693
2026-08-25 22:45:00,4135001,INV04,0.0,0.0,172.899,743744.309
2026-08-25 23:00:00,4135001,INV01,0.0,0.0,172.707,654103.421
2026-08-25 23:00:00,4135001,INV02,9.227,8.951,167.906,884579.466
2026-08-25 23:00:00,4135001,INV03,0.0,0.0,167.743,797071.693
2026-08-25 23:00:00,4135001,INV04,0.0,0.0,172.899,743744.309
2026-08-25 23:15:00,4135001,INV01,24.879,24.133,172.713,654103.427
2026-08-25 23:15:00,4135001,INV02,0.0,0.0,167.906,884579.466
2026-08-25 23:15:00,4135001,INV03,17.848,17.312,167.748,797071.697
2026-08-25 23:15:00,4135001,INV04,0.0,0.0,172.899,743744.309
2026-08-25 23:30:00,4135001,INV01,0.0,0.0,172.713,654103.427
2026-08-25 23:30:00,4135001,INV02,0.0,0.0,167.906,884579.466
2026-08-25 23:30:00,4135001,INV03,1.644,1.594,167.748,797071.698
2026-08-25 23:30:00,4135001,INV04,0.0,0.0,172.899,743744.309
2026-08-25 23:45:00,4135001,INV01,18.153,17.609,172.717,654103.431
2026-08-25 23:45:00,4135001,INV02,0.0,0.0,167.906,884579.466
2026-08-25 23:45:00,4135001,INV03,0.0,0.0,167.748,797071.698
2026-08-25 23:45:00,4135001,INV04,5.029,4.878,172.9,743744.311
2026-08-26 00:00:00,4135001,INV01,10.402,10.09,0.003,654103.434
2026-08-26 00:00:00,4135001,INV02,0.0,0.0,0.0,884579.466
2026-08-26 00:00:00,4135001,INV03,10.601,10.283,0.003,797071.7
2026-08-26 00:00:00,4135001,INV04,0.06,0.058,0.0,743744.311
2026-08-26 00:15:00,4135001,INV01,0.0,0.0,0.003,654103.434
2026-08-26 00:15:00,4135001,INV02,0.741,0.719,0.0,884579.467
2026-08-26 00:15:00,4135001,INV03,0.0,0.0,0.003,797071.7
2026-08-26 00:15:00,4135001,INV04,0.0,0.0,0.0,743744.311
2026-08-26 00:30:00,4135001,INV01,10.347,10.036,0.005,654103.436
2026-08-26 00:30:00,4135001,INV02,2.31,2.241,0.001,884579.467
2026-08-26 00:30:00,4135001,INV03,0.0,0.0,0.003,797071.7
2026-08-26 00:30:00,4135001,INV04,0.557,0.54,0.0,743744.311
2026-08-26 00:45:00,4135001,INV01,0.0,0.0,0.005,654103.436
2026-08-26 00:45:00,4135001,INV02,5.028,4.877,0.002,884579.468
2026-08-26 00:45:00,4135001,INV03,17.038,16.527,0.007,797071.704
2026-08-26 00:45:00,4135001,INV04,0.0,0.0,0.0,743744.311
2026-08-26 01:00:00,4135001,INV01,18.293,17.744,0.009,654103.441
2026-08-26 01:00:00,4135001,INV02,0.0,0.0,0.002,884579.468
2026-08-26 01:00:00,4135001,INV03,0.0,0.0,0.007,797071.704
2026-08-26 01:00:00,4135001,INV04,0.0,0.0,0.0,743744.311
2026-08-26 01:15:00,4135001,INV01,10.187,9.881,0.012,654103.443
2026-08-26 01:15:00,4135001,INV02,0.0,0.0,0.002,884579.468
2026-08-26 01:15:00,4135001,INV03,4.312,4.182,0.008,797071.705
2026-08-26 01:15:00,4135001,INV04,0.0,0.0,0.0,743744.311
2026-08-26 01:30:00,4135001,INV01,0.0,0.0,0.012,654103.443
2026-08-26 01:30:00,4135001,INV02,23.922,23.204,0.008,884579.474
2026-08-26 01:30:00,4135001,INV03,11.25,10.912,0.01,797071.708
2026-08-26 01:30:00,4135001,INV04,3.431,3.328,0.001,743744.312
2026-08-26 01:45:00,4135001,INV01,0.0,0.0,0.012,654103.443
2026-08-26 01:45:00,4135001,INV02,21.314,20.675,0.013,884579.479
2026-08-26 01:45:00,4135001,INV03,0.0,0.0,0.01,797071.708
2026-08-26 01:45:00,4135001,INV04,0.0,0.0,0.001,743744.312
2026-08-26 02:00:00,4135001,INV01,0.0,0.0,0.012,654103.443
2026-08-26 02:00:00,4135001,INV02,0.0,0.0,0.013,884579.479
2026-08-26 02:00:00,4135001,INV03,12.182,11.817,0.013,797071.711
2026-08-26 02:00:00,4135001,INV04,0.0,0.0,0.001,743744.312
2026-08-26 02:15:00,4135001,INV01,3.153,3.058,0.013,654103.444
2026-08-26 02:15:00,4135001,INV02,0.0,0.0,0.013,884579.479
2026-08-26 02:15:00,4135001,INV03,0.0,0.0,0.013,797071.711
2026-08-26 02:15:00,4135001,INV04,0.0,0.0,0.001,743744.312
2026-08-26 02:30:00,4135001,INV01,15.218,14.761,0.016,654103.448
2026-08-26 02:30:00,4135001,INV02,0.0,0.0,0.013,884579.479
2026-08-26 02:30:00,4135001,INV03,13.637,13.228,0.017,797071.714
2026-08-26 02:30:00,4135001,INV04,12.969,12.58,0.004,743744.315
2026-08-26 02:45:00,4135001,INV01,9.109,8.836,0.019,654103.45
2026-08-26 02:45:00,4135001,INV02,6.045,5.864,0.014,884579.481
2026-08-26 02:45:00,4135001,INV03,0.0,0.0,0.017,797071.714
2026-08-26 02:45:00,4135001,INV04,38.006,36.865,0.013,743744.324
2026-08-26 03:00:00,4135001,INV01,17.474,16.95,0.023,654103.454
2026-08-26 03:00:00,4135001,INV02,2.279,2.21,0.015,884579.481
2026-08-26 03:00:00,4135001,INV03,27.663,26.833,0.023,797071.721
2026-08-26 03:00:00,4135001,INV04,0.0,0.0,0.013,743744.324
2026-08-26 03:15:00,4135001,INV01,0.0,0.0,0.023,654103.454
2026-08-26 03:15:00,4135001,INV02,0.0,0.0,0.015,884579.481
2026-08-26 03:15:00,4135001,INV03,0.0,0.0,0.023,797071.721
2026-08-26 03:15:00,4135001,INV04,17.935,17.396,0.018,743744.328
2026-08-26 03:30:00,4135001,INV01,23.751,23.038,0.029,654103.46
2026-08-26 03:30:00,4135001,INV02,0.0,0.0,0.015,884579.481
2026-08-26 03:30:00,4135001,INV03,0.0,0.0,0.023,797071.721
2026-08-26 03:30:00,4135001,INV04,1.946,1.888,0.018,743744.329
2026-08-26 03:45:00,4135001,INV01,1.962,1.903,0.029,654103.46
2026-08-26 03:45:00,4135001,INV02,24.999,24.249,0.021,884579.487
2026-08-26 03:45:00,4135001,INV03,0.0,0.0,0.023,797071.721
2026-08-26 03:45:00,4135001,INV04,5.181,5.026,0.019,743744.33
2026-08-26 04:00:00,4135001,INV01,19.112,18.538,0.034,654103.465
2026-08-26 04:00:00,4135001,INV02,4.793,4.65,0.022,884579.489
2026-08-26 04:00:00,4135001,INV03,0.0,0.0,0.023,797071.721
2026-08-26 04:00:00,4135001,INV04,10.537,10.22,0.022,743744.333
2026-08-26 04:15:00,4135001,INV01,23.991,23.271,0.04,654103.471
2026-08-26 04:15:00,4135001,INV02,0.0,0.0,0.022,884579.489
2026-08-26 04:15:00,4135001,INV03,0.0,0.0,0.023,797071.721
2026-08-26 04:15:00,4135001,INV04,0.0,0.0,0.022,743744.333
2026-08-26 04:30:00,4135001,INV01,0.0,0.0,0.04,654103.471
2026-08-26 04:30:00,4135001,INV02,0.37,0.359,0.022,884579.489
2026-08-26 04:30:00,4135001,INV03,0.0,0.0,0.023,797071.721
2026-08-26 04:30:00,4135001,INV04,1.032,1.001,0.022,743744.333
2026-08-26 04:45:00,4135001,INV01,0.0,0.0,0.04,654103.471
2026-08-26 04:45:00,4135001,INV02,40.31,39.1,0.032,884579.498
2026-08-26 04:45:00,4135001,INV03,9.43,9.147,0.026,797071.723
2026-08-26 04:45:00,4135001,INV04,0.0,0.0,0.022,743744.333
2026-08-26 05:00:00,4135001,INV01,3.135,3.041,0.04,654103.471
2026-08-26 05:00:00,4135001,INV02,0.545,0.528,0.032,884579.499
2026-08-26 05:00:00,4135001,INV03,11.632,11.283,0.029,797071.726
2026-08-26 05:00:00,4135001,INV04,0.0,0.0,0.022,743744.333
2026-08-26 05:15:00,4135001,INV01,18.866,18.3,0.045,654103.476
2026-08-26 05:15:00,4135001,INV02,0.0,0.0,0.032,884579.499
2026-08-26 05:15:00,4135001,INV03,8.835,8.57,0.031,797071.728
2026-08-26 05:15:00,4135001,INV04,0.0,0.0,0.022,743744.333
2026-08-26 05:30:00,4135001,INV01,0.0,0.0,0.045,654103.476
2026-08-26 05:30:00,4135001,INV02,0.0,0.0,0.032,884579.499
2026-08-26 05:30:00,4135001,INV03,4.858,4.712,0.032,797071.73
2026-08-26 05:30:00,4135001,INV04,0.0,0.0,0.022,743744.333
2026-08-26 05:45:00,4135001,INV01,16.417,15.925,0.049,654103.48
2026-08-26 05:45:00,4135001,INV02,0.338,0.328,0.032,884579.499
2026-08-26 05:45:00,4135001,INV03,0.0,0.0,0.032,797071.73
2026-08-26 05:45:00,4135001,INV04,17.216,16.699,0.026,743744.337
2026-08-26 06:00:00,4135001,INV01,3269.946,3171.848,0.842,654104.273
2026-08-26 06:00:00,4135001,INV02,3301.815,3202.761,0.833,884580.299
2026-08-26 06:00:00,4135001,INV03,3278.583,3180.225,0.827,797072.525
2026-08-26 06:00:00,4135001,INV04,3318.059,3218.517,0.831,743745.142
2026-08-26 06:15:00,4135001,INV01,2963.721,2874.809,1.561,654104.992
2026-08-26 06:15:00,4135001,INV02,2973.586,2884.379,1.554,884581.02
2026-08-26 06:15:00,4135001,INV03,2874.006,2787.786,1.524,797073.222
2026-08-26 06:15:00,4135001,INV04,514.023,498.602,0.956,743745.266
2026-08-26 06:30:00,4135001,INV01,1162.37,1127.499,1.842,654105.274
2026-08-26 06:30:00,4135001,INV02,1225.242,1188.485,1.851,884581.318
2026-08-26 06:30:00,4135001,INV03,1178.451,1143.097,1.81,797073.507
2026-08-26 06:30:00,4135001,INV04,1206.275,1170.087,1.248,743745.559
2026-08-26 06:45:00,4135001,INV01,5217.306,5060.787,3.108,654106.539
2026-08-26 06:45:00,4135001,INV02,5483.05,5318.559,3.181,884582.647
2026-08-26 06:45:00,4135001,INV03,5167.056,5012.045,3.063,797074.76
2026-08-26 06:45:00,4135001,INV04,5378.651,5217.292,2.553,743746.863
2026-08-26 07:00:00,4135001,INV01,6054.399,5872.767,4.576,654108.007
2026-08-26 07:00:00,4135001,INV02,5705.911,5534.734,4.564,884584.031
2026-08-26 07:00:00,4135001,INV03,5634.077,5465.055,4.429,797076.127
2026-08-26 07:00:00,4135001,INV04,5968.902,5789.835,4.0,743748.311
2026-08-26 07:15:00,4135001,INV01,6055.582,5873.914,6.044,654109.475
2026-08-26 07:15:00,4135001,INV02,6106.857,5923.652,6.045,884585.512
2026-08-26 07:15:00,4135001,INV03,6225.534,6038.768,5.939,797077.636
2026-08-26 07:15:00,4135001,INV04,5944.708,5766.367,5.442,743749.752
2026-08-26 07:30:00,4135001,INV01,5460.674,5296.853,7.368,654110.8
2026-08-26 07:30:00,4135001,INV02,5322.032,5162.371,7.336,884586.802
2026-08-26 07:30:00,4135001,INV03,5073.131,4920.937,7.169,797078.867
2026-08-26 07:30:00,4135001,INV04,5378.274,5216.926,6.746,743751.056
2026-08-26 07:45:00,4135001,INV01,8552.746,8296.163,9.443,654112.874
2026-08-26 07:45:00,4135001,INV02,8149.009,7904.538,9.312,884588.779
2026-08-26 07:45:00,4135001,INV03,8013.368,7772.967,9.112,797080.81
2026-08-26 07:45:00,4135001,INV04,8234.675,7987.635,8.743,743753.053
2026-08-26 08:00:00,4135001,INV01,6611.983,6413.624,11.046,654114.477
2026-08-26 08:00:00,4135001,INV02,6234.095,6047.072,10.824,884590.29
2026-08-26 08:00:00,4135001,INV03,6418.104,6225.561,10.668,797082.366
2026-08-26 08:00:00,4135001,INV04,6582.974,6385.485,10.339,743754.65
2026-08-26 08:15:00,4135001,INV01,10049.282,9747.804,13.483,654116.914
2026-08-26 08:15:00,4135001,INV02,10147.851,9843.415,13.285,884592.751
2026-08-26 08:15:00,4135001,INV03,10035.061,9734.009,13.102,797084.8
2026-08-26 08:15:00,4135001,INV04,10145.943,9841.564,12.799,743757.11
2026-08-26 08:30:00,4135001,INV01,11593.9,11246.083,16.294,654119.726
2026-08-26 08:30:00,4135001,INV02,10867.514,10541.489,15.92,884595.387
2026-08-26 08:30:00,4135001,INV03,10760.133,10437.329,15.711,797087.409
2026-08-26 08:30:00,4135001,INV04,11460.941,11117.113,15.579,743759.889
2026-08-26 08:45:00,4135001,INV01,12283.089,11914.597,19.273,654122.704
2026-08-26 08:45:00,4135001,INV02,11759.561,11406.774,18.772,884598.238
2026-08-26 08:45:00,4135001,INV03,12364.675,11993.735,18.71,797090.407
2026-08-26 08:45:00,4135001,INV04,12478.829,12104.465,18.605,743762.916
2026-08-26 09:00:00,4135001,INV01,13992.794,13573.01,22.666,654126.097
2026-08-26 09:00:00,4135001,INV02,13532.662,13126.682,22.053,884601.52
2026-08-26 09:00:00,4135001,INV03,13786.633,13373.034,22.053,797093.751
2026-08-26 09:00:00,4135001,INV04,14208.086,13781.843,22.05,743766.361
2026-08-26 09:15:00,4135001,INV01,14517.919,14082.382,26.187,654129.618
2026-08-26 09:15:00,4135001,INV02,15489.911,15025.213,25.81,884605.276
2026-08-26 09:15:00,4135001,INV03,14742.144,14299.88,25.628,797097.326
2026-08-26 09:15:00,4135001,INV04,15379.749,14918.356,25.78,743770.091
2026-08-26 09:30:00,4135001,INV01,18785.876,18222.3,30.742,654134.174
2026-08-26 09:30:00,4135001,INV02,18966.696,18397.695,30.409,884609.876
2026-08-26 09:30:00,4135001,INV03,17517.756,16992.223,29.876,797101.574
2026-08-26 09:30:00,4135001,INV04,18020.331,17479.721,30.15,743774.461
2026-08-26 09:45:00,4135001,INV01,20146.469,19542.075,35.628,654139.059
2026-08-26 09:45:00,4135001,INV02,20833.558,20208.551,35.461,884614.928
2026-08-26 09:45:00,4135001,INV03,20526.448,19910.655,34.854,797106.551
2026-08-26 09:45:00,4135001,INV04,20180.823,19575.399,35.044,743779.354
2026-08-26 10:00:00,4135001,INV01,19707.273,19116.055,40.407,654143.838
2026-08-26 10:00:00,4135001,INV02,18679.79,18119.397,39.991,884619.458
2026-08-26 10:00:00,4135001,INV03,19142.704,18568.423,39.496,797111.193
2026-08-26 10:00:00,4135001,INV04,19195.983,18620.104,39.699,743784.009
2026-08-26 10:15:00,4135001,INV01,21478.84,20834.475,45.616,654149.047
2026-08-26 10:15:00,4135001,INV02,21702.0,21050.94,45.254,884624.72
2026-08-26 10:15:00,4135001,INV03,20924.112,20296.388,44.57,797116.268
2026-08-26 10:15:00,4135001,INV04,21881.213,21224.777,45.005,743789.316
2026-08-26 10:30:00,4135001,INV01,22464.604,21790.666,51.063,654154.494
2026-08-26 10:30:00,4135001,INV02,22134.199,21470.173,50.621,884630.088
2026-08-26 10:30:00,4135001,INV03,22903.59,22216.482,50.124,797121.822
2026-08-26 10:30:00,4135001,INV04,23634.396,22925.364,50.736,743795.047
2026-08-26 10:45:00,4135001,INV01,20809.172,20184.897,56.109,654159.541
2026-08-26 10:45:00,4135001,INV02,21553.492,20906.887,55.848,884635.315
2026-08-26 10:45:00,4135001,INV03,20749.523,20127.037,55.156,797126.853
2026-08-26 10:45:00,4135001,INV04,20384.744,19773.202,55.68,743799.99
2026-08-26 11:00:00,4135001,INV01,23407.368,22705.147,61.786,654165.217
2026-08-26 11:00:00,4135001,INV02,22986.69,22297.089,61.422,884640.889
2026-08-26 11:00:00,4135001,INV03,22722.283,22040.615,60.666,797132.364
2026-08-26 11:00:00,4135001,INV04,22784.84,22101.295,61.205,743805.516
2026-08-26 11:15:00,4135001,INV01,23892.03,23175.269,67.58,654171.011
2026-08-26 11:15:00,4135001,INV02,23143.937,22449.619,67.035,884646.501
2026-08-26 11:15:00,4135001,INV03,23475.717,22771.445,66.359,797138.056
2026-08-26 11:15:00,4135001,INV04,23433.032,22730.041,66.887,743811.198
2026-08-26 11:30:00,4135001,INV01,25114.65,24361.211,73.67,654177.101
2026-08-26 11:30:00,4135001,INV02,23954.403,23235.771,72.844,884652.31
2026-08-26 11:30:00,4135001,INV03,23941.797,23223.543,72.165,797143.862
2026-08-26 11:30:00,4135001,INV04,24736.033,23993.952,72.886,743817.197
2026-08-26 11:45:00,4135001,INV01,22262.437,21594.564,79.069,654182.5
2026-08-26 11:45:00,4135001,INV02,22861.735,22175.883,78.388,884657.854
2026-08-26 11:45:00,4135001,INV03,21467.088,20823.076,77.37,797149.068
2026-08-26 11:45:00,4135001,INV04,21789.364,21135.683,78.17,743822.48
2026-08-26 12:00:00,4135001,INV01,27890.573,27053.856,85.832,654189.263
2026-08-26 12:00:00,4135001,INV02,27019.919,26209.321,84.94,884664.407
2026-08-26 12:00:00,4135001,INV03,27295.615,26476.747,83.99,797155.687
2026-08-26 12:00:00,4135001,INV04,26805.991,26001.811,84.67,743828.981
2026-08-26 12:15:00,4135001,INV01,27097.956,26285.017,92.403,654195.834
2026-08-26 12:15:00,4135001,INV02,28139.34,27295.16,91.764,884671.23
2026-08-26 12:15:00,4135001,INV03,28054.14,27212.515,90.793,797162.49
2026-08-26 12:15:00,4135001,INV04,27122.299,26308.63,91.247,743835.558
2026-08-26 12:30:00,4135001,INV01,26776.12,25972.836,98.896,654202.328
2026-08-26 12:30:00,4135001,INV02,26329.76,25539.867,98.149,884677.615
2026-08-26 12:30:00,4135001,INV03,25652.457,24882.884,97.013,797168.711
2026-08-26 12:30:00,4135001,INV04,26159.25,25374.472,97.591,743841.902
2026-08-26 12:45:00,4135001,INV01,24345.197,23614.841,104.8,654208.231
2026-08-26 12:45:00,4135001,INV02,25902.85,25125.764,104.43,884683.897
2026-08-26 12:45:00,4135001,INV03,24389.228,23657.551,102.928,797174.626
2026-08-26 12:45:00,4135001,INV04,10203.751,9897.639,100.065,743844.376
2026-08-26 13:00:00,4135001,INV01,24473.133,23738.939,110.735,654214.166
2026-08-26 13:00:00,4135001,INV02,24890.955,24144.227,110.466,884689.933
2026-08-26 13:00:00,4135001,INV03,24209.749,23483.457,108.799,797180.496
2026-08-26 13:00:00,4135001,INV04,23589.091,22881.418,105.786,743850.096
2026-08-26 13:15:00,4135001,INV01,23414.912,22712.464,116.413,654219.844
2026-08-26 13:15:00,4135001,INV02,24212.014,23485.653,116.338,884695.804
2026-08-26 13:15:00,4135001,INV03,23272.649,22574.47,114.442,797186.14
2026-08-26 13:15:00,4135001,INV04,22468.758,21794.695,111.234,743855.545
2026-08-26 13:30:00,4135001,INV01,25068.698,24316.637,122.492,654225.923
2026-08-26 13:30:00,4135001,INV02,25495.862,24730.986,122.521,884701.987
2026-08-26 13:30:00,4135001,INV03,24679.623,23939.234,120.427,797192.125
2026-08-26 13:30:00,4135001,INV04,26314.013,25524.593,117.616,743861.926
2026-08-26 13:45:00,4135001,INV01,19444.105,18860.782,127.207,654230.639
2026-08-26 13:45:00,4135001,INV02,18490.031,17935.33,127.004,884706.471
2026-08-26 13:45:00,4135001,INV03,19680.14,19089.735,125.2,797196.897
2026-08-26 13:45:00,4135001,INV04,19413.092,18830.699,122.323,743866.634
2026-08-26 14:00:00,4135001,INV01,17886.56,17349.964,131.545,654234.976
2026-08-26 14:00:00,4135001,INV02,17208.778,16692.514,131.177,884710.644
2026-08-26 14:00:00,4135001,INV03,18401.766,17849.713,129.662,797201.36
2026-08-26 14:00:00,4135001,INV04,17867.541,17331.515,126.656,743870.967
2026-08-26 14:15:00,4135001,INV01,20651.943,20032.384,136.553,654239.984
2026-08-26 14:15:00,4135001,INV02,19352.947,18772.359,135.871,884715.337
2026-08-26 14:15:00,4135001,INV03,20503.669,19888.559,134.634,797206.332
2026-08-26 14:15:00,4135001,INV04,20696.372,20075.481,131.675,743875.986
2026-08-26 14:30:00,4135001,INV01,18458.483,17904.729,141.029,654244.46
2026-08-26 14:30:00,4135001,INV02,18061.263,17519.425,140.25,884719.717
2026-08-26 14:30:00,4135001,INV03,18569.08,18012.007,139.137,797210.835
2026-08-26 14:30:00,4135001,INV04,18931.84,18363.885,136.266,743880.577
2026-08-26 14:45:00,4135001,INV01,19174.341,18599.111,145.679,654249.11
2026-08-26 14:45:00,4135001,INV02,20007.409,19407.187,145.102,884724.569
2026-08-26 14:45:00,4135001,INV03,18917.012,18349.502,143.725,797215.422
2026-08-26 14:45:00,4135001,INV04,18836.26,18271.173,140.834,743885.144
2026-08-26 15:00:00,4135001,INV01,17070.357,16558.246,149.818,654253.25
2026-08-26 15:00:00,4135001,INV02,17071.027,16558.896,149.242,884728.708
2026-08-26 15:00:00,4135001,INV03,16076.469,15594.175,147.623,797219.321
2026-08-26 15:00:00,4135001,INV04,17099.36,16586.379,144.98,743889.291
2026-08-26 15:15:00,4135001,INV01,16363.922,15873.005,153.787,654257.218
2026-08-26 15:15:00,4135001,INV02,15314.625,14855.187,152.956,884732.422
2026-08-26 15:15:00,4135001,INV03,16370.696,15879.575,151.593,797223.291
2026-08-26 15:15:00,4135001,INV04,15448.866,14985.4,148.727,743893.037
2026-08-26 15:30:00,4135001,INV01,12184.759,11819.216,156.742,654260.173
2026-08-26 15:30:00,4135001,INV02,11727.387,11375.565,155.8,884735.266
2026-08-26 15:30:00,4135001,INV03,11763.265,11410.367,154.446,797226.143
2026-08-26 15:30:00,4135001,INV04,11567.71,11220.679,151.532,743895.843
2026-08-26 15:45:00,4135001,INV01,11680.394,11329.982,159.574,654263.005
2026-08-26 15:45:00,4135001,INV02,11764.938,11411.99,158.653,884738.119
2026-08-26 15:45:00,4135001,INV03,11493.579,11148.772,157.233,797228.93
2026-08-26 15:45:00,4135001,INV04,11704.611,11353.473,154.37,743898.681
2026-08-26 16:00:00,4135001,INV01,11030.924,10699.996,162.249,654265.68
2026-08-26 16:00:00,4135001,INV02,11568.32,11221.27,161.458,884740.924
2026-08-26 16:00:00,4135001,INV03,10754.158,10431.533,159.841,797231.538
2026-08-26 16:00:00,4135001,INV04,11362.42,11021.547,157.126,743901.436
2026-08-26 16:15:00,4135001,INV01,9429.831,9146.936,164.536,654267.967
2026-08-26 16:15:00,4135001,INV02,10117.41,9813.887,163.911,884743.378
2026-08-26 16:15:00,4135001,INV03,10102.14,9799.075,162.29,797233.988
2026-08-26 16:15:00,4135001,INV04,9723.66,9431.95,159.484,743903.794
2026-08-26 16:30:00,4135001,INV01,8528.769,8272.906,166.604,654270.035
2026-08-26 16:30:00,4135001,INV02,8777.699,8514.368,166.04,884745.506
2026-08-26 16:30:00,4135001,INV03,8792.165,8528.4,164.423,797236.12
2026-08-26 16:30:00,4135001,INV04,8736.168,8474.082,161.602,743905.913
2026-08-26 16:45:00,4135001,INV01,7579.275,7351.897,168.442,654271.873
2026-08-26 16:45:00,4135001,INV02,7348.101,7127.658,167.822,884747.288
2026-08-26 16:45:00,4135001,INV03,7234.195,7017.17,166.177,797237.874
2026-08-26 16:45:00,4135001,INV04,7490.874,7266.148,163.419,743907.729
2026-08-26 17:00:00,4135001,INV01,7350.808,7130.283,170.225,654273.656
2026-08-26 17:00:00,4135001,INV02,7080.566,6868.149,169.539,884749.005
2026-08-26 17:00:00,4135001,INV03,7220.841,7004.216,167.928,797239.626
2026-08-26 17:00:00,4135001,INV04,7199.258,6983.28,165.165,743909.475
2026-08-26 17:15:00,4135001,INV01,5562.183,5395.318,171.573,654275.005
2026-08-26 17:15:00,4135001,INV02,5594.895,5427.048,170.896,884750.362
2026-08-26 17:15:00,4135001,INV03,5981.284,5801.845,169.378,797241.076
2026-08-26 17:15:00,4135001,INV04,5967.035,5788.024,166.612,743910.922
2026-08-26 17:30:00,4135001,INV01,3300.347,3201.337,172.374,654275.805
2026-08-26 17:30:00,4135001,INV02,3319.658,3220.069,171.701,884751.167
2026-08-26 17:30:00,4135001,INV03,3385.39,3283.828,170.199,797241.897
2026-08-26 17:30:00,4135001,INV04,3193.573,3097.766,167.386,743911.697
2026-08-26 17:45:00,4135001,INV01,5281.67,5123.22,173.655,654277.086
2026-08-26 17:45:00,4135001,INV02,5475.572,5311.305,173.029,884752.495
2026-08-26 17:45:00,4135001,INV03,5388.07,5226.427,171.506,797243.204
2026-08-26 17:45:00,4135001,INV04,5623.347,5454.646,168.75,743913.06
2026-08-26 18:00:00,4135001,INV01,3441.152,3337.918,174.489,654277.92
2026-08-26 18:00:00,4135001,INV02,3656.404,3546.712,173.915,884753.382
2026-08-26 18:00:00,4135001,INV03,1694.024,1643.203,171.917,797243.614
2026-08-26 18:00:00,4135001,INV04,3627.118,3518.304,169.629,743913.94
2026-08-26 18:15:00,4135001,INV01,2583.337,2505.837,175.115,654278.547
2026-08-26 18:15:00,4135001,INV02,2502.142,2427.078,174.522,884753.988
2026-08-26 18:15:00,4135001,INV03,2440.031,2366.83,172.508,797244.206
2026-08-26 18:15:00,4135001,INV04,2403.74,2331.628,170.212,743914.523
2026-08-26 18:30:00,4135001,INV01,2007.507,1947.282,175.602,654279.033
2026-08-26 18:30:00,4135001,INV02,2004.167,1944.042,175.008,884754.474
2026-08-26 18:30:00,4135001,INV03,2045.804,1984.43,173.005,797244.702
2026-08-26 18:30:00,4135001,INV04,2080.624,2018.206,170.717,743915.027
2026-08-26 18:45:00,4135001,INV01,0.0,0.0,175.602,654279.033
2026-08-26 18:45:00,4135001,INV02,0.0,0.0,175.008,884754.474
2026-08-26 18:45:00,4135001,INV03,4.198,4.072,173.006,797244.703
2026-08-26 18:45:00,4135001,INV04,22.038,21.377,170.722,743915.033
2026-08-26 19:00:00,4135001,INV01,0.0,0.0,175.602,654279.033
2026-08-26 19:00:00,4135001,INV02,5.308,5.149,175.009,884754.476
2026-08-26 19:00:00,4135001,INV03,0.0,0.0,173.006,797244.703
2026-08-26 19:00:00,4135001,INV04,1.776,1.722,170.722,743915.033
2026-08-26 19:15:00,4135001,INV01,0.0,0.0,175.602,654279.033
2026-08-26 19:15:00,4135001,INV02,0.0,0.0,175.009,884754.476
2026-08-26 19:15:00,4135001,INV03,0.0,0.0,173.006,797244.703
2026-08-26 19:15:00,4135001,INV04,9.941,9.643,170.725,743915.036
2026-08-26 19:30:00,4135001,INV01,7.885,7.649,175.604,654279.035
2026-08-26 19:30:00,4135001,INV02,9.857,9.561,175.012,884754.478
2026-08-26 19:30:00,4135001,INV03,18.113,17.569,173.01,797244.708
2026-08-26 19:30:00,4135001,INV04,0.0,0.0,170.725,743915.036
2026-08-26 19:45:00,4135001,INV01,7.006,6.795,175.606,654279.037
2026-08-26 19:45:00,4135001,INV02,0.0,0.0,175.012,884754.478
2026-08-26 19:45:00,4135001,INV03,0.0,0.0,173.01,797244.708
2026-08-26 19:45:00,4135001,INV04,0.0,0.0,170.725,743915.036
2026-08-26 20:00:00,4135001,INV01,21.747,21.095,175.611,654279.042
2026-08-26 20:00:00,4135001,INV02,24.888,24.142,175.018,884754.484
2026-08-26 20:00:00,4135001,INV03,33.119,32.125,173.018,797244.716
2026-08-26 20:00:00,4135001,INV04,0.0,0.0,170.725,743915.036
2026-08-26 20:15:00,4135001,INV01,0.0,0.0,175.611,654279.042
2026-08-26 20:15:00,4135001,INV02,9.543,9.257,175.02,884754.486
2026-08-26 20:15:00,4135001,INV03,0.0,0.0,173.018,797244.716
2026-08-26 20:15:00,4135001,INV04,23.225,22.528,170.731,743915.041
2026-08-26 20:30:00,4135001,INV01,19.755,19.163,175.616,654279.047
2026-08-26 20:30:00,4135001,INV02,0.0,0.0,175.02,884754.486
2026-08-26 20:30:00,4135001,INV03,11.163,10.828,173.021,797244.718
2026-08-26 20:30:00,4135001,INV04,5.648,5.478,170.732,743915.043
2026-08-26 20:45:00,4135001,INV01,32.378,31.406,175.624,654279.055
2026-08-26 20:45:00,4135001,INV02,1.912,1.855,175.021,884754.487
2026-08-26 20:45:00,4135001,INV03,0.198,0.192,173.021,797244.718
2026-08-26 20:45:00,4135001,INV04,0.267,0.259,170.732,743915.043
2026-08-26 21:00:00,4135001,INV01,9.205,8.929,175.626,654279.057
2026-08-26 21:00:00,4135001,INV02,1.662,1.612,175.021,884754.487
2026-08-26 21:00:00,4135001,INV03,0.0,0.0,173.021,797244.718
2026-08-26 21:00:00,4135001,INV04,9.342,9.062,170.734,743915.045
2026-08-26 21:15:00,4135001,INV01,0.0,0.0,175.626,654279.057
2026-08-26 21:15:00,4135001,INV02,22.03,21.369,175.026,884754.493
2026-08-26 21:15:00,4135001,INV03,0.0,0.0,173.021,797244.718
2026-08-26 21:15:00,4135001,INV04,11.824,11.469,170.737,743915.048
2026-08-26 21:30:00,4135001,INV01,0.0,0.0,175.626,654279.057
2026-08-26 21:30:00,4135001,INV02,17.568,17.041,175.031,884754.497
2026-08-26 21:30:00,4135001,INV03,0.0,0.0,173.021,797244.718
2026-08-26 21:30:00,4135001,INV04,0.0,0.0,170.737,743915.048
2026-08-26 21:45:00,4135001,INV01,14.127,13.704,175.629,654279.061
2026-08-26 21:45:00,4135001,INV02,0.0,0.0,175.031,884754.497
2026-08-26 21:45:00,4135001,INV03,0.0,0.0,173.021,797244.718
2026-08-26 21:45:00,4135001,INV04,0.0,0.0,170.737,743915.048
2026-08-26 22:00:00,4135001,INV01,0.0,0.0,175.629,654279.061
2026-08-26 22:00:00,4135001,INV02,26.446,25.652,175.037,884754.503
2026-08-26 22:00:00,4135001,INV03,0.0,0.0,173.021,797244.718
2026-08-26 22:00:00,4135001,INV04,0.0,0.0,170.737,743915.048
2026-08-26 22:15:00,4135001,INV01,6.717,6.515,175.631,654279.062
2026-08-26 22:15:00,4135001,INV02,2.191,2.125,175.037,884754.504
2026-08-26 22:15:00,4135001,INV03,0.0,0.0,173.021,797244.718
2026-08-26 22:15:00,4135001,INV04,25.469,24.705,170.743,743915.054
2026-08-26 22:30:00,4135001,INV01,10.98,10.651,175.634,654279.065
2026-08-26 22:30:00,4135001,INV02,0.0,0.0,175.037,884754.504
2026-08-26 22:30:00,4135001,INV03,2.84,2.754,173.021,797244.719
2026-08-26 22:30:00,4135001,INV04,0.0,0.0,170.743,743915.054
2026-08-26 22:45:00,4135001,INV01,0.0,0.0,175.634,654279.065
2026-08-26 22:45:00,4135001,INV02,24.752,24.009,175.043,884754.51
2026-08-26 22:45:00,4135001,INV03,0.0,0.0,173.021,797244.719
2026-08-26 22:45:00,4135001,INV04,0.0,0.0,170.743,743915.054
2026-08-26 23:00:00,4135001,INV01,0.0,0.0,175.634,654279.065
2026-08-26 23:00:00,4135001,INV02,0.0,0.0,175.043,884754.51
2026-08-26 23:00:00,4135001,INV03,3.3,3.201,173.022,797244.72
2026-08-26 23:00:00,4135001,INV04,3.547,3.441,170.744,743915.055
2026-08-26 23:15:00,4135001,INV01,11.736,11.384,175.637,654279.068
2026-08-26 23:15:00,4135001,INV02,0.0,0.0,175.043,884754.51
2026-08-26 23:15:00,4135001,INV03,33.014,32.023,173.03,797244.728
2026-08-26 23:15:00,4135001,INV04,3.268,3.17,170.745,743915.056
2026-08-26 23:30:00,4135001,INV01,0.0,0.0,175.637,654279.068
2026-08-26 23:30:00,4135001,INV02,0.305,0.296,175.044,884754.51
2026-08-26 23:30:00,4135001,INV03,0.0,0.0,173.03,797244.728
2026-08-26 23:30:00,4135001,INV04,27.044,26.233,170.751,743915.062
2026-08-26 23:45:00,4135001,INV01,6.088,5.906,175.638,654279.069
2026-08-26 23:45:00,4135001,INV02,0.0,0.0,175.044,884754.51
2026-08-26 23:45:00,4135001,INV03,9.015,8.745,173.032,797244.73
2026-08-26 23:45:00,4135001,INV04,3.409,3.307,170.752,743915.063
2026-08-27 00:00:00,4135001,INV01,0.0,0.0,0.0,654279.069
2026-08-27 00:00:00,4135001,INV02,0.0,0.0,0.0,884754.51
2026-08-27 00:00:00,4135001,INV03,13.419,13.016,0.003,797244.733
2026-08-27 00:00:00,4135001,INV04,4.981,4.832,0.001,743915.064
2026-08-27 00:15:00,4135001,INV01,35.505,34.439,0.009,654279.078
2026-08-27 00:15:00,4135001,INV02,0.0,0.0,0.0,884754.51
2026-08-27 00:15:00,4135001,INV03,0.0,0.0,0.003,797244.733
2026-08-27 00:15:00,4135001,INV04,0.0,0.0,0.001,743915.064
2026-08-27 00:30:00,4135001,INV01,0.0,0.0,0.009,654279.078
2026-08-27 00:30:00,4135001,INV02,1.304,1.265,0.0,884754.51
2026-08-27 00:30:00,4135001,INV03,0.354,0.343,0.003,797244.733
2026-08-27 00:30:00,4135001,INV04,19.954,19.355,0.006,743915.069
2026-08-27 00:45:00,4135001,INV01,23.8,23.086,0.014,654279.084
2026-08-27 00:45:00,4135001,INV02,9.409,9.126,0.003,884754.513
2026-08-27 00:45:00,4135001,INV03,0.0,0.0,0.003,797244.733
2026-08-27 00:45:00,4135001,INV04,0.0,0.0,0.006,743915.069
2026-08-27 01:00:00,4135001,INV01,1.45,1.406,0.015,654279.084
2026-08-27 01:00:00,4135001,INV02,14.874,14.428,0.006,884754.516
2026-08-27 01:00:00,4135001,INV03,0.0,0.0,0.003,797244.733
2026-08-27 01:00:00,4135001,INV04,0.0,0.0,0.006,743915.069
2026-08-27 01:15:00,4135001,INV01,15.354,14.893,0.018,654279.088
2026-08-27 01:15:00,4135001,INV02,3.302,3.203,0.007,884754.517
2026-08-27 01:15:00,4135001,INV03,25.368,24.607,0.009,797244.74
2026-08-27 01:15:00,4135001,INV04,0.0,0.0,0.006,743915.069
2026-08-27 01:30:00,4135001,INV01,0.625,0.606,0.019,654279.088
2026-08-27 01:30:00,4135001,INV02,0.0,0.0,0.007,884754.517
2026-08-27 01:30:00,4135001,INV03,0.0,0.0,0.009,797244.74
2026-08-27 01:30:00,4135001,INV04,10.781,10.458,0.009,743915.072
2026-08-27 01:45:00,4135001,INV01,0.0,0.0,0.019,654279.088
2026-08-27 01:45:00,4135001,INV02,0.0,0.0,0.007,884754.517
2026-08-27 01:45:00,4135001,INV03,0.0,0.0,0.009,797244.74
2026-08-27 01:45:00,4135001,INV04,15.277,14.819,0.012,743915.075
2026-08-27 02:00:00,4135001,INV01,1.361,1.32,0.019,654279.088
2026-08-27 02:00:00,4135001,INV02,0.0,0.0,0.007,884754.517
2026-08-27 02:00:00,4135001,INV03,0.0,0.0,0.009,797244.74
2026-08-27 02:00:00,4135001,INV04,0.0,0.0,0.012,743915.075
2026-08-27 02:15:00,4135001,INV01,0.0,0.0,0.019,654279.088
2026-08-27 02:15:00,4135001,INV02,0.0,0.0,0.007,884754.517
2026-08-27 02:15:00,4135001,INV03,0.0,0.0,0.009,797244.74
2026-08-27 02:15:00,4135001,INV04,0.0,0.0,0.012,743915.075
2026-08-27 02:30:00,4135001,INV01,0.0,0.0,0.019,654279.088
2026-08-27 02:30:00,4135001,INV02,0.0,0.0,0.007,884754.517
2026-08-27 02:30:00,4135001,INV03,0.0,0.0,0.009,797244.74
2026-08-27 02:30:00,4135001,INV04,0.0,0.0,0.012,743915.075
2026-08-27 02:45:00,4135001,INV01,9.477,9.193,0.021,654279.09
2026-08-27 02:45:00,4135001,INV02,19.692,19.102,0.012,884754.522
2026-08-27 02:45:00,4135001,INV03,18.048,17.506,0.014,797244.744
2026-08-27 02:45:00,4135001,INV04,0.0,0.0,0.012,743915.075
2026-08-27 03:00:00,4135001,INV01,0.0,0.0,0.021,654279.09
2026-08-27 03:00:00,4135001,INV02,11.858,11.502,0.015,884754.525
2026-08-27 03:00:00,4135001,INV03,0.0,0.0,0.014,797244.744
2026-08-27 03:00:00,4135001,INV04,0.0,0.0,0.012,743915.075
2026-08-27 03:15:00,4135001,INV01,0.0,0.0,0.021,654279.09
2026-08-27 03:15:00,4135001,INV02,0.0,0.0,0.015,884754.525
2026-08-27 03:15:00,4135001,INV03,0.0,0.0,0.014,797244.744
2026-08-27 03:15:00,4135001,INV04,12.479,12.104,0.015,743915.078
2026-08-27 03:30:00,4135001,INV01,6.901,6.694,0.023,654279.092
2026-08-27 03:30:00,4135001,INV02,2.767,2.684,0.015,884754.525
2026-08-27 03:30:00,4135001,INV03,0.0,0.0,0.014,797244.744
2026-08-27 03:30:00,4135001,INV04,5.876,5.7,0.017,743915.08
2026-08-27 03:45:00,4135001,INV01,20.076,19.474,0.028,654279.097
2026-08-27 03:45:00,4135001,INV02,0.0,0.0,0.015,884754.525
2026-08-27 03:45:00,4135001,INV03,0.0,0.0,0.014,797244.744
2026-08-27 03:45:00,4135001,INV04,0.0,0.0,0.017,743915.08
2026-08-27 04:00:00,4135001,INV01,0.0,0.0,0.028,654279.097
2026-08-27 04:00:00,4135001,INV02,0.0,0.0,0.015,884754.525
2026-08-27 04:00:00,4135001,INV03,31.99,31.03,0.022,797244.752
2026-08-27 04:00:00,4135001,INV04,0.0,0.0,0.017,743915.08
2026-08-27 04:15:00,4135001,INV01,1.646,1.597,0.028,654279.097
2026-08-27 04:15:00,4135001,INV02,0.0,0.0,0.015,884754.525
2026-08-27 04:15:00,4135001,INV03,0.0,0.0,0.022,797244.752
2026-08-27 04:15:00,4135001,INV04,5.431,5.268,0.018,743915.081
2026-08-27 04:30:00,4135001,INV01,0.0,0.0,0.028,654279.097
2026-08-27 04:30:00,4135001,INV02,11.849,11.493,0.018,884754.528
2026-08-27 04:30:00,4135001,INV03,0.0,0.0,0.022,797244.752
2026-08-27 04:30:00,4135001,INV04,0.0,0.0,0.018,743915.081
2026-08-27 04:45:00,4135001,INV01,4.236,4.109,0.029,654279.098
2026-08-27 04:45:00,4135001,INV02,2.782,2.698,0.019,884754.529
2026-08-27 04:45:00,4135001,INV03,3.063,2.971,0.022,797244.752
2026-08-27 04:45:00,4135001,INV04,0.0,0.0,0.018,743915.081
2026-08-27 05:00:00,4135001,INV01,10.022,9.722,0.032,654279.101
2026-08-27 05:00:00,4135001,INV02,30.942,30.014,0.026,884754.536
2026-08-27 05:00:00,4135001,INV03,0.0,0.0,0.022,797244.752
2026-08-27 05:00:00,4135001,INV04,10.158,9.853,0.021,743915.084
2026-08-27 05:15:00,4135001,INV01,0.0,0.0,0.032,654279.101
2026-08-27 05:15:00,4135001,INV02,0.0,0.0,0.026,884754.536
2026-08-27 05:15:00,4135001,INV03,22.265,21.597,0.028,797244.758
2026-08-27 05:15:00,4135001,INV04,7.892,7.655,0.023,743915.085
2026-08-27 05:30:00,4135001,INV01,0.0,0.0,0.032,654279.101
2026-08-27 05:30:00,4135001,INV02,17.617,17.089,0.031,884754.541
2026-08-27 05:30:00,4135001,INV03,10.395,10.083,0.03,797244.76
2026-08-27 05:30:00,4135001,INV04,0.0,0.0,0.023,743915.085
2026-08-27 05:45:00,4135001,INV01,6.06,5.878,0.033,654279.102
2026-08-27 05:45:00,4135001,INV02,0.0,0.0,0.031,884754.541
2026-08-27 05:45:00,4135001,INV03,0.0,0.0,0.03,797244.76
2026-08-27 05:45:00,4135001,INV04,17.632,17.103,0.027,743915.09
2026-08-27 06:00:00,4135001,INV01,1640.615,1591.396,0.431,654279.5
2026-08-27 06:00:00,4135001,INV02,1676.333,1626.043,0.437,884754.947
2026-08-27 06:00:00,4135001,INV03,1683.523,1633.018,0.439,797245.169
2026-08-27 06:00:00,4135001,INV04,1666.949,1616.94,0.431,743915.494
2026-08-27 06:15:00,4135001,INV01,4264.854,4136.908,1.465,654280.534
2026-08-27 06:15:00,4135001,INV02,4101.327,3978.287,1.432,884755.942
2026-08-27 06:15:00,4135001,INV03,4303.35,4174.25,1.482,797246.212
2026-08-27 06:15:00,4135001,INV04,4124.057,4000.335,1.431,743916.494
2026-08-27 06:30:00,4135001,INV01,3172.732,3077.55,2.235,654281.304
2026-08-27 06:30:00,4135001,INV02,3180.301,3084.892,2.203,884756.713
2026-08-27 06:30:00,4135001,INV03,3129.142,3035.267,2.241,797246.971
2026-08-27 06:30:00,4135001,INV04,3112.915,3019.528,2.186,743917.249
2026-08-27 06:45:00,4135001,INV01,4288.726,4160.064,3.275,654282.344
2026-08-27 06:45:00,4135001,INV02,4154.595,4029.957,3.21,884757.72
2026-08-27 06:45:00,4135001,INV03,4265.007,4137.057,3.275,797248.005
2026-08-27 06:45:00,4135001,INV04,4362.934,4232.046,3.244,743918.307
2026-08-27 07:00:00,4135001,INV01,6941.707,6733.455,4.958,654284.027
2026-08-27 07:00:00,4135001,INV02,6942.101,6733.838,4.894,884759.404
2026-08-27 07:00:00,4135001,INV03,6893.545,6686.739,4.947,797249.677
2026-08-27 07:00:00,4135001,INV04,6971.216,6762.079,4.935,743919.997
2026-08-27 07:15:00,4135001,INV01,6421.895,6229.238,6.515,654285.585
2026-08-27 07:15:00,4135001,INV02,6443.102,6249.809,6.456,884760.966
2026-08-27 07:15:00,4135001,INV03,6543.566,6347.259,6.534,797251.264
2026-08-27 07:15:00,4135001,INV04,6388.219,6196.573,6.484,743921.547
2026-08-27 07:30:00,4135001,INV01,7524.267,7298.539,8.34,654287.409
2026-08-27 07:30:00,4135001,INV02,7907.484,7670.259,8.374,884762.884
2026-08-27 07:30:00,4135001,INV03,7803.696,7569.585,8.426,797253.156
2026-08-27 07:30:00,4135001,INV04,7720.213,7488.607,8.356,743923.419
2026-08-27 07:45:00,4135001,INV01,7238.529,7021.373,10.095,654289.164
2026-08-27 07:45:00,4135001,INV02,7359.692,7138.901,10.159,884764.669
2026-08-27 07:45:00,4135001,INV03,7196.553,6980.656,10.171,797254.901
2026-08-27 07:45:00,4135001,INV04,7417.3,7194.781,10.155,743925.217
2026-08-27 08:00:00,4135001,INV01,6851.167,6645.632,11.757,654290.826
2026-08-27 08:00:00,4135001,INV02,6954.906,6746.259,11.845,884766.355
2026-08-27 08:00:00,4135001,INV03,6788.696,6585.035,11.818,797256.548
2026-08-27 08:00:00,4135001,INV04,6690.835,6490.11,11.777,743926.84
2026-08-27 08:15:00,4135001,INV01,8942.366,8674.095,13.925,654292.994
2026-08-27 08:15:00,4135001,INV02,9528.469,9242.615,14.156,884768.666
2026-08-27 08:15:00,4135001,INV03,9383.94,9102.422,14.093,797258.823
2026-08-27 08:15:00,4135001,INV04,9535.709,9249.637,14.089,743929.152
2026-08-27 08:30:00,4135001,INV01,13342.276,12942.008,17.161,654296.23
2026-08-27 08:30:00,4135001,INV02,13183.955,12788.436,17.353,884771.863
2026-08-27 08:30:00,4135001,INV03,12833.622,12448.613,17.205,797261.935
2026-08-27 08:30:00,4135001,INV04,12824.07,12439.348,17.199,743932.262
2026-08-27 08:45:00,4135001,INV01,10505.353,10190.192,19.708,654298.777
2026-08-27 08:45:00,4135001,INV02,10463.343,10149.443,19.89,884774.4
2026-08-27 08:45:00,4135001,INV03,10522.417,10206.744,19.757,797264.487
2026-08-27 08:45:00,4135001,INV04,10084.849,9782.303,19.645,743934.708
2026-08-27 09:00:00,4135001,INV01,15142.037,14687.776,23.38,654302.449
2026-08-27 09:00:00,4135001,INV02,14941.581,14493.334,23.514,884778.024
2026-08-27 09:00:00,4135001,INV03,15278.026,14819.685,23.462,797268.192
2026-08-27 09:00:00,4135001,INV04,14445.355,14011.994,23.148,743938.211
2026-08-27 09:15:00,4135001,INV01,15903.739,15426.627,27.237,654306.306
2026-08-27 09:15:00,4135001,INV02,16683.29,16182.791,27.559,884782.069
2026-08-27 09:15:00,4135001,INV03,17108.595,16595.338,27.611,797272.341
2026-08-27 09:15:00,4135001,INV04,16636.616,16137.517,27.182,743942.245
2026-08-27 09:30:00,4135001,INV01,15241.486,14784.241,30.933,654310.002
2026-08-27 09:30:00,4135001,INV02,14812.792,14368.408,31.151,884785.661
2026-08-27 09:30:00,4135001,INV03,15442.539,14979.263,31.356,797276.086
2026-08-27 09:30:00,4135001,INV04,14748.257,14305.809,30.759,743945.822
2026-08-27 09:45:00,4135001,INV01,16407.301,15915.082,34.912,654313.981
2026-08-27 09:45:00,4135001,INV02,15706.915,15235.708,34.96,884789.47
2026-08-27 09:45:00,4135001,INV03,15799.81,15325.816,35.187,797279.917
2026-08-27 09:45:00,4135001,INV04,15415.298,14952.839,34.497,743949.56
2026-08-27 10:00:00,4135001,INV01,17044.909,16533.562,39.045,654318.114
2026-08-27 10:00:00,4135001,INV02,17075.824,16563.549,39.101,884793.611
2026-08-27 10:00:00,4135001,INV03,17100.485,16587.471,39.334,797284.064
2026-08-27 10:00:00,4135001,INV04,17098.605,16585.647,38.643,743953.706
2026-08-27 10:15:00,4135001,INV01,19552.817,18966.233,43.787,654322.856
2026-08-27 10:15:00,4135001,INV02,18915.537,18348.07,43.688,884798.198
2026-08-27 10:15:00,4135001,INV03,18798.892,18234.925,43.893,797288.623
2026-08-27 10:15:00,4135001,INV04,19979.51,19380.125,43.488,743958.551
2026-08-27 10:30:00,4135001,INV01,22418.278,21745.729,49.223,654328.292
2026-08-27 10:30:00,4135001,INV02,21862.968,21207.079,48.99,884803.5
2026-08-27 10:30:00,4135001,INV03,21296.028,20657.147,49.057,797293.787
2026-08-27 10:30:00,4135001,INV04,22703.469,22022.365,48.994,743964.057
2026-08-27 10:45:00,4135001,INV01,19572.942,18985.754,53.969,654333.039
2026-08-27 10:45:00,4135001,INV02,20816.689,20192.189,54.038,884808.548
2026-08-27 10:45:00,4135001,INV03,19735.509,19143.444,53.843,797298.573
2026-08-27 10:45:00,4135001,INV04,20277.5,19669.175,53.911,743968.974
2026-08-27 11:00:00,4135001,INV01,23177.943,22482.605,59.59,654338.659
2026-08-27 11:00:00,4135001,INV02,22198.256,21532.309,59.421,884813.931
2026-08-27 11:00:00,4135001,INV03,23152.63,22458.051,59.457,797304.187
2026-08-27 11:00:00,4135001,INV04,22787.933,22104.295,59.437,743974.5
2026-08-27 11:15:00,4135001,INV01,23393.426,22691.623,65.263,654344.332
2026-08-27 11:15:00,4135001,INV02,23175.319,22480.06,65.041,884819.551
2026-08-27 11:15:00,4135001,INV03,22922.407,22234.735,65.016,797309.746
2026-08-27 11:15:00,4135001,INV04,22452.53,21778.954,64.882,743979.945
2026-08-27 11:30:00,4135001,INV01,26318.35,25528.799,71.645,654350.714
2026-08-27 11:30:00,4135001,INV02,27501.798,26676.744,71.71,884826.22
2026-08-27 11:30:00,4135001,INV03,28268.942,27420.874,71.871,797316.601
2026-08-27 11:30:00,4135001,INV04,27833.119,26998.125,71.632,743986.695
2026-08-27 11:45:00,4135001,INV01,23631.788,22922.834,77.376,654356.445
2026-08-27 11:45:00,4135001,INV02,24563.987,23827.068,77.667,884832.177
2026-08-27 11:45:00,4135001,INV03,25239.564,24482.377,77.992,797322.722
2026-08-27 11:45:00,4135001,INV04,25169.427,24414.344,77.735,743992.798
2026-08-27 12:00:00,4135001,INV01,26892.425,26085.652,83.897,654362.967
2026-08-27 12:00:00,4135001,INV02,26092.551,25309.774,83.995,884838.505
2026-08-27 12:00:00,4135001,INV03,26960.694,26151.873,84.53,797329.26
2026-08-27 12:00:00,4135001,INV04,25627.847,24859.012,83.95,743999.013
2026-08-27 12:15:00,4135001,INV01,26978.197,26168.851,90.44,654369.509
2026-08-27 12:15:00,4135001,INV02,26837.72,26032.589,90.503,884845.013
2026-08-27 12:15:00,4135001,INV03,25385.24,24623.683,90.686,797335.416
2026-08-27 12:15:00,4135001,INV04,25388.495,24626.84,90.107,744005.17
2026-08-27 12:30:00,4135001,INV01,25024.046,24273.325,96.508,654375.577
2026-08-27 12:30:00,4135001,INV02,24012.808,23292.424,96.326,884850.836
2026-08-27 12:30:00,4135001,INV03,23832.261,23117.293,96.465,797341.195
2026-08-27 12:30:00,4135001,INV04,24549.838,23813.343,96.06,744011.123
2026-08-27 12:45:00,4135001,INV01,27008.355,26198.104,103.057,654382.127
2026-08-27 12:45:00,4135001,INV02,26908.657,26101.397,102.851,884857.361
2026-08-27 12:45:00,4135001,INV03,26629.732,25830.84,102.923,797347.653
2026-08-27 12:45:00,4135001,INV04,27549.822,26723.327,102.741,744017.804
2026-08-27 13:00:00,4135001,INV01,26256.85,25469.144,109.425,654388.494
2026-08-27 13:00:00,4135001,INV02,26572.715,25775.533,109.295,884863.805
2026-08-27 13:00:00,4135001,INV03,25953.943,25175.325,109.216,797353.947
2026-08-27 13:00:00,4135001,INV04,26636.991,25837.881,109.2,744024.263
2026-08-27 13:15:00,4135001,INV01,25119.11,24365.536,115.516,654394.585
2026-08-27 13:15:00,4135001,INV02,23916.234,23198.747,115.095,884869.605
2026-08-27 13:15:00,4135001,INV03,24802.688,24058.607,115.231,797359.961
2026-08-27 13:15:00,4135001,INV04,25526.317,24760.527,115.39,744030.453
2026-08-27 13:30:00,4135001,INV01,23924.28,23206.551,121.318,654400.387
2026-08-27 13:30:00,4135001,INV02,24903.945,24156.827,121.134,884875.644
2026-08-27 13:30:00,4135001,INV03,25033.994,24282.974,121.302,797366.032
2026-08-27 13:30:00,4135001,INV04,24333.115,23603.121,121.291,744036.354
2026-08-27 13:45:00,4135001,INV01,23053.759,22362.146,126.908,654405.978
2026-08-27 13:45:00,4135001,INV02,23652.291,22942.723,126.87,884881.38
2026-08-27 13:45:00,4135001,INV03,22301.145,21632.11,126.71,797371.44
2026-08-27 13:45:00,4135001,INV04,22234.029,21567.008,126.683,744041.746
2026-08-27 14:00:00,4135001,INV01,17418.703,16896.141,131.132,654410.202
2026-08-27 14:00:00,4135001,INV02,17821.465,17286.821,131.191,884885.701
2026-08-27 14:00:00,4135001,INV03,18150.613,17606.095,131.111,797375.841
2026-08-27 14:00:00,4135001,INV04,17580.657,17053.238,130.946,744046.009
2026-08-27 14:15:00,4135001,INV01,19837.717,19242.585,135.943,654415.012
2026-08-27 14:15:00,4135001,INV02,20614.008,19995.588,136.19,884890.7
2026-08-27 14:15:00,4135001,INV03,20286.508,19677.913,136.031,797380.761
2026-08-27 14:15:00,4135001,INV04,21352.633,20712.054,136.124,744051.187
2026-08-27 14:30:00,4135001,INV01,20799.93,20175.932,140.987,654420.056
2026-08-27 14:30:00,4135001,INV02,20292.172,19683.407,141.111,884895.621
2026-08-27 14:30:00,4135001,INV03,20322.957,19713.269,140.959,797385.689
2026-08-27 14:30:00,4135001,INV04,20557.931,19941.193,141.11,744056.172
2026-08-27 14:45:00,4135001,INV01,20082.715,19480.234,145.857,654424.926
2026-08-27 14:45:00,4135001,INV02,19168.712,18593.651,145.76,884900.27
2026-08-27 14:45:00,4135001,INV03,19064.359,18492.429,145.582,797390.312
2026-08-27 14:45:00,4135001,INV04,20156.091,19551.408,145.997,744061.06
2026-08-27 15:00:00,4135001,INV01,16236.171,15749.086,149.794,654428.864
2026-08-27 15:00:00,4135001,INV02,16063.738,15581.826,149.655,884904.165
2026-08-27 15:00:00,4135001,INV03,15958.883,15480.117,149.452,797394.182
2026-08-27 15:00:00,4135001,INV04,16927.678,16419.848,150.102,744065.165
2026-08-27 15:15:00,4135001,INV01,12391.066,12019.334,152.799,654431.868
2026-08-27 15:15:00,4135001,INV02,12408.717,12036.455,152.664,884907.174
2026-08-27 15:15:00,4135001,INV03,12500.02,12125.019,152.484,797397.214
2026-08-27 15:15:00,4135001,INV04,13015.032,12624.581,153.259,744068.321
2026-08-27 15:30:00,4135001,INV01,13841.656,13426.407,156.156,654435.225
2026-08-27 15:30:00,4135001,INV02,14048.722,13627.261,156.071,884910.581
2026-08-27 15:30:00,4135001,INV03,13519.479,13113.894,155.762,797400.492
2026-08-27 15:30:00,4135001,INV04,13788.333,13374.683,156.602,744071.665
2026-08-27 15:45:00,4135001,INV01,12615.762,12237.29,159.215,654438.284
2026-08-27 15:45:00,4135001,INV02,12343.878,11973.561,159.064,884913.574
2026-08-27 15:45:00,4135001,INV03,12306.496,11937.301,158.746,797403.476
2026-08-27 15:45:00,4135001,INV04,12354.977,11984.328,159.598,744074.661
2026-08-27 16:00:00,4135001,INV01,13029.701,12638.81,162.375,654441.444
2026-08-27 16:00:00,4135001,INV02,13804.445,13390.312,162.412,884916.922
2026-08-27 16:00:00,4135001,INV03,6374.553,6183.317,160.292,797405.022
2026-08-27 16:00:00,4135001,INV04,12867.39,12481.368,162.719,744077.782
2026-08-27 16:15:00,4135001,INV01,6812.971,6608.582,164.027,654443.096
2026-08-27 16:15:00,4135001,INV02,6477.166,6282.851,163.983,884918.493
2026-08-27 16:15:00,4135001,INV03,6543.656,6347.346,161.879,797406.609
2026-08-27 16:15:00,4135001,INV04,6389.852,6198.157,164.268,744079.331
2026-08-27 16:30:00,4135001,INV01,9699.387,9408.405,166.379,654445.448
2026-08-27 16:30:00,4135001,INV02,9463.595,9179.687,166.278,884920.788
2026-08-27 16:30:00,4135001,INV03,9319.087,9039.514,164.139,797408.869
2026-08-27 16:30:00,4135001,INV04,9284.957,9006.408,166.52,744081.583
2026-08-27 16:45:00,4135001,INV01,7026.371,6815.579,168.083,654447.152
2026-08-27 16:45:00,4135001,INV02,6932.481,6724.506,167.959,884922.469
2026-08-27 16:45:00,4135001,INV03,6701.877,6500.82,165.764,797410.494
2026-08-27 16:45:00,4135001,INV04,7031.438,6820.495,168.225,744083.288
2026-08-27 17:00:00,4135001,INV01,7312.272,7092.904,169.856,654448.925
2026-08-27 17:00:00,4135001,INV02,7201.908,6985.851,169.705,884924.215
2026-08-27 17:00:00,4135001,INV03,7027.996,6817.157,167.468,797412.198
2026-08-27 17:00:00,4135001,INV04,7200.181,6984.175,169.971,744085.034
2026-08-27 17:15:00,4135001,INV01,4585.082,4447.529,170.968,654450.037
2026-08-27 17:15:00,4135001,INV02,4662.547,4522.671,170.836,884925.346
2026-08-27 17:15:00,4135001,INV03,4323.548,4193.841,168.517,797413.247
2026-08-27 17:15:00,4135001,INV04,4581.724,4444.272,171.082,744086.145
2026-08-27 17:30:00,4135001,INV01,4930.349,4782.439,172.164,654451.233
2026-08-27 17:30:00,4135001,INV02,4836.297,4691.208,172.009,884926.519
2026-08-27 17:30:00,4135001,INV03,5020.275,4869.666,169.734,797414.464
2026-08-27 17:30:00,4135001,INV04,5111.174,4957.839,172.321,744087.384
2026-08-27 17:45:00,4135001,INV01,3855.507,3739.842,173.099,654452.168
2026-08-27 17:45:00,4135001,INV02,3928.388,3810.536,172.961,884927.471
2026-08-27 17:45:00,4135001,INV03,3941.851,3823.595,170.69,797415.42
2026-08-27 17:45:00,4135001,INV04,3936.834,3818.729,173.276,744088.339
2026-08-27 18:00:00,4135001,INV01,4566.616,4429.618,174.206,654453.275
2026-08-27 18:00:00,4135001,INV02,4506.648,4371.448,174.054,884928.564
2026-08-27 18:00:00,4135001,INV03,4507.96,4372.721,171.783,797416.513
2026-08-27 18:00:00,4135001,INV04,4646.229,4506.842,174.403,744089.466
2026-08-27 18:15:00,4135001,INV01,2837.103,2751.99,174.894,654453.963
2026-08-27 18:15:00,4135001,INV02,3041.342,2950.101,174.792,884929.302
2026-08-27 18:15:00,4135001,INV03,2906.547,2819.351,172.488,797417.218
2026-08-27 18:15:00,4135001,INV04,2908.7,2821.439,175.108,744090.171
2026-08-27 18:30:00,4135001,INV01,870.774,844.651,175.105,654454.174
2026-08-27 18:30:00,4135001,INV02,904.062,876.94,175.011,884929.521
2026-08-27 18:30:00,4135001,INV03,885.802,859.228,172.703,797417.433
2026-08-27 18:30:00,4135001,INV04,892.484,865.709,175.325,744090.388
2026-08-27 18:45:00,4135001,INV01,7.708,7.477,175.107,654454.176
2026-08-27 18:45:00,4135001,INV02,0.0,0.0,175.011,884929.521
2026-08-27 18:45:00,4135001,INV03,5.803,5.629,172.704,797417.435
2026-08-27 18:45:00,4135001,INV04,0.0,0.0,175.325,744090.388
2026-08-27 19:00:00,4135001,INV01,0.0,0.0,175.107,654454.176
2026-08-27 19:00:00,4135001,INV02,4.229,4.102,175.012,884929.522
2026-08-27 19:00:00,4135001,INV03,6.539,6.343,172.706,797417.436
2026-08-27 19:00:00,4135001,INV04,0.0,0.0,175.325,744090.388
2026-08-27 19:15:00,4135001,INV01,8.8,8.536,175.109,654454.178
2026-08-27 19:15:00,4135001,INV02,0.0,0.0,175.012,884929.522
2026-08-27 19:15:00,4135001,INV03,9.119,8.846,172.708,797417.438
2026-08-27 19:15:00,4135001,INV04,0.0,0.0,175.325,744090.388
2026-08-27 19:30:00,4135001,INV01,13.899,13.482,175.112,654454.182
2026-08-27 19:30:00,4135001,INV02,37.434,36.311,175.021,884929.531
2026-08-27 19:30:00,4135001,INV03,3.699,3.588,172.709,797417.439
2026-08-27 19:30:00,4135001,INV04,0.0,0.0,175.325,744090.388
2026-08-27 19:45:00,4135001,INV01,0.0,0.0,175.112,654454.182
2026-08-27 19:45:00,4135001,INV02,1.479,1.434,175.021,884929.531
2026-08-27 19:45:00,4135001,INV03,0.0,0.0,172.709,797417.439
2026-08-27 19:45:00,4135001,INV04,0.0,0.0,175.325,744090.388
2026-08-27 20:00:00,4135001,INV01,13.434,13.031,175.116,654454.185
2026-08-27 20:00:00,4135001,INV02,11.295,10.956,175.024,884929.534
2026-08-27 20:00:00,4135001,INV03,0.0,0.0,172.709,797417.439
2026-08-27 20:00:00,4135001,INV04,2.42,2.347,175.325,744090.388
2026-08-27 20:15:00,4135001,INV01,9.616,9.328,175.118,654454.187
2026-08-27 20:15:00,4135001,INV02,2.543,2.467,175.025,884929.535
2026-08-27 20:15:00,4135001,INV03,4.561,4.425,172.71,797417.44
2026-08-27 20:15:00,4135001,INV04,0.0,0.0,175.325,744090.388
2026-08-27 20:30:00,4135001,INV01,0.0,0.0,175.118,654454.187
2026-08-27 20:30:00,4135001,INV02,0.0,0.0,175.025,884929.535
2026-08-27 20:30:00,4135001,INV03,23.193,22.497,172.716,797417.446
2026-08-27 20:30:00,4135001,INV04,16.378,15.887,175.329,744090.392
2026-08-27 20:45:00,4135001,INV01,2.008,1.948,175.119,654454.188
2026-08-27 20:45:00,4135001,INV02,11.421,11.078,175.027,884929.537
2026-08-27 20:45:00,4135001,INV03,0.0,0.0,172.716,797417.446
2026-08-27 20:45:00,4135001,INV04,5.63,5.461,175.331,744090.393
2026-08-27 21:00:00,4135001,INV01,3.181,3.086,175.119,654454.189
2026-08-27 21:00:00,4135001,INV02,21.004,20.374,175.033,884929.543
2026-08-27 21:00:00,4135001,INV03,0.0,0.0,172.716,797417.446
2026-08-27 21:00:00,4135001,INV04,0.0,0.0,175.331,744090.393
2026-08-27 21:15:00,4135001,INV01,0.361,0.35,175.119,654454.189
2026-08-27 21:15:00,4135001,INV02,0.0,0.0,175.033,884929.543
2026-08-27 21:15:00,4135001,INV03,0.0,0.0,172.716,797417.446
2026-08-27 21:15:00,4135001,INV04,12.859,12.473,175.334,744090.397
2026-08-27 21:30:00,4135001,INV01,0.0,0.0,175.119,654454.189
2026-08-27 21:30:00,4135001,INV02,14.822,14.377,175.036,884929.546
2026-08-27 21:30:00,4135001,INV03,19.498,18.913,172.721,797417.451
2026-08-27 21:30:00,4135001,INV04,4.972,4.822,175.335,744090.398
2026-08-27 21:45:00,4135001,INV01,0.0,0.0,175.119,654454.189
2026-08-27 21:45:00,4135001,INV02,0.0,0.0,175.036,884929.546
2026-08-27 21:45:00,4135001,INV03,0.0,0.0,172.721,797417.451
2026-08-27 21:45:00,4135001,INV04,3.281,3.182,175.336,744090.399
2026-08-27 22:00:00,4135001,INV01,1.506,1.461,175.12,654454.189
2026-08-27 22:00:00,4135001,INV02,22.471,21.797,175.042,884929.552
2026-08-27 22:00:00,4135001,INV03,10.752,10.429,172.723,797417.453
2026-08-27 22:00:00,4135001,INV04,3.509,3.404,175.337,744090.399
2026-08-27 22:15:00,4135001,INV01,0.0,0.0,175.12,654454.189
2026-08-27 22:15:00,4135001,INV02,0.0,0.0,175.042,884929.552
2026-08-27 22:15:00,4135001,INV03,0.0,0.0,172.723,797417.453
2026-08-27 22:15:00,4135001,INV04,15.362,14.901,175.34,744090.403
2026-08-27 22:30:00,4135001,INV01,18.449,17.895,175.124,654454.194
2026-08-27 22:30:00,4135001,INV02,4.31,4.181,175.043,884929.553
2026-08-27 22:30:00,4135001,INV03,14.695,14.254,172.727,797417.457
2026-08-27 22:30:00,4135001,INV04,0.0,0.0,175.34,744090.403
2026-08-27 22:45:00,4135001,INV01,0.0,0.0,175.124,654454.194
2026-08-27 22:45:00,4135001,INV02,7.438,7.215,175.044,884929.554
2026-08-27 22:45:00,4135001,INV03,0.0,0.0,172.727,797417.457
2026-08-27 22:45:00,4135001,INV04,0.0,0.0,175.34,744090.403
2026-08-27 23:00:00,4135001,INV01,23.011,22.321,175.13,654454.199
2026-08-27 23:00:00,4135001,INV02,2.094,2.031,175.045,884929.555
2026-08-27 23:00:00,4135001,INV03,23.55,22.843,172.732,797417.463
2026-08-27 23:00:00,4135001,INV04,0.0,0.0,175.34,744090.403
2026-08-27 23:15:00,4135001,INV01,0.0,0.0,175.13,654454.199
2026-08-27 23:15:00,4135001,INV02,7.904,7.667,175.047,884929.557
2026-08-27 23:15:00,4135001,INV03,0.0,0.0,172.732,797417.463
2026-08-27 23:15:00,4135001,INV04,0.0,0.0,175.34,744090.403
2026-08-27 23:30:00,4135001,INV01,0.0,0.0,175.13,654454.199
2026-08-27 23:30:00,4135001,INV02,28.194,27.348,175.054,884929.564
2026-08-27 23:30:00,4135001,INV03,25.523,24.757,172.739,797417.469
2026-08-27 23:30:00,4135001,INV04,7.086,6.874,175.342,744090.405
2026-08-27 23:45:00,4135001,INV01,6.329,6.14,175.131,654454.201
2026-08-27 23:45:00,4135001,INV02,9.242,8.965,175.056,884929.566
2026-08-27 23:45:00,4135001,INV03,9.525,9.239,172.741,797417.471
2026-08-27 23:45:00,4135001,INV04,3.808,3.694,175.343,744090.406
2026-08-28 00:00:00,4135001,INV01,0.0,0.0,0.0,654454.201
2026-08-28 00:00:00,4135001,INV02,0.0,0.0,0.0,884929.566
2026-08-28 00:00:00,4135001,INV03,4.018,3.897,0.001,797417.472
2026-08-28 00:00:00,4135001,INV04,6.868,6.662,0.002,744090.407
2026-08-28 00:15:00,4135001,INV01,0.818,0.793,0.0,654454.201
2026-08-28 00:15:00,4135001,INV02,26.165,25.38,0.006,884929.572
2026-08-28 00:15:00,4135001,INV03,20.629,20.01,0.006,797417.477
2026-08-28 00:15:00,4135001,INV04,22.866,22.18,0.007,744090.413
2026-08-28 00:30:00,4135001,INV01,0.0,0.0,0.0,654454.201
2026-08-28 00:30:00,4135001,INV02,0.0,0.0,0.006,884929.572
2026-08-28 00:30:00,4135001,INV03,5.565,5.398,0.007,797417.478
2026-08-28 00:30:00,4135001,INV04,0.0,0.0,0.007,744090.413
2026-08-28 00:45:00,4135001,INV01,0.0,0.0,0.0,654454.201
2026-08-28 00:45:00,4135001,INV02,0.0,0.0,0.006,884929.572
2026-08-28 00:45:00,4135001,INV03,0.291,0.282,0.007,797417.478
2026-08-28 00:45:00,4135001,INV04,8.547,8.291,0.009,744090.415
2026-08-28 01:00:00,4135001,INV01,15.397,14.935,0.004,654454.205
2026-08-28 01:00:00,4135001,INV02,0.081,0.078,0.006,884929.572
2026-08-28 01:00:00,4135001,INV03,0.0,0.0,0.007,797417.478
2026-08-28 01:00:00,4135001,INV04,27.343,26.522,0.016,744090.422
2026-08-28 01:15:00,4135001,INV01,0.0,0.0,0.004,654454.205
2026-08-28 01:15:00,4135001,INV02,0.0,0.0,0.006,884929.572
2026-08-28 01:15:00,4135001,INV03,0.0,0.0,0.007,797417.478
2026-08-28 01:15:00,4135001,INV04,5.3,5.141,0.017,744090.423
2026-08-28 01:30:00,4135001,INV01,24.048,23.327,0.01,654454.21
2026-08-28 01:30:00,4135001,INV02,0.0,0.0,0.006,884929.572
2026-08-28 01:30:00,4135001,INV03,11.203,10.867,0.01,797417.481
2026-08-28 01:30:00,4135001,INV04,0.0,0.0,0.017,744090.423
2026-08-28 01:45:00,4135001,INV01,0.0,0.0,0.01,654454.21
2026-08-28 01:45:00,4135001,INV02,22.471,21.797,0.012,884929.578
2026-08-28 01:45:00,4135001,INV03,0.361,0.35,0.01,797417.481
2026-08-28 01:45:00,4135001,INV04,2.859,2.774,0.018,744090.424
2026-08-28 02:00:00,4135001,INV01,2.516,2.44,0.01,654454.211
2026-08-28 02:00:00,4135001,INV02,18.768,18.205,0.016,884929.582
2026-08-28 02:00:00,4135001,INV03,27.129,26.315,0.017,797417.488
2026-08-28 02:00:00,4135001,INV04,2.023,1.962,0.018,744090.424
2026-08-28 02:15:00,4135001,INV01,0.0,0.0,0.01,654454.211
2026-08-28 02:15:00,4135001,INV02,0.0,0.0,0.016,884929.582
2026-08-28 02:15:00,4135001,INV03,11.866,11.51,0.02,797417.491
2026-08-28 02:15:00,4135001,INV04,3.019,2.928,0.019,744090.425
2026-08-28 02:30:00,4135001,INV01,0.0,0.0,0.01,654454.211
2026-08-28 02:30:00,4135001,INV02,4.801,4.657,0.018,884929.583
2026-08-28 02:30:00,4135001,INV03,0.0,0.0,0.02,797417.491
2026-08-28 02:30:00,4135001,INV04,0.0,0.0,0.019,744090.425
2026-08-28 02:45:00,4135001,INV01,0.0,0.0,0.01,654454.211
2026-08-28 02:45:00,4135001,INV02,7.428,7.205,0.019,884929.585
2026-08-28 02:45:00,4135001,INV03,0.0,0.0,0.02,797417.491
2026-08-28 02:45:00,4135001,INV04,10.393,10.081,0.022,744090.427
2026-08-28 03:00:00,4135001,INV01,0.0,0.0,0.01,654454.211
2026-08-28 03:00:00,4135001,INV02,26.634,25.835,0.026,884929.592
2026-08-28 03:00:00,4135001,INV03,9.928,9.63,0.022,797417.493
2026-08-28 03:00:00,4135001,INV04,0.0,0.0,0.022,744090.427
2026-08-28 03:15:00,4135001,INV01,0.0,0.0,0.01,654454.211
2026-08-28 03:15:00,4135001,INV02,0.0,0.0,0.026,884929.592
2026-08-28 03:15:00,4135001,INV03,6.175,5.989,0.024,797417.495
2026-08-28 03:15:00,4135001,INV04,3.321,3.222,0.022,744090.428
2026-08-28 03:30:00,4135001,INV01,0.0,0.0,0.01,654454.211
2026-08-28 03:30:00,4135001,INV02,3.437,3.334,0.027,884929.593
2026-08-28 03:30:00,4135001,INV03,0.0,0.0,0.024,797417.495
2026-08-28 03:30:00,4135001,INV04,0.0,0.0,0.022,744090.428
2026-08-28 03:45:00,4135001,INV01,0.0,0.0,0.01,654454.211
2026-08-28 03:45:00,4135001,INV02,9.868,9.572,0.029,884929.595
2026-08-28 03:45:00,4135001,INV03,0.0,0.0,0.024,797417.495
2026-08-28 03:45:00,4135001,INV04,0.0,0.0,0.022,744090.428
2026-08-28 04:00:00,4135001,INV01,0.0,0.0,0.01,654454.211
2026-08-28 04:00:00,4135001,INV02,0.0,0.0,0.029,884929.595
2026-08-28 04:00:00,4135001,INV03,9.783,9.489,0.026,797417.497
2026-08-28 04:00:00,4135001,INV04,0.0,0.0,0.022,744090.428
2026-08-28 04:15:00,4135001,INV01,5.351,5.19,0.012,654454.212
2026-08-28 04:15:00,4135001,INV02,0.0,0.0,0.029,884929.595
2026-08-28 04:15:00,4135001,INV03,0.0,0.0,0.026,797417.497
2026-08-28 04:15:00,4135001,INV04,26.436,25.643,0.029,744090.435
2026-08-28 04:30:00,4135001,INV01,0.48,0.465,0.012,654454.212
2026-08-28 04:30:00,4135001,INV02,14.047,13.626,0.032,884929.598
2026-08-28 04:30:00,4135001,INV03,14.854,14.408,0.03,797417.501
2026-08-28 04:30:00,4135001,INV04,31.326,30.386,0.036,744090.442
2026-08-28 04:45:00,4135001,INV01,8.036,7.795,0.014,654454.214
2026-08-28 04:45:00,4135001,INV02,17.163,16.648,0.037,884929.602
2026-08-28 04:45:00,4135001,INV03,14.924,14.476,0.033,797417.504
2026-08-28 04:45:00,4135001,INV04,6.161,5.976,0.038,744090.444
2026-08-28 05:00:00,4135001,INV01,0.0,0.0,0.014,654454.214
2026-08-28 05:00:00,4135001,INV02,16.255,15.768,0.041,884929.606
2026-08-28 05:00:00,4135001,INV03,0.0,0.0,0.033,797417.504
2026-08-28 05:00:00,4135001,INV04,0.0,0.0,0.038,744090.444
2026-08-28 05:15:00,4135001,INV01,0.0,0.0,0.014,654454.214
2026-08-28 05:15:00,4135001,INV02,4.37,4.239,0.042,884929.607
2026-08-28 05:15:00,4135001,INV03,4.368,4.237,0.034,797417.505
2026-08-28 05:15:00,4135001,INV04,8.094,7.851,0.04,744090.446
2026-08-28 05:30:00,4135001,INV01,0.0,0.0,0.014,654454.214
2026-08-28 05:30:00,4135001,INV02,15.51,15.045,0.045,884929.611
2026-08-28 05:30:00,4135001,INV03,3.666,3.556,0.035,797417.506
2026-08-28 05:30:00,4135001,INV04,0.0,0.0,0.04,744090.446
2026-08-28 05:45:00,4135001,INV01,0.0,0.0,0.014,654454.214
2026-08-28 05:45:00,4135001,INV02,10.665,10.345,0.048,884929.614
2026-08-28 05:45:00,4135001,INV03,1.416,1.374,0.035,797417.506
2026-08-28 05:45:00,4135001,INV04,1.842,1.787,0.04,744090.446
2026-08-28 06:00:00,4135001,INV01,1625.67,1576.9,0.408,654454.609
2026-08-28 06:00:00,4135001,INV02,1725.83,1674.055,0.466,884930.032
2026-08-28 06:00:00,4135001,INV03,1664.724,1614.783,0.439,797417.91
2026-08-28 06:00:00,4135001,INV04,1656.385,1606.694,0.442,744090.848
2026-08-28 06:15:00,4135001,INV01,3804.434,3690.301,1.331,654455.531
2026-08-28 06:15:00,4135001,INV02,3926.738,3808.935,1.419,884930.985
2026-08-28 06:15:00,4135001,INV03,3967.543,3848.517,1.401,797418.872
2026-08-28 06:15:00,4135001,INV04,4014.584,3894.146,1.416,744091.821
2026-08-28 06:30:00,4135001,INV01,2910.085,2822.782,2.036,654456.237
2026-08-28 06:30:00,4135001,INV02,2887.659,2801.029,2.119,884931.685
2026-08-28 06:30:00,4135001,INV03,3061.946,2970.088,2.144,797419.615
2026-08-28 06:30:00,4135001,INV04,2886.295,2799.706,2.115,744092.521
2026-08-28 06:45:00,4135001,INV01,5519.621,5354.033,3.375,654457.575
2026-08-28 06:45:00,4135001,INV02,5602.306,5434.237,3.477,884933.043
2026-08-28 06:45:00,4135001,INV03,5425.118,5262.364,3.459,797420.93
2026-08-28 06:45:00,4135001,INV04,5533.057,5367.065,3.457,744093.863
2026-08-28 07:00:00,4135001,INV01,3691.929,3581.171,4.27,654458.471
2026-08-28 07:00:00,4135001,INV02,3697.123,3586.209,4.374,884933.94
2026-08-28 07:00:00,4135001,INV03,3719.129,3607.555,4.361,797421.832
2026-08-28 07:00:00,4135001,INV04,3800.141,3686.137,4.379,744094.785
2026-08-28 07:15:00,4135001,INV01,4353.278,4222.68,5.326,654459.526
2026-08-28 07:15:00,4135001,INV02,4297.57,4168.643,5.416,884934.982
2026-08-28 07:15:00,4135001,INV03,4360.635,4229.816,5.419,797422.89
2026-08-28 07:15:00,4135001,INV04,4534.927,4398.879,5.479,744095.884
2026-08-28 07:30:00,4135001,INV01,7557.045,7330.334,7.158,654461.359
2026-08-28 07:30:00,4135001,INV02,7517.846,7292.311,7.239,884936.805
2026-08-28 07:30:00,4135001,INV03,7852.219,7616.652,7.323,797424.794
2026-08-28 07:30:00,4135001,INV04,7715.21,7483.753,7.349,744097.755
2026-08-28 07:45:00,4135001,INV01,5640.085,5470.882,8.526,654462.727
2026-08-28 07:45:00,4135001,INV02,5766.658,5593.659,8.638,884938.204
2026-08-28 07:45:00,4135001,INV03,5666.448,5496.455,8.697,797426.168
2026-08-28 07:45:00,4135001,INV04,5800.659,5626.639,8.756,744099.162
2026-08-28 08:00:00,4135001,INV01,8522.46,8266.786,10.593,654464.793
2026-08-28 08:00:00,4135001,INV02,7988.584,7748.926,10.575,884940.141
2026-08-28 08:00:00,4135001,INV03,8141.255,7897.018,10.671,797428.142
2026-08-28 08:00:00,4135001,INV04,8277.907,8029.57,10.763,744101.169
2026-08-28 08:15:00,4135001,INV01,8777.4,8514.078,12.721,654466.922
2026-08-28 08:15:00,4135001,INV02,9173.032,8897.841,12.799,884942.365
2026-08-28 08:15:00,4135001,INV03,8780.896,8517.469,12.801,797430.272
2026-08-28 08:15:00,4135001,INV04,9233.589,8956.582,13.003,744103.408
2026-08-28 08:30:00,4135001,INV01,11524.262,11178.534,15.516,654469.716
2026-08-28 08:30:00,4135001,INV02,11631.589,11282.641,15.62,884945.186
2026-08-28 08:30:00,4135001,INV03,11653.576,11303.969,15.627,797433.098
2026-08-28 08:30:00,4135001,INV04,11753.39,11400.788,15.853,744106.259
2026-08-28 08:45:00,4135001,INV01,13004.764,12614.621,18.67,654472.87
2026-08-28 08:45:00,4135001,INV02,12867.34,12481.32,18.74,884948.306
2026-08-28 08:45:00,4135001,INV03,12482.664,12108.184,18.654,797436.125
2026-08-28 08:45:00,4135001,INV04,12297.758,11928.825,18.835,744109.241
2026-08-28 09:00:00,4135001,INV01,13879.429,13463.046,22.035,654476.236
2026-08-28 09:00:00,4135001,INV02,14394.444,13962.611,22.231,884951.797
2026-08-28 09:00:00,4135001,INV03,14452.222,14018.655,22.158,797439.629
2026-08-28 09:00:00,4135001,INV04,14341.492,13911.247,22.313,744112.719
2026-08-28 09:15:00,4135001,INV01,6668.938,6468.869,23.652,654477.853
2026-08-28 09:15:00,4135001,INV02,14353.026,13922.435,25.712,884955.278
2026-08-28 09:15:00,4135001,INV03,14701.139,14260.104,25.723,797443.194
2026-08-28 09:15:00,4135001,INV04,13998.79,13578.826,25.708,744116.113
2026-08-28 09:30:00,4135001,INV01,15354.376,14893.745,27.376,654481.577
2026-08-28 09:30:00,4135001,INV02,15609.653,15141.364,29.497,884959.063
2026-08-28 09:30:00,4135001,INV03,15191.659,14735.909,29.407,797446.878
2026-08-28 09:30:00,4135001,INV04,15464.083,15000.16,29.458,744119.863
2026-08-28 09:45:00,4135001,INV01,15700.15,15229.146,31.183,654485.384
2026-08-28 09:45:00,4135001,INV02,15809.208,15334.932,33.331,884962.897
2026-08-28 09:45:00,4135001,INV03,15009.863,14559.567,33.047,797450.518
2026-08-28 09:45:00,4135001,INV04,15463.108,14999.215,33.207,744123.613
2026-08-28 10:00:00,4135001,INV01,18065.408,17523.446,35.564,654489.765
2026-08-28 10:00:00,4135001,INV02,17681.475,17151.031,37.618,884967.184
2026-08-28 10:00:00,4135001,INV03,18148.843,17604.377,37.448,797454.919
2026-08-28 10:00:00,4135001,INV04,17883.125,17346.631,37.544,744127.95
2026-08-28 10:15:00,4135001,INV01,20958.373,20329.621,40.646,654494.847
2026-08-28 10:15:00,4135001,INV02,20204.732,19598.591,42.518,884972.084
2026-08-28 10:15:00,4135001,INV03,20843.387,20218.085,42.503,797459.974
2026-08-28 10:15:00,4135001,INV04,20494.52,19879.684,42.514,744132.92
2026-08-28 10:30:00,4135001,INV01,21764.898,21111.951,45.924,654500.125
2026-08-28 10:30:00,4135001,INV02,22336.684,21666.584,47.935,884977.501
2026-08-28 10:30:00,4135001,INV03,21383.563,20742.057,47.688,797465.159
2026-08-28 10:30:00,4135001,INV04,21584.514,20936.979,47.748,744138.154
2026-08-28 10:45:00,4135001,INV01,22318.707,21649.146,51.337,654505.537
2026-08-28 10:45:00,4135001,INV02,21590.03,20942.329,53.17,884982.736
2026-08-28 10:45:00,4135001,INV03,21721.375,21069.734,52.956,797470.427
2026-08-28 10:45:00,4135001,INV04,22431.852,21758.897,53.188,744143.594
2026-08-28 11:00:00,4135001,INV01,25161.975,24407.115,57.439,654511.639
2026-08-28 11:00:00,4135001,INV02,26173.367,25388.166,59.517,884989.083
2026-08-28 11:00:00,4135001,INV03,26350.759,25560.236,59.346,797476.817
2026-08-28 11:00:00,4135001,INV04,25513.009,24747.619,59.375,744149.781
2026-08-28 11:15:00,4135001,INV01,28006.722,27166.521,64.23,654518.431
2026-08-28 11:15:00,4135001,INV02,26783.558,25980.051,66.012,884995.578
2026-08-28 11:15:00,4135001,INV03,25947.383,25168.962,65.638,797483.109
2026-08-28 11:15:00,4135001,INV04,26257.821,25470.086,65.742,744156.148
2026-08-28 11:30:00,4135001,INV01,26540.023,25743.822,70.666,654524.867
2026-08-28 11:30:00,4135001,INV02,27155.947,26341.269,72.598,885002.164
2026-08-28 11:30:00,4135001,INV03,26877.834,26071.499,72.156,797489.627
2026-08-28 11:30:00,4135001,INV04,27916.75,27079.247,72.512,744162.918
2026-08-28 11:45:00,4135001,INV01,22811.512,22127.167,76.198,654530.399
2026-08-28 11:45:00,4135001,INV02,24303.551,23574.444,78.491,885008.057
2026-08-28 11:45:00,4135001,INV03,23139.582,22445.395,77.767,797495.238
2026-08-28 11:45:00,4135001,INV04,23125.964,22432.185,78.12,744168.526
2026-08-28 12:00:00,4135001,INV01,25413.507,24651.101,82.361,654536.561
2026-08-28 12:00:00,4135001,INV02,25454.836,24691.191,84.664,885014.23
2026-08-28 12:00:00,4135001,INV03,25589.2,24821.524,83.973,797501.444
2026-08-28 12:00:00,4135001,INV04,25692.382,24921.61,84.351,744174.756
2026-08-28 12:15:00,4135001,INV01,25091.539,24338.793,88.445,654542.646
2026-08-28 12:15:00,4135001,INV02,25275.226,24516.97,90.793,885020.359
2026-08-28 12:15:00,4135001,INV03,26307.639,25518.409,90.352,797507.823
2026-08-28 12:15:00,4135001,INV04,24432.586,23699.608,90.276,744180.681
2026-08-28 12:30:00,4135001,INV01,25963.85,25184.935,94.742,654548.942
2026-08-28 12:30:00,4135001,INV02,27293.63,26474.821,97.412,885026.978
2026-08-28 12:30:00,4135001,INV03,25958.786,25180.022,96.647,797514.118
2026-08-28 12:30:00,4135001,INV04,27627.564,26798.738,96.975,744187.381
2026-08-28 12:45:00,4135001,INV01,25062.588,24310.71,100.819,654555.02
2026-08-28 12:45:00,4135001,INV02,23969.365,23250.284,103.225,885032.791
2026-08-28 12:45:00,4135001,INV03,23985.214,23265.658,102.464,797519.935
2026-08-28 12:45:00,4135001,INV04,24204.867,23478.721,102.845,744193.251
2026-08-28 13:00:00,4135001,INV01,26171.205,25386.069,107.166,654561.366
2026-08-28 13:00:00,4135001,INV02,24628.032,23889.191,109.197,885038.763
2026-08-28 13:00:00,4135001,INV03,25125.532,24371.766,108.557,797526.028
2026-08-28 13:00:00,4135001,INV04,25968.012,25188.972,109.142,744199.548
2026-08-28 13:15:00,4135001,INV01,24283.895,23555.378,113.055,654567.255
2026-08-28 13:15:00,4135001,INV02,24659.926,23920.128,115.177,885044.743
2026-08-28 13:15:00,4135001,INV03,25054.468,24302.834,114.632,797532.103
2026-08-28 13:15:00,4135001,INV04,24650.463,23910.949,115.12,744205.526
2026-08-28 13:30:00,4135001,INV01,24181.629,23456.18,118.919,654573.119
2026-08-28 13:30:00,4135001,INV02,22495.39,21820.528,120.632,885050.198
2026-08-28 13:30:00,4135001,INV03,23761.221,23048.384,120.394,797537.866
2026-08-28 13:30:00,4135001,INV04,23720.369,23008.758,120.872,744211.278
2026-08-28 13:45:00,4135001,INV01,22282.372,21613.901,124.322,654578.523
2026-08-28 13:45:00,4135001,INV02,22080.512,21418.097,125.987,885055.553
2026-08-28 13:45:00,4135001,INV03,22755.791,22073.117,125.913,797543.384
2026-08-28 13:45:00,4135001,INV04,23528.663,22822.803,126.578,744216.984
2026-08-28 14:00:00,4135001,INV01,21105.496,20472.331,129.44,654583.641
2026-08-28 14:00:00,4135001,INV02,21382.137,20740.673,131.172,885060.738
2026-08-28 14:00:00,4135001,INV03,21956.978,21298.269,131.237,797548.708
2026-08-28 14:00:00,4135001,INV04,21541.594,20895.346,131.802,744222.207
2026-08-28 14:15:00,4135001,INV01,19358.516,18777.76,134.135,654588.335
2026-08-28 14:15:00,4135001,INV02,18667.179,18107.163,135.699,885065.264
2026-08-28 14:15:00,4135001,INV03,19441.317,18858.078,135.952,797553.423
2026-08-28 14:15:00,4135001,INV04,19054.145,18482.52,136.422,744226.828
2026-08-28 14:30:00,4135001,INV01,20714.822,20093.377,139.158,654593.359
2026-08-28 14:30:00,4135001,INV02,19911.465,19314.121,140.527,885070.093
2026-08-28 14:30:00,4135001,INV03,20006.651,19406.452,140.803,797558.274
2026-08-28 14:30:00,4135001,INV04,20830.227,20205.321,141.474,744231.879
2026-08-28 14:45:00,4135001,INV01,17989.597,17449.909,143.521,654597.721
2026-08-28 14:45:00,4135001,INV02,17861.416,17325.574,144.859,885074.424
2026-08-28 14:45:00,4135001,INV03,18112.96,17569.571,145.196,797562.667
2026-08-28 14:45:00,4135001,INV04,17615.64,17087.171,145.745,744236.151
2026-08-28 15:00:00,4135001,INV01,14328.521,13898.665,146.995,654601.196
2026-08-28 15:00:00,4135001,INV02,14494.655,14059.816,148.373,885077.939
2026-08-28 15:00:00,4135001,INV03,13593.578,13185.771,148.492,797565.963
2026-08-28 15:00:00,4135001,INV04,13741.084,13328.851,149.078,744239.483
2026-08-28 15:15:00,4135001,INV01,16628.67,16129.81,151.028,654605.228
2026-08-28 15:15:00,4135001,INV02,16915.291,16407.832,152.475,885082.041
2026-08-28 15:15:00,4135001,INV03,16279.285,15790.906,152.44,797569.911
2026-08-28 15:15:00,4135001,INV04,16073.089,15590.896,152.975,744243.381
2026-08-28 15:30:00,4135001,INV01,11981.97,11622.511,153.933,654608.134
2026-08-28 15:30:00,4135001,INV02,11999.124,11639.15,155.385,885084.951
2026-08-28 15:30:00,4135001,INV03,11921.034,11563.403,155.331,797572.802
2026-08-28 15:30:00,4135001,INV04,12510.174,12134.869,156.009,744246.415
2026-08-28 15:45:00,4135001,INV01,11009.905,10679.608,156.603,654610.804
2026-08-28 15:45:00,4135001,INV02,11092.142,10759.378,158.075,885087.641
2026-08-28 15:45:00,4135001,INV03,10493.002,10178.211,157.875,797575.346
2026-08-28 15:45:00,4135001,INV04,11035.769,10704.695,158.685,744249.091
2026-08-28 16:00:00,4135001,INV01,12334.255,11964.227,159.594,654613.795
2026-08-28 16:00:00,4135001,INV02,13026.479,12635.685,161.234,885090.8
2026-08-28 16:00:00,4135001,INV03,12941.739,12553.487,161.014,797578.485
2026-08-28 16:00:00,4135001,INV04,12540.838,12164.612,161.726,744252.132
2026-08-28 16:15:00,4135001,INV01,7873.945,7637.727,161.504,654615.704
2026-08-28 16:15:00,4135001,INV02,8076.971,7834.661,163.193,885092.759
2026-08-28 16:15:00,4135001,INV03,7729.169,7497.294,162.888,797580.359
2026-08-28 16:15:00,4135001,INV04,8047.802,7806.368,163.678,744254.084
2026-08-28 16:30:00,4135001,INV01,2819.137,2734.563,162.187,654616.388
2026-08-28 16:30:00,4135001,INV02,7530.535,7304.619,165.019,885094.585
2026-08-28 16:30:00,4135001,INV03,7612.886,7384.499,164.734,797582.205
2026-08-28 16:30:00,4135001,INV04,7855.109,7619.456,165.583,744255.989
2026-08-28 16:45:00,4135001,INV01,6675.503,6475.238,163.806,654618.007
2026-08-28 16:45:00,4135001,INV02,6909.141,6701.867,166.694,885096.26
2026-08-28 16:45:00,4135001,INV03,7006.295,6796.106,166.433,797583.904
2026-08-28 16:45:00,4135001,INV04,6727.269,6525.451,167.214,744257.62
2026-08-28 17:00:00,4135001,INV01,4837.984,4692.844,164.979,654619.18
2026-08-28 17:00:00,4135001,INV02,4942.816,4794.532,167.893,885097.459
2026-08-28 17:00:00,4135001,INV03,5045.644,4894.274,167.657,797585.128
2026-08-28 17:00:00,4135001,INV04,5065.026,4913.075,168.442,744258.848
2026-08-28 17:15:00,4135001,INV01,4879.766,4733.373,166.163,654620.363
2026-08-28 17:15:00,4135001,INV02,4830.046,4685.144,169.064,885098.63
2026-08-28 17:15:00,4135001,INV03,4805.237,4661.08,168.822,797586.293
2026-08-28 17:15:00,4135001,INV04,4931.23,4783.293,169.638,744260.044
2026-08-28 17:30:00,4135001,INV01,4233.296,4106.297,167.189,654621.39
2026-08-28 17:30:00,4135001,INV02,4146.703,4022.302,170.07,885099.636
2026-08-28 17:30:00,4135001,INV03,4104.089,3980.966,169.817,797587.288
2026-08-28 17:30:00,4135001,INV04,4064.286,3942.358,170.624,744261.03
2026-08-28 17:45:00,4135001,INV01,3825.059,3710.307,168.117,654622.317
2026-08-28 17:45:00,4135001,INV02,3980.141,3860.737,171.035,885100.601
2026-08-28 17:45:00,4135001,INV03,3749.369,3636.888,170.727,797588.198
2026-08-28 17:45:00,4135001,INV04,3767.052,3654.041,171.537,744261.943
2026-08-28 18:00:00,4135001,INV01,2398.822,2326.857,168.699,654622.899
2026-08-28 18:00:00,4135001,INV02,2272.003,2203.843,171.586,885101.152
2026-08-28 18:00:00,4135001,INV03,2345.177,2274.822,171.295,797588.766
2026-08-28 18:00:00,4135001,INV04,2394.182,2322.357,172.118,744262.524
2026-08-28 18:15:00,4135001,INV01,2743.915,2661.597,169.364,654623.565
2026-08-28 18:15:00,4135001,INV02,2697.745,2616.812,172.24,885101.806
2026-08-28 18:15:00,4135001,INV03,2591.438,2513.695,171.924,797589.395
2026-08-28 18:15:00,4135001,INV04,2747.58,2665.152,172.784,744263.19
2026-08-28 18:30:00,4135001,INV01,2142.584,2078.306,169.884,654624.084
2026-08-28 18:30:00,4135001,INV02,2047.803,1986.369,172.737,885102.303
2026-08-28 18:30:00,4135001,INV03,2184.057,2118.535,172.453,797589.924
2026-08-28 18:30:00,4135001,INV04,2101.405,2038.363,173.294,744263.7
2026-08-28 18:45:00,4135001,INV01,13.025,12.634,169.887,654624.087
2026-08-28 18:45:00,4135001,INV02,0.0,0.0,172.737,885102.303
2026-08-28 18:45:00,4135001,INV03,4.426,4.293,172.454,797589.925
2026-08-28 18:45:00,4135001,INV04,0.0,0.0,173.294,744263.7
2026-08-28 19:00:00,4135001,INV01,0.0,0.0,169.887,654624.087
2026-08-28 19:00:00,4135001,INV02,26.779,25.976,172.743,885102.309
2026-08-28 19:00:00,4135001,INV03,4.866,4.72,172.456,797589.927
2026-08-28 19:00:00,4135001,INV04,0.0,0.0,173.294,744263.7
2026-08-28 19:15:00,4135001,INV01,22.158,21.494,169.892,654624.093
2026-08-28 19:15:00,4135001,INV02,0.0,0.0,172.743,885102.309
2026-08-28 19:15:00,4135001,INV03,0.0,0.0,172.456,797589.927
2026-08-28 19:15:00,4135001,INV04,0.0,0.0,173.294,744263.7
2026-08-28 19:30:00,4135001,INV01,3.763,3.65,169.893,654624.094
2026-08-28 19:30:00,4135001,INV02,16.048,15.567,172.747,885102.313
2026-08-28 19:30:00,4135001,INV03,3.247,3.149,172.456,797589.927
2026-08-28 19:30:00,4135001,INV04,4.061,3.939,173.295,744263.701
2026-08-28 19:45:00,4135001,INV01,0.0,0.0,169.893,654624.094
2026-08-28 19:45:00,4135001,INV02,0.0,0.0,172.747,885102.313
2026-08-28 19:45:00,4135001,INV03,1.614,1.565,172.457,797589.928
2026-08-28 19:45:00,4135001,INV04,0.0,0.0,173.295,744263.701
2026-08-28 20:00:00,4135001,INV01,20.246,19.639,169.898,654624.098
2026-08-28 20:00:00,4135001,INV02,0.0,0.0,172.747,885102.313
2026-08-28 20:00:00,4135001,INV03,7.734,7.502,172.459,797589.93
2026-08-28 20:00:00,4135001,INV04,8.815,8.55,173.297,744263.703
2026-08-28 20:15:00,4135001,INV01,29.191,28.316,169.905,654624.106
2026-08-28 20:15:00,4135001,INV02,5.072,4.92,172.748,885102.314
2026-08-28 20:15:00,4135001,INV03,0.0,0.0,172.459,797589.93
2026-08-28 20:15:00,4135001,INV04,0.0,0.0,173.297,744263.703
2026-08-28 20:30:00,4135001,INV01,0.0,0.0,169.905,654624.106
2026-08-28 20:30:00,4135001,INV02,5.591,5.424,172.75,885102.316
2026-08-28 20:30:00,4135001,INV03,9.687,9.396,172.461,797589.932
2026-08-28 20:30:00,4135001,INV04,0.0,0.0,173.297,744263.703
2026-08-28 20:45:00,4135001,INV01,0.0,0.0,169.905,654624.106
2026-08-28 20:45:00,4135001,INV02,34.177,33.152,172.758,885102.324
2026-08-28 20:45:00,4135001,INV03,0.0,0.0,172.461,797589.932
2026-08-28 20:45:00,4135001,INV04,11.9,11.543,173.3,744263.706
2026-08-28 21:00:00,4135001,INV01,9.528,9.243,169.907,654624.108
2026-08-28 21:00:00,4135001,INV02,0.0,0.0,172.758,885102.324
2026-08-28 21:00:00,4135001,INV03,0.0,0.0,172.461,797589.932
2026-08-28 21:00:00,4135001,INV04,0.0,0.0,173.3,744263.706
2026-08-28 21:15:00,4135001,INV01,15.759,15.286,169.911,654624.112
2026-08-28 21:15:00,4135001,INV02,0.0,0.0,172.758,885102.324
2026-08-28 21:15:00,4135001,INV03,25.793,25.019,172.467,797589.938
2026-08-28 21:15:00,4135001,INV04,2.217,2.15,173.3,744263.706
2026-08-28 21:30:00,4135001,INV01,2.991,2.902,169.912,654624.112
2026-08-28 21:30:00,4135001,INV02,0.0,0.0,172.758,885102.324
2026-08-28 21:30:00,4135001,INV03,4.479,4.345,172.468,797589.939
2026-08-28 21:30:00,4135001,INV04,0.0,0.0,173.3,744263.706
2026-08-28 21:45:00,4135001,INV01,0.0,0.0,169.912,654624.112
2026-08-28 21:45:00,4135001,INV02,0.0,0.0,172.758,885102.324
2026-08-28 21:45:00,4135001,INV03,0.0,0.0,172.468,797589.939
2026-08-28 21:45:00,4135001,INV04,0.0,0.0,173.3,744263.706
2026-08-28 22:00:00,4135001,INV01,0.0,0.0,169.912,654624.112
2026-08-28 22:00:00,4135001,INV02,14.322,13.893,172.761,885102.327
2026-08-28 22:00:00,4135001,INV03,5.829,5.654,172.47,797589.941
2026-08-28 22:00:00,4135001,INV04,0.0,0.0,173.3,744263.706
2026-08-28 22:15:00,4135001,INV01,11.316,10.977,169.915,654624.115
2026-08-28 22:15:00,4135001,INV02,0.0,0.0,172.761,885102.327
2026-08-28 22:15:00,4135001,INV03,0.708,0.686,172.47,797589.941
2026-08-28 22:15:00,4135001,INV04,36.003,34.923,173.309,744263.715
2026-08-28 22:30:00,4135001,INV01,22.996,22.306,169.92,654624.121
2026-08-28 22:30:00,4135001,INV02,0.0,0.0,172.761,885102.327
2026-08-28 22:30:00,4135001,INV03,0.0,0.0,172.47,797589.941
2026-08-28 22:30:00,4135001,INV04,13.312,12.913,173.312,744263.718
2026-08-28 22:45:00,4135001,INV01,0.0,0.0,169.92,654624.121
2026-08-28 22:45:00,4135001,INV02,0.0,0.0,172.761,885102.327
2026-08-28 22:45:00,4135001,INV03,0.0,0.0,172.47,797589.941
2026-08-28 22:45:00,4135001,INV04,0.0,0.0,173.312,744263.718
2026-08-28 23:00:00,4135001,INV01,0.0,0.0,169.92,654624.121
2026-08-28 23:00:00,4135001,INV02,0.0,0.0,172.761,885102.327
2026-08-28 23:00:00,4135001,INV03,9.298,9.019,172.472,797589.943
2026-08-28 23:00:00,4135001,INV04,1.57,1.522,173.313,744263.719
2026-08-28 23:15:00,4135001,INV01,0.0,0.0,169.92,654624.121
2026-08-28 23:15:00,4135001,INV02,10.957,10.628,172.764,885102.33
2026-08-28 23:15:00,4135001,INV03,12.711,12.33,172.475,797589.946
2026-08-28 23:15:00,4135001,INV04,0.0,0.0,173.313,744263.719
2026-08-28 23:30:00,4135001,INV01,0.0,0.0,169.92,654624.121
2026-08-28 23:30:00,4135001,INV02,18.091,17.548,172.768,885102.334
2026-08-28 23:30:00,4135001,INV03,0.0,0.0,172.475,797589.946
2026-08-28 23:30:00,4135001,INV04,0.0,0.0,173.313,744263.719
2026-08-28 23:45:00,4135001,INV01,0.0,0.0,169.92,654624.121
2026-08-28 23:45:00,4135001,INV02,0.0,0.0,172.768,885102.334
2026-08-28 23:45:00,4135001,INV03,0.0,0.0,172.475,797589.946
2026-08-28 23:45:00,4135001,INV04,5.585,5.418,173.314,744263.72
2026-08-29 00:00:00,4135001,INV01,0.0,0.0,0.0,654624.121
2026-08-29 00:00:00,4135001,INV02,10.173,9.868,0.002,885102.337
2026-08-29 00:00:00,4135001,INV03,0.0,0.0,0.0,797589.946
2026-08-29 00:00:00,4135001,INV04,2.406,2.334,0.001,744263.72
2026-08-29 00:15:00,4135001,INV01,23.482,22.778,0.006,654624.126
2026-08-29 00:15:00,4135001,INV02,8.868,8.602,0.005,885102.339
2026-08-29 00:15:00,4135001,INV03,1.765,1.712,0.0,797589.947
2026-08-29 00:15:00,4135001,INV04,0.0,0.0,0.001,744263.72
2026-08-29 00:30:00,4135001,INV01,19.948,19.349,0.011,654624.131
2026-08-29 00:30:00,4135001,INV02,11.08,10.748,0.007,885102.342
2026-08-29 00:30:00,4135001,INV03,0.0,0.0,0.0,797589.947
2026-08-29 00:30:00,4135001,INV04,20.958,20.329,0.006,744263.726
2026-08-29 00:45:00,4135001,INV01,0.0,0.0,0.011,654624.131
2026-08-29 00:45:00,4135001,INV02,0.0,0.0,0.007,885102.342
2026-08-29 00:45:00,4135001,INV03,0.0,0.0,0.0,797589.947
2026-08-29 00:45:00,4135001,INV04,1.631,1.582,0.006,744263.726
2026-08-29 01:00:00,4135001,INV01,0.0,0.0,0.011,654624.131
2026-08-29 01:00:00,4135001,INV02,0.0,0.0,0.007,885102.342
2026-08-29 01:00:00,4135001,INV03,0.0,0.0,0.0,797589.947
2026-08-29 01:00:00,4135001,INV04,3.497,3.392,0.007,744263.727
2026-08-29 01:15:00,4135001,INV01,6.007,5.827,0.012,654624.133
2026-08-29 01:15:00,4135001,INV02,2.818,2.734,0.008,885102.342
2026-08-29 01:15:00,4135001,INV03,4.016,3.896,0.001,797589.948
2026-08-29 01:15:00,4135001,INV04,9.782,9.488,0.009,744263.729
2026-08-29 01:30:00,4135001,INV01,6.873,6.666,0.014,654624.134
2026-08-29 01:30:00,4135001,INV02,12.235,11.868,0.011,885102.345
2026-08-29 01:30:00,4135001,INV03,0.0,0.0,0.001,797589.948
2026-08-29 01:30:00,4135001,INV04,0.0,0.0,0.009,744263.729
2026-08-29 01:45:00,4135001,INV01,0.0,0.0,0.014,654624.134
2026-08-29 01:45:00,4135001,INV02,22.199,21.533,0.016,885102.351
2026-08-29 01:45:00,4135001,INV03,0.0,0.0,0.001,797589.948
2026-08-29 01:45:00,4135001,INV04,0.0,0.0,0.009,744263.729
2026-08-29 02:00:00,4135001,INV01,0.0,0.0,0.014,654624.134
2026-08-29 02:00:00,4135001,INV02,0.0,0.0,0.016,885102.351
2026-08-29 02:00:00,4135001,INV03,4.307,4.177,0.002,797589.949
2026-08-29 02:00:00,4135001,INV04,6.349,6.159,0.011,744263.731
2026-08-29 02:15:00,4135001,INV01,0.0,0.0,0.014,654624.134
2026-08-29 02:15:00,4135001,INV02,19.756,19.163,0.021,885102.356
2026-08-29 02:15:00,4135001,INV03,0.0,0.0,0.002,797589.949
2026-08-29 02:15:00,4135001,INV04,23.423,22.72,0.017,744263.736
2026-08-29 02:30:00,4135001,INV01,15.265,14.807,0.017,654624.138
2026-08-29 02:30:00,4135001,INV02,0.0,0.0,0.021,885102.356
2026-08-29 02:30:00,4135001,INV03,0.0,0.0,0.002,797589.949
2026-08-29 02:30:00,4135001,INV04,0.0,0.0,0.017,744263.736
2026-08-29 02:45:00,4135001,INV01,0.0,0.0,0.017,654624.138
2026-08-29 02:45:00,4135001,INV02,0.0,0.0,0.021,885102.356
2026-08-29 02:45:00,4135001,INV03,0.0,0.0,0.002,797589.949
2026-08-29 02:45:00,4135001,INV04,0.0,0.0,0.017,744263.736
2026-08-29 03:00:00,4135001,INV01,23.951,23.232,0.023,654624.144
2026-08-29 03:00:00,4135001,INV02,0.0,0.0,0.021,885102.356
2026-08-29 03:00:00,4135001,INV03,1.709,1.658,0.003,797589.949
2026-08-29 03:00:00,4135001,INV04,0.0,0.0,0.017,744263.736
2026-08-29 03:15:00,4135001,INV01,12.381,12.01,0.026,654624.147
2026-08-29 03:15:00,4135001,INV02,0.0,0.0,0.021,885102.356
2026-08-29 03:15:00,4135001,INV03,0.0,0.0,0.003,797589.949
2026-08-29 03:15:00,4135001,INV04,0.0,0.0,0.017,744263.736
2026-08-29 03:30:00,4135001,INV01,10.195,9.889,0.029,654624.149
2026-08-29 03:30:00,4135001,INV02,0.0,0.0,0.021,885102.356
2026-08-29 03:30:00,4135001,INV03,0.0,0.0,0.003,797589.949
2026-08-29 03:30:00,4135001,INV04,9.776,9.483,0.019,744263.739
2026-08-29 03:45:00,4135001,INV01,3.865,3.749,0.03,654624.15
2026-08-29 03:45:00,4135001,INV02,0.0,0.0,0.021,885102.356
2026-08-29 03:45:00,4135001,INV03,0.0,0.0,0.003,797589.949
2026-08-29 03:45:00,4135001,INV04,0.0,0.0,0.019,744263.739
2026-08-29 04:00:00,4135001,INV01,3.343,3.242,0.03,654624.151
2026-08-29 04:00:00,4135001,INV02,5.375,5.213,0.022,885102.357
2026-08-29 04:00:00,4135001,INV03,6.173,5.987,0.004,797589.951
2026-08-29 04:00:00,4135001,INV04,16.054,15.572,0.023,744263.743
2026-08-29 04:15:00,4135001,INV01,0.0,0.0,0.03,654624.151
2026-08-29 04:15:00,4135001,INV02,14.054,13.632,0.026,885102.36
2026-08-29 04:15:00,4135001,INV03,0.0,0.0,0.004,797589.951
2026-08-29 04:15:00,4135001,INV04,0.0,0.0,0.023,744263.743
2026-08-29 04:30:00,4135001,INV01,0.0,0.0,0.03,654624.151
2026-08-29 04:30:00,4135001,INV02,29.9,29.003,0.033,885102.367
2026-08-29 04:30:00,4135001,INV03,2.696,2.616,0.005,797589.951
2026-08-29 04:30:00,4135001,INV04,8.412,8.159,0.025,744263.745
2026-08-29 04:45:00,4135001,INV01,0.0,0.0,0.03,654624.151
2026-08-29 04:45:00,4135001,INV02,0.0,0.0,0.033,885102.367
2026-08-29 04:45:00,4135001,INV03,0.0,0.0,0.005,797589.951
2026-08-29 04:45:00,4135001,INV04,0.0,0.0,0.025,744263.745
2026-08-29 05:00:00,4135001,INV01,0.0,0.0,0.03,654624.151
2026-08-29 05:00:00,4135001,INV02,2.545,2.469,0.034,885102.368
2026-08-29 05:00:00,4135001,INV03,0.0,0.0,0.005,797589.951
2026-08-29 05:00:00,4135001,INV04,0.0,0.0,0.025,744263.745
2026-08-29 05:15:00,4135001,INV01,39.051,37.879,0.04,654624.161
2026-08-29 05:15:00,4135001,INV02,11.749,11.397,0.037,885102.371
2026-08-29 05:15:00,4135001,INV03,0.0,0.0,0.005,797589.951
2026-08-29 05:15:00,4135001,INV04,24.21,23.483,0.031,744263.751
2026-08-29 05:30:00,4135001,INV01,0.0,0.0,0.04,654624.161
2026-08-29 05:30:00,4135001,INV02,0.0,0.0,0.037,885102.371
2026-08-29 05:30:00,4135001,INV03,33.121,32.127,0.013,797589.959
2026-08-29 05:30:00,4135001,INV04,2.394,2.322,0.031,744263.751
2026-08-29 05:45:00,4135001,INV01,1.099,1.066,0.04,654624.161
2026-08-29 05:45:00,4135001,INV02,9.323,9.043,0.039,885102.373
2026-08-29 05:45:00,4135001,INV03,7.112,6.898,0.015,797589.961
2026-08-29 05:45:00,4135001,INV04,18.223,17.676,0.036,744263.756
2026-08-29 06:00:00,4135001,INV01,2904.971,2817.822,0.745,654624.865
2026-08-29 06:00:00,4135001,INV02,2731.758,2649.805,0.701,885103.036
2026-08-29 06:00:00,4135001,INV03,2822.003,2737.343,0.699,797590.645
2026-08-29 06:00:00,4135001,INV04,2860.514,2774.699,0.729,744264.449
2026-08-29 06:15:00,4135001,INV01,3490.754,3386.031,1.591,654625.712
2026-08-29 06:15:00,4135001,INV02,1275.34,1237.08,1.011,885103.345
2026-08-29 06:15:00,4135001,INV03,3473.957,3369.738,1.542,797591.488
2026-08-29 06:15:00,4135001,INV04,3374.143,3272.918,1.548,744265.267
2026-08-29 06:30:00,4135001,INV01,3996.419,3876.526,2.56,654626.681
2026-08-29 06:30:00,4135001,INV02,3906.464,3789.27,1.958,885104.292
2026-08-29 06:30:00,4135001,INV03,3856.576,3740.879,2.477,797592.423
2026-08-29 06:30:00,4135001,INV04,4153.027,4028.436,2.555,744266.275
2026-08-29 06:45:00,4135001,INV01,5505.049,5339.898,3.895,654628.016
2026-08-29 06:45:00,4135001,INV02,5320.593,5160.975,3.248,885105.582
2026-08-29 06:45:00,4135001,INV03,5440.025,5276.824,3.796,797593.742
2026-08-29 06:45:00,4135001,INV04,5120.248,4966.64,3.796,744267.516
2026-08-29 07:00:00,4135001,INV01,5644.236,5474.909,5.264,654629.385
2026-08-29 07:00:00,4135001,INV02,5666.935,5496.927,4.622,885106.957
2026-08-29 07:00:00,4135001,INV03,5551.185,5384.65,5.142,797595.088
2026-08-29 07:00:00,4135001,INV04,5822.013,5647.353,5.208,744268.928
2026-08-29 07:15:00,4135001,INV01,5391.537,5229.791,6.571,654630.692
2026-08-29 07:15:00,4135001,INV02,5708.333,5537.083,6.007,885108.341
2026-08-29 07:15:00,4135001,INV03,5425.594,5262.826,6.458,797596.404
2026-08-29 07:15:00,4135001,INV04,5457.466,5293.742,6.532,744270.252
2026-08-29 07:30:00,4135001,INV01,7123.215,6909.519,8.299,654632.419
2026-08-29 07:30:00,4135001,INV02,6670.107,6470.004,7.624,885109.958
2026-08-29 07:30:00,4135001,INV03,7116.24,6902.753,8.184,797598.13
2026-08-29 07:30:00,4135001,INV04,6961.287,6752.448,8.22,744271.94
2026-08-29 07:45:00,4135001,INV01,7975.916,7736.639,10.233,654634.354
2026-08-29 07:45:00,4135001,INV02,8026.723,7785.921,9.571,885111.905
2026-08-29 07:45:00,4135001,INV03,7619.565,7390.978,10.031,797599.978
2026-08-29 07:45:00,4135001,INV04,7838.179,7603.034,10.12,744273.84
2026-08-29 08:00:00,4135001,INV01,7398.156,7176.211,12.027,654636.148
2026-08-29 08:00:00,4135001,INV02,7758.577,7525.82,11.452,885113.786
2026-08-29 08:00:00,4135001,INV03,7827.526,7592.7,11.929,797601.876
2026-08-29 08:00:00,4135001,INV04,7572.788,7345.605,11.957,744275.677
2026-08-29 08:15:00,4135001,INV01,7586.689,7359.088,13.867,654637.987
2026-08-29 08:15:00,4135001,INV02,7327.581,7107.753,13.229,885115.563
2026-08-29 08:15:00,4135001,INV03,7777.448,7544.124,13.815,797603.762
2026-08-29 08:15:00,4135001,INV04,7281.964,7063.505,13.723,744277.443
2026-08-29 08:30:00,4135001,INV01,11295.202,10956.346,16.606,654640.727
2026-08-29 08:30:00,4135001,INV02,10796.406,10472.514,15.847,885118.181
2026-08-29 08:30:00,4135001,INV03,11645.723,11296.352,16.64,797606.586
2026-08-29 08:30:00,4135001,INV04,11491.667,11146.917,16.509,744280.229
2026-08-29 08:45:00,4135001,INV01,14095.956,13673.077,20.024,654644.145
2026-08-29 08:45:00,4135001,INV02,13421.15,13018.516,19.102,885121.436
2026-08-29 08:45:00,4135001,INV03,13488.752,13084.09,19.911,797609.857
2026-08-29 08:45:00,4135001,INV04,13514.836,13109.391,19.787,744283.507
2026-08-29 09:00:00,4135001,INV01,11404.615,11062.476,22.79,654646.91
2026-08-29 09:00:00,4135001,INV02,11391.0,11049.27,21.864,885124.198
2026-08-29 09:00:00,4135001,INV03,11397.799,11055.865,22.675,797612.621
2026-08-29 09:00:00,4135001,INV04,11539.029,11192.858,22.585,744286.305
2026-08-29 09:15:00,4135001,INV01,15161.249,14706.411,26.466,654650.587
2026-08-29 09:15:00,4135001,INV02,14896.233,14449.346,25.476,885127.811
2026-08-29 09:15:00,4135001,INV03,15752.014,15279.453,26.494,797616.441
2026-08-29 09:15:00,4135001,INV04,15542.844,15076.559,26.354,744290.074
2026-08-29 09:30:00,4135001,INV01,14257.996,13830.256,29.924,654654.045
2026-08-29 09:30:00,4135001,INV02,14780.942,14337.513,29.061,885131.395
2026-08-29 09:30:00,4135001,INV03,15362.23,14901.363,30.22,797620.166
2026-08-29 09:30:00,4135001,INV04,14791.727,14347.975,29.941,744293.661
2026-08-29 09:45:00,4135001,INV01,17219.213,16702.637,34.1,654658.22
2026-08-29 09:45:00,4135001,INV02,17142.648,16628.368,33.218,885135.552
2026-08-29 09:45:00,4135001,INV03,17524.658,16998.918,34.469,797624.416
2026-08-29 09:45:00,4135001,INV04,16427.674,15934.844,33.925,744297.645
2026-08-29 10:00:00,4135001,INV01,17493.311,16968.511,38.342,654662.462
2026-08-29 10:00:00,4135001,INV02,16927.458,16419.634,37.323,885139.657
2026-08-29 10:00:00,4135001,INV03,17406.74,16884.537,38.691,797628.637
2026-08-29 10:00:00,4135001,INV04,17714.595,17183.157,38.221,744301.941
2026-08-29 10:15:00,4135001,INV01,19653.485,19063.88,43.108,654667.228
2026-08-29 10:15:00,4135001,INV02,19199.788,18623.795,41.979,885144.313
2026-08-29 10:15:00,4135001,INV03,19723.116,19131.423,43.473,797633.42
2026-08-29 10:15:00,4135001,INV04,19354.563,18773.926,42.914,744306.634
2026-08-29 10:30:00,4135001,INV01,21681.284,21030.845,48.365,654672.486
2026-08-29 10:30:00,4135001,INV02,20972.056,20342.894,47.064,885149.399
2026-08-29 10:30:00,4135001,INV03,21048.08,20416.637,48.578,797638.524
2026-08-29 10:30:00,4135001,INV04,22551.891,21875.335,48.383,744312.103
2026-08-29 10:45:00,4135001,INV01,23335.785,22635.712,54.024,654678.145
2026-08-29 10:45:00,4135001,INV02,25193.541,24437.734,53.174,885155.508
2026-08-29 10:45:00,4135001,INV03,23964.252,23245.325,54.389,797644.335
2026-08-29 10:45:00,4135001,INV04,24027.2,23306.384,54.21,744317.929
2026-08-29 11:00:00,4135001,INV01,23012.202,22321.836,59.605,654683.725
2026-08-29 11:00:00,4135001,INV02,24171.547,23446.4,59.035,885161.37
2026-08-29 11:00:00,4135001,INV03,22855.534,22169.868,59.931,797649.878
2026-08-29 11:00:00,4135001,INV04,23314.843,22615.397,59.863,744323.583
2026-08-29 11:15:00,4135001,INV01,26204.604,25418.466,65.959,654690.08
2026-08-29 11:15:00,4135001,INV02,25298.219,24539.272,65.17,885167.505
2026-08-29 11:15:00,4135001,INV03,24559.941,23823.143,65.887,797655.833
2026-08-29 11:15:00,4135001,INV04,25613.015,24844.624,66.075,744329.794
2026-08-29 11:30:00,4135001,INV01,25179.256,24423.878,72.065,654696.186
2026-08-29 11:30:00,4135001,INV02,25103.084,24349.992,71.258,885173.592
2026-08-29 11:30:00,4135001,INV03,4330.104,4200.201,66.937,797656.884
2026-08-29 11:30:00,4135001,INV04,24832.908,24087.921,72.097,744335.816
2026-08-29 11:45:00,4135001,INV01,26555.03,25758.379,78.505,654702.626
2026-08-29 11:45:00,4135001,INV02,26973.924,26164.706,77.799,885180.133
2026-08-29 11:45:00,4135001,INV03,25383.935,24622.417,73.093,797663.039
2026-08-29 11:45:00,4135001,INV04,25356.051,24595.369,78.245,744341.965
2026-08-29 12:00:00,4135001,INV01,26357.076,25566.363,84.897,654709.017
2026-08-29 12:00:00,4135001,INV02,27796.767,26962.864,84.54,885186.874
2026-08-29 12:00:00,4135001,INV03,27176.266,26360.978,79.683,797669.629
2026-08-29 12:00:00,4135001,INV04,27103.859,26290.743,84.818,744348.538
2026-08-29 12:15:00,4135001,INV01,23777.538,23064.211,90.663,654714.783
2026-08-29 12:15:00,4135001,INV02,24941.117,24192.884,90.588,885192.922
2026-08-29 12:15:00,4135001,INV03,24110.406,23387.094,85.53,797675.476
2026-08-29 12:15:00,4135001,INV04,23798.505,23084.55,90.589,744354.309
2026-08-29 12:30:00,4135001,INV01,25550.456,24783.943,96.859,654720.979
2026-08-29 12:30:00,4135001,INV02,25500.133,24735.129,96.772,885199.106
2026-08-29 12:30:00,4135001,INV03,26728.707,25926.846,92.012,797681.958
2026-08-29 12:30:00,4135001,INV04,26829.097,26024.224,97.095,744360.815
2026-08-29 12:45:00,4135001,INV01,27633.9,26804.883,103.56,654727.681
2026-08-29 12:45:00,4135001,INV02,26295.643,25506.773,103.148,885205.483
2026-08-29 12:45:00,4135001,INV03,26725.896,25924.119,98.493,797688.439
2026-08-29 12:45:00,4135001,INV04,27859.98,27024.18,103.851,744367.571
2026-08-29 13:00:00,4135001,INV01,26364.469,25573.535,109.953,654734.074
2026-08-29 13:00:00,4135001,INV02,26087.883,25305.247,109.475,885211.809
2026-08-29 13:00:00,4135001,INV03,26228.466,25441.612,104.853,797694.799
2026-08-29 13:00:00,4135001,INV04,26545.949,25749.571,110.289,744374.009
2026-08-29 13:15:00,4135001,INV01,24067.182,23345.166,115.789,654739.91
2026-08-29 13:15:00,4135001,INV02,22921.769,22234.116,115.033,885217.368
2026-08-29 13:15:00,4135001,INV03,24134.589,23410.551,110.706,797700.652
2026-08-29 13:15:00,4135001,INV04,22711.398,22030.056,115.796,744379.516
2026-08-29 13:30:00,4135001,INV01,23027.519,22336.693,121.374,654745.494
2026-08-29 13:30:00,4135001,INV02,23333.965,22633.946,120.692,885223.026
2026-08-29 13:30:00,4135001,INV03,23388.893,22687.226,116.377,797706.324
2026-08-29 13:30:00,4135001,INV04,23661.411,22951.569,121.534,744385.254
2026-08-29 13:45:00,4135001,INV01,21759.939,21107.141,126.65,654750.771
2026-08-29 13:45:00,4135001,INV02,20956.287,20327.598,125.774,885228.108
2026-08-29 13:45:00,4135001,INV03,20574.123,19956.9,121.367,797711.313
2026-08-29 13:45:00,4135001,INV04,21125.706,20491.934,126.657,744390.377
2026-08-29 14:00:00,4135001,INV01,22686.727,22006.125,132.152,654756.273
2026-08-29 14:00:00,4135001,INV02,22054.21,21392.584,131.122,885233.456
2026-08-29 14:00:00,4135001,INV03,23082.413,22389.94,126.964,797716.91
2026-08-29 14:00:00,4135001,INV04,22777.69,22094.36,132.181,744395.901
2026-08-29 14:15:00,4135001,INV01,23457.102,22753.389,137.84,654761.961
2026-08-29 14:15:00,4135001,INV02,23441.991,22738.732,136.806,885239.141
2026-08-29 14:15:00,4135001,INV03,22082.612,21420.133,132.319,797722.265
2026-08-29 14:15:00,4135001,INV04,22236.985,21569.875,137.573,744401.293
2026-08-29 14:30:00,4135001,INV01,17871.11,17334.976,142.174,654766.295
2026-08-29 14:30:00,4135001,INV02,18076.509,17534.214,141.19,885243.524
2026-08-29 14:30:00,4135001,INV03,18822.398,18257.726,136.884,797726.83
2026-08-29 14:30:00,4135001,INV04,19081.167,18508.732,142.2,744405.92
2026-08-29 14:45:00,4135001,INV01,17293.508,16774.702,146.368,654770.488
2026-08-29 14:45:00,4135001,INV02,17226.928,16710.12,145.368,885247.702
2026-08-29 14:45:00,4135001,INV03,17766.351,17233.361,141.192,797731.138
2026-08-29 14:45:00,4135001,INV04,17632.31,17103.34,146.476,744410.196
2026-08-29 15:00:00,4135001,INV01,16335.692,15845.622,150.329,654774.45
2026-08-29 15:00:00,4135001,INV02,16899.104,16392.131,149.466,885251.8
2026-08-29 15:00:00,4135001,INV03,17645.06,17115.708,145.471,797735.417
2026-08-29 15:00:00,4135001,INV04,17498.128,16973.184,150.72,744414.439
2026-08-29 15:15:00,4135001,INV01,17927.974,17390.135,154.677,654778.797
2026-08-29 15:15:00,4135001,INV02,16863.864,16357.948,153.555,885255.889
2026-08-29 15:15:00,4135001,INV03,16643.382,16144.081,149.507,797739.453
2026-08-29 15:15:00,4135001,INV04,17246.909,16729.502,154.902,744418.622
2026-08-29 15:30:00,4135001,INV01,12029.202,11668.326,157.594,654781.714
2026-08-29 15:30:00,4135001,INV02,11978.524,11619.168,156.46,885258.794
2026-08-29 15:30:00,4135001,INV03,11536.2,11190.114,152.304,797742.251
2026-08-29 15:30:00,4135001,INV04,12036.588,11675.491,157.821,744421.541
2026-08-29 15:45:00,4135001,INV01,13513.045,13107.653,160.871,654784.991
2026-08-29 15:45:00,4135001,INV02,12957.292,12568.573,159.602,885261.936
2026-08-29 15:45:00,4135001,INV03,12710.462,12329.148,155.387,797745.333
2026-08-29 15:45:00,4135001,INV04,12794.623,12410.784,160.923,744424.643
2026-08-29 16:00:00,4135001,INV01,11915.821,11558.346,163.76,654787.881
2026-08-29 16:00:00,4135001,INV02,12449.339,12075.859,162.621,885264.955
2026-08-29 16:00:00,4135001,INV03,12571.992,12194.832,158.435,797748.382
2026-08-29 16:00:00,4135001,INV04,12731.147,12349.213,164.011,744427.731
2026-08-29 16:15:00,4135001,INV01,9287.899,9009.262,166.013,654790.133
2026-08-29 16:15:00,4135001,INV02,8789.442,8525.758,164.752,885267.087
2026-08-29 16:15:00,4135001,INV03,9056.011,8784.33,160.632,797750.578
2026-08-29 16:15:00,4135001,INV04,8813.813,8549.399,166.148,744429.868
2026-08-29 16:30:00,4135001,INV01,6491.591,6296.844,167.587,654791.707
2026-08-29 16:30:00,4135001,INV02,6340.245,6150.038,166.29,885268.624
2026-08-29 16:30:00,4135001,INV03,6191.158,6005.423,162.133,797752.079
2026-08-29 16:30:00,4135001,INV04,6295.116,6106.263,167.675,744431.395
2026-08-29 16:45:00,4135001,INV01,8083.416,7840.914,169.547,654793.668
2026-08-29 16:45:00,4135001,INV02,8160.534,7915.718,168.269,885270.603
2026-08-29 16:45:00,4135001,INV03,8199.465,7953.481,164.121,797754.068
2026-08-29 16:45:00,4135001,INV04,8005.584,7765.416,169.616,744433.336
2026-08-29 17:00:00,4135001,INV01,5818.897,5644.331,170.958,654795.079
2026-08-29 17:00:00,4135001,INV02,5715.562,5544.095,169.655,885271.989
2026-08-29 17:00:00,4135001,INV03,6009.69,5829.399,165.579,797755.525
2026-08-29 17:00:00,4135001,INV04,6036.653,5855.554,171.08,744434.8
2026-08-29 17:15:00,4135001,INV01,6341.834,6151.579,172.496,654796.617
2026-08-29 17:15:00,4135001,INV02,6609.725,6411.433,171.258,885273.592
2026-08-29 17:15:00,4135001,INV03,6613.643,6415.233,167.182,797757.129
2026-08-29 17:15:00,4135001,INV04,6607.499,6409.274,172.682,744436.402
2026-08-29 17:30:00,4135001,INV01,6407.502,6215.277,174.05,654798.171
2026-08-29 17:30:00,4135001,INV02,6326.27,6136.482,172.792,885275.126
2026-08-29 17:30:00,4135001,INV03,6559.914,6363.117,168.773,797758.719
2026-08-29 17:30:00,4135001,INV04,6481.678,6287.228,174.254,744437.974
2026-08-29 17:45:00,4135001,INV01,3953.698,3835.087,175.009,654799.129
2026-08-29 17:45:00,4135001,INV02,3852.432,3736.859,173.726,885276.06
2026-08-29 17:45:00,4135001,INV03,3911.882,3794.526,169.722,797759.668
2026-08-29 17:45:00,4135001,INV04,4007.116,3886.903,175.226,744438.946
2026-08-29 18:00:00,4135001,INV01,1141.141,1106.907,175.285,654799.406
2026-08-29 18:00:00,4135001,INV02,1144.763,1110.42,174.004,885276.338
2026-08-29 18:00:00,4135001,INV03,226.597,219.799,169.777,797759.723
2026-08-29 18:00:00,4135001,INV04,1205.1,1168.947,175.518,744439.238
2026-08-29 18:15:00,4135001,INV01,4517.597,4382.069,176.381,654800.502
2026-08-29 18:15:00,4135001,INV02,4477.221,4342.904,175.089,885277.424
2026-08-29 18:15:00,4135001,INV03,4400.521,4268.505,170.844,797760.79
2026-08-29 18:15:00,4135001,INV04,4262.397,4134.525,176.552,744440.272
2026-08-29 18:30:00,4135001,INV01,2675.225,2594.968,177.03,654801.15
2026-08-29 18:30:00,4135001,INV02,2703.277,2622.179,175.745,885278.079
2026-08-29 18:30:00,4135001,INV03,2848.868,2763.402,171.535,797761.481
2026-08-29 18:30:00,4135001,INV04,2762.537,2679.661,177.222,744440.941
2026-08-29 18:45:00,4135001,INV01,0.0,0.0,177.03,654801.15
2026-08-29 18:45:00,4135001,INV02,16.352,15.861,175.749,885278.083
2026-08-29 18:45:00,4135001,INV03,10.89,10.564,171.537,797761.484
2026-08-29 18:45:00,4135001,INV04,9.223,8.946,177.224,744440.944
2026-08-29 19:00:00,4135001,INV01,27.936,27.098,177.036,654801.157
2026-08-29 19:00:00,4135001,INV02,0.0,0.0,175.749,885278.083
2026-08-29 19:00:00,4135001,INV03,0.0,0.0,171.537,797761.484
2026-08-29 19:00:00,4135001,INV04,0.0,0.0,177.224,744440.944
2026-08-29 19:15:00,4135001,INV01,3.704,3.593,177.037,654801.158
2026-08-29 19:15:00,4135001,INV02,16.782,16.279,175.753,885278.087
2026-08-29 19:15:00,4135001,INV03,16.305,15.816,171.541,797761.488
2026-08-29 19:15:00,4135001,INV04,1.229,1.192,177.224,744440.944
2026-08-29 19:30:00,4135001,INV01,0.0,0.0,177.037,654801.158
2026-08-29 19:30:00,4135001,INV02,0.0,0.0,175.753,885278.087
2026-08-29 19:30:00,4135001,INV03,0.0,0.0,171.541,797761.488
2026-08-29 19:30:00,4135001,INV04,1.875,1.819,177.225,744440.944
2026-08-29 19:45:00,4135001,INV01,0.0,0.0,177.037,654801.158
2026-08-29 19:45:00,4135001,INV02,14.405,13.973,175.756,885278.091
2026-08-29 19:45:00,4135001,INV03,22.871,22.185,171.547,797761.493
2026-08-29 19:45:00,4135001,INV04,0.0,0.0,177.225,744440.944
2026-08-29 20:00:00,4135001,INV01,0.0,0.0,177.037,654801.158
2026-08-29 20:00:00,4135001,INV02,10.627,10.308,175.759,885278.093
2026-08-29 20:00:00,4135001,INV03,0.0,0.0,171.547,797761.493
2026-08-29 20:00:00,4135001,INV04,10.649,10.33,177.227,744440.947
2026-08-29 20:15:00,4135001,INV01,0.0,0.0,177.037,654801.158
2026-08-29 20:15:00,4135001,INV02,5.262,5.104,175.76,885278.095
2026-08-29 20:15:00,4135001,INV03,0.0,0.0,171.547,797761.493
2026-08-29 20:15:00,4135001,INV04,8.228,7.981,177.229,744440.949
2026-08-29 20:30:00,4135001,INV01,0.0,0.0,177.037,654801.158
2026-08-29 20:30:00,4135001,INV02,30.811,29.887,175.768,885278.102
2026-08-29 20:30:00,4135001,INV03,18.125,17.581,171.551,797761.498
2026-08-29 20:30:00,4135001,INV04,0.0,0.0,177.229,744440.949
2026-08-29 20:45:00,4135001,INV01,13.897,13.48,177.041,654801.161
2026-08-29 20:45:00,4135001,INV02,0.0,0.0,175.768,885278.102
2026-08-29 20:45:00,4135001,INV03,0.0,0.0,171.551,797761.498
2026-08-29 20:45:00,4135001,INV04,0.0,0.0,177.229,744440.949
2026-08-29 21:00:00,4135001,INV01,0.0,0.0,177.041,654801.161
2026-08-29 21:00:00,4135001,INV02,0.0,0.0,175.768,885278.102
2026-08-29 21:00:00,4135001,INV03,4.109,3.986,171.552,797761.499
2026-08-29 21:00:00,4135001,INV04,0.0,0.0,177.229,744440.949
2026-08-29 21:15:00,4135001,INV01,9.741,9.449,177.043,654801.164
2026-08-29 21:15:00,4135001,INV02,1.696,1.645,175.768,885278.103
2026-08-29 21:15:00,4135001,INV03,5.509,5.344,171.554,797761.5
2026-08-29 21:15:00,4135001,INV04,0.0,0.0,177.229,744440.949
2026-08-29 21:30:00,4135001,INV01,3.613,3.505,177.044,654801.165
2026-08-29 21:30:00,4135001,INV02,0.0,0.0,175.768,885278.103
2026-08-29 21:30:00,4135001,INV03,13.345,12.945,171.557,797761.503
2026-08-29 21:30:00,4135001,INV04,0.0,0.0,177.229,744440.949
2026-08-29 21:45:00,4135001,INV01,0.0,0.0,177.044,654801.165
2026-08-29 21:45:00,4135001,INV02,0.0,0.0,175.768,885278.103
2026-08-29 21:45:00,4135001,INV03,10.192,9.886,171.559,797761.506
2026-08-29 21:45:00,4135001,INV04,0.0,0.0,177.229,744440.949
2026-08-29 22:00:00,4135001,INV01,0.0,0.0,177.044,654801.165
2026-08-29 22:00:00,4135001,INV02,11.135,10.801,175.771,885278.105
2026-08-29 22:00:00,4135001,INV03,13.46,13.056,171.563,797761.509
2026-08-29 22:00:00,4135001,INV04,0.0,0.0,177.229,744440.949
2026-08-29 22:15:00,4135001,INV01,11.182,10.847,177.047,654801.167
2026-08-29 22:15:00,4135001,INV02,7.518,7.293,175.773,885278.107
2026-08-29 22:15:00,4135001,INV03,0.0,0.0,171.563,797761.509
2026-08-29 22:15:00,4135001,INV04,17.832,17.297,177.233,744440.953
2026-08-29 22:30:00,4135001,INV01,0.0,0.0,177.047,654801.167
2026-08-29 22:30:00,4135001,INV02,2.327,2.257,175.773,885278.108
2026-08-29 22:30:00,4135001,INV03,10.772,10.449,171.565,797761.511
2026-08-29 22:30:00,4135001,INV04,12.162,11.797,177.236,744440.956
2026-08-29 22:45:00,4135001,INV01,4.988,4.839,177.048,654801.168
2026-08-29 22:45:00,4135001,INV02,12.818,12.434,175.776,885278.111
2026-08-29 22:45:00,4135001,INV03,19.315,18.736,171.57,797761.516
2026-08-29 22:45:00,4135001,INV04,0.0,0.0,177.236,744440.956
2026-08-29 23:00:00,4135001,INV01,7.602,7.373,177.05,654801.17
2026-08-29 23:00:00,4135001,INV02,0.0,0.0,175.776,885278.111
2026-08-29 23:00:00,4135001,INV03,6.521,6.326,171.571,797761.518
2026-08-29 23:00:00,4135001,INV04,7.205,6.988,177.238,744440.958
2026-08-29 23:15:00,4135001,INV01,21.649,21.0,177.055,654801.176
2026-08-29 23:15:00,4135001,INV02,11.81,11.456,175.779,885278.114
2026-08-29 23:15:00,4135001,INV03,3.507,3.402,171.572,797761.519
2026-08-29 23:15:00,4135001,INV04,9.263,8.985,177.24,744440.96
2026-08-29 23:30:00,4135001,INV01,0.0,0.0,177.055,654801.176
2026-08-29 23:30:00,4135001,INV02,0.0,0.0,175.779,885278.114
2026-08-29 23:30:00,4135001,INV03,12.019,11.658,171.575,797761.522
2026-08-29 23:30:00,4135001,INV04,0.0,0.0,177.24,744440.96
2026-08-29 23:45:00,4135001,INV01,0.0,0.0,177.055,654801.176
2026-08-29 23:45:00,4135001,INV02,0.0,0.0,175.779,885278.114
2026-08-29 23:45:00,4135001,INV03,2.549,2.473,171.576,797761.522
2026-08-29 23:45:00,4135001,INV04,15.347,14.887,177.244,744440.964
2026-08-30 00:00:00,4135001,INV01,0.0,0.0,0.0,654801.176
2026-08-30 00:00:00,4135001,INV02,16.258,15.77,0.004,885278.118
2026-08-30 00:00:00,4135001,INV03,0.0,0.0,0.0,797761.522
2026-08-30 00:00:00,4135001,INV04,25.565,24.798,0.006,744440.97
2026-08-30 00:15:00,4135001,INV01,5.485,5.32,0.001,654801.177
2026-08-30 00:15:00,4135001,INV02,5.813,5.639,0.005,885278.119
2026-08-30 00:15:00,4135001,INV03,0.0,0.0,0.0,797761.522
2026-08-30 00:15:00,4135001,INV04,0.0,0.0,0.006,744440.97
2026-08-30 00:30:00,4135001,INV01,2.125,2.061,0.002,654801.177
2026-08-30 00:30:00,4135001,INV02,1.577,1.53,0.006,885278.119
2026-08-30 00:30:00,4135001,INV03,9.888,9.592,0.002,797761.525
2026-08-30 00:30:00,4135001,INV04,0.0,0.0,0.006,744440.97
2026-08-30 00:45:00,4135001,INV01,0.0,0.0,0.002,654801.177
2026-08-30 00:45:00,4135001,INV02,10.957,10.629,0.008,885278.122
2026-08-30 00:45:00,4135001,INV03,0.0,0.0,0.002,797761.525
2026-08-30 00:45:00,4135001,INV04,0.0,0.0,0.006,744440.97
2026-08-30 01:00:00,4135001,INV01,0.0,0.0,0.002,654801.177
2026-08-30 01:00:00,4135001,INV02,0.0,0.0,0.008,885278.122
2026-08-30 01:00:00,4135001,INV03,0.0,0.0,0.002,797761.525
2026-08-30 01:00:00,4135001,INV04,0.0,0.0,0.006,744440.97
2026-08-30 01:15:00,4135001,INV01,0.0,0.0,0.002,654801.177
2026-08-30 01:15:00,4135001,INV02,8.547,8.29,0.01,885278.124
2026-08-30 01:15:00,4135001,INV03,2.312,2.242,0.003,797761.525
2026-08-30 01:15:00,4135001,INV04,0.0,0.0,0.006,744440.97
2026-08-30 01:30:00,4135001,INV01,0.0,0.0,0.002,654801.177
2026-08-30 01:30:00,4135001,INV02,6.712,6.511,0.012,885278.126
2026-08-30 01:30:00,4135001,INV03,6.636,6.437,0.005,797761.527
2026-08-30 01:30:00,4135001,INV04,0.0,0.0,0.006,744440.97
2026-08-30 01:45:00,4135001,INV01,0.0,0.0,0.002,654801.177
2026-08-30 01:45:00,4135001,INV02,6.01,5.829,0.014,885278.127
2026-08-30 01:45:00,4135001,INV03,8.633,8.374,0.007,797761.529
2026-08-30 01:45:00,4135001,INV04,3.431,3.328,0.007,744440.971
2026-08-30 02:00:00,4135001,INV01,0.0,0.0,0.002,654801.177
2026-08-30 02:00:00,4135001,INV02,17.275,16.757,0.018,885278.131
2026-08-30 02:00:00,4135001,INV03,12.564,12.187,0.01,797761.532
2026-08-30 02:00:00,4135001,INV04,11.501,11.156,0.01,744440.974
2026-08-30 02:15:00,4135001,INV01,14.957,14.508,0.005,654801.181
2026-08-30 02:15:00,4135001,INV02,4.121,3.997,0.019,885278.132
2026-08-30 02:15:00,4135001,INV03,0.0,0.0,0.01,797761.532
2026-08-30 02:15:00,4135001,INV04,8.749,8.487,0.012,744440.976
2026-08-30 02:30:00,4135001,INV01,12.334,11.964,0.008,654801.184
2026-08-30 02:30:00,4135001,INV02,0.0,0.0,0.019,885278.132
2026-08-30 02:30:00,4135001,INV03,0.0,0.0,0.01,797761.532
2026-08-30 02:30:00,4135001,INV04,22.099,21.436,0.017,744440.981
2026-08-30 02:45:00,4135001,INV01,12.168,11.803,0.011,654801.187
2026-08-30 02:45:00,4135001,INV02,0.0,0.0,0.019,885278.132
2026-08-30 02:45:00,4135001,INV03,0.174,0.169,0.01,797761.532
2026-08-30 02:45:00,4135001,INV04,13.531,13.125,0.021,744440.985
2026-08-30 03:00:00,4135001,INV01,38.037,36.896,0.021,654801.196
2026-08-30 03:00:00,4135001,INV02,0.0,0.0,0.019,885278.132
2026-08-30 03:00:00,4135001,INV03,0.0,0.0,0.01,797761.532
2026-08-30 03:00:00,4135001,INV04,10.408,10.096,0.023,744440.987
2026-08-30 03:15:00,4135001,INV01,12.413,12.041,0.024,654801.199
2026-08-30 03:15:00,4135001,INV02,0.0,0.0,0.019,885278.132
2026-08-30 03:15:00,4135001,INV03,13.795,13.381,0.013,797761.535
2026-08-30 03:15:00,4135001,INV04,7.236,7.019,0.025,744440.989
2026-08-30 03:30:00,4135001,INV01,41.853,40.598,0.034,654801.209
2026-08-30 03:30:00,4135001,INV02,27.62,26.792,0.025,885278.139
2026-08-30 03:30:00,4135001,INV03,0.0,0.0,0.013,797761.535
2026-08-30 03:30:00,4135001,INV04,21.722,21.071,0.03,744440.994
2026-08-30 03:45:00,4135001,INV01,0.0,0.0,0.034,654801.209
2026-08-30 03:45:00,4135001,INV02,7.959,7.72,0.027,885278.141
2026-08-30 03:45:00,4135001,INV03,0.0,0.0,0.013,797761.535
2026-08-30 03:45:00,4135001,INV04,10.334,10.024,0.033,744440.997
2026-08-30 04:00:00,4135001,INV01,0.0,0.0,0.034,654801.209
2026-08-30 04:00:00,4135001,INV02,7.7,7.469,0.029,885278.143
2026-08-30 04:00:00,4135001,INV03,0.0,0.0,0.013,797761.535
2026-08-30 04:00:00,4135001,INV04,3.529,3.423,0.033,744440.997
2026-08-30 04:15:00,4135001,INV01,0.0,0.0,0.034,654801.209
2026-08-30 04:15:00,4135001,INV02,0.0,0.0,0.029,885278.143
2026-08-30 04:15:00,4135001,INV03,0.0,0.0,0.013,797761.535
2026-08-30 04:15:00,4135001,INV04,0.0,0.0,0.033,744440.997
2026-08-30 04:30:00,4135001,INV01,0.0,0.0,0.034,654801.209
2026-08-30 04:30:00,4135001,INV02,33.494,32.489,0.037,885278.151
2026-08-30 04:30:00,4135001,INV03,0.0,0.0,0.013,797761.535
2026-08-30 04:30:00,4135001,INV04,0.0,0.0,0.033,744440.997
2026-08-30 04:45:00,4135001,INV01,16.866,16.36,0.038,654801.213
2026-08-30 04:45:00,4135001,INV02,0.0,0.0,0.037,885278.151
2026-08-30 04:45:00,4135001,INV03,18.762,18.199,0.018,797761.54
2026-08-30 04:45:00,4135001,INV04,29.412,28.53,0.041,744441.005
2026-08-30 05:00:00,4135001,INV01,21.512,20.867,0.043,654801.219
2026-08-30 05:00:00,4135001,INV02,0.0,0.0,0.037,885278.151
2026-08-30 05:00:00,4135001,INV03,16.699,16.198,0.022,797761.544
2026-08-30 05:00:00,4135001,INV04,0.0,0.0,0.041,744441.005
2026-08-30 05:15:00,4135001,INV01,0.815,0.791,0.043,654801.219
2026-08-30 05:15:00,4135001,INV02,0.0,0.0,0.037,885278.151
2026-08-30 05:15:00,4135001,INV03,0.0,0.0,0.022,797761.544
2026-08-30 05:15:00,4135001,INV04,17.261,16.743,0.045,744441.009
2026-08-30 05:30:00,4135001,INV01,7.049,6.838,0.045,654801.221
2026-08-30 05:30:00,4135001,INV02,14.097,13.675,0.041,885278.154
2026-08-30 05:30:00,4135001,INV03,0.0,0.0,0.022,797761.544
2026-08-30 05:30:00,4135001,INV04,20.243,19.636,0.05,744441.014
2026-08-30 05:45:00,4135001,INV01,0.0,0.0,0.045,654801.221
2026-08-30 05:45:00,4135001,INV02,5.777,5.604,0.042,885278.156
2026-08-30 05:45:00,4135001,INV03,0.0,0.0,0.022,797761.544
2026-08-30 05:45:00,4135001,INV04,0.0,0.0,0.05,744441.014
2026-08-30 06:00:00,4135001,INV01,1725.065,1673.313,0.463,654801.639
2026-08-30 06:00:00,4135001,INV02,1665.382,1615.421,0.446,885278.56
2026-08-30 06:00:00,4135001,INV03,1677.897,1627.56,0.429,797761.951
2026-08-30 06:00:00,4135001,INV04,1611.325,1562.985,0.44,744441.404
2026-08-30 06:15:00,4135001,INV01,4666.82,4526.816,1.595,654802.771
2026-08-30 06:15:00,4135001,INV02,4677.456,4537.132,1.58,885279.694
2026-08-30 06:15:00,4135001,INV03,4677.392,4537.071,1.563,797763.085
2026-08-30 06:15:00,4135001,INV04,4510.847,4375.521,1.534,744442.498
2026-08-30 06:30:00,4135001,INV01,3045.647,2954.278,2.334,654803.509
2026-08-30 06:30:00,4135001,INV02,3013.348,2922.947,2.311,885280.425
2026-08-30 06:30:00,4135001,INV03,2974.875,2885.629,2.284,797763.806
2026-08-30 06:30:00,4135001,INV04,2973.459,2884.255,2.255,744443.219
2026-08-30 06:45:00,4135001,INV01,8623.109,8364.416,4.425,654805.6
2026-08-30 06:45:00,4135001,INV02,8379.216,8127.839,4.343,885282.457
2026-08-30 06:45:00,4135001,INV03,8506.781,8251.578,4.347,797765.869
2026-08-30 06:45:00,4135001,INV04,8331.29,8081.352,4.276,744445.24
2026-08-30 07:00:00,4135001,INV01,3882.224,3765.757,5.366,654806.542
2026-08-30 07:00:00,4135001,INV02,3842.873,3727.587,5.275,885283.389
2026-08-30 07:00:00,4135001,INV03,3982.226,3862.759,5.313,797766.835
2026-08-30 07:00:00,4135001,INV04,3941.798,3823.544,5.232,744446.196
2026-08-30 07:15:00,4135001,INV01,5596.262,5428.374,6.723,654807.899
2026-08-30 07:15:00,4135001,INV02,5669.918,5499.821,6.65,885284.763
2026-08-30 07:15:00,4135001,INV03,5675.061,5504.809,6.689,797768.211
2026-08-30 07:15:00,4135001,INV04,5419.623,5257.034,6.546,744447.51
2026-08-30 07:30:00,4135001,INV01,8445.828,8192.453,8.771,654809.947
2026-08-30 07:30:00,4135001,INV02,8515.079,8259.627,8.715,885286.828
2026-08-30 07:30:00,4135001,INV03,8442.353,8189.082,8.736,797770.258
2026-08-30 07:30:00,4135001,INV04,8824.072,8559.35,8.686,744449.65
2026-08-30 07:45:00,4135001,INV01,9589.761,9302.068,11.097,654812.272
2026-08-30 07:45:00,4135001,INV02,9363.352,9082.451,10.985,885289.099
2026-08-30 07:45:00,4135001,INV03,8971.137,8702.003,10.912,797772.434
2026-08-30 07:45:00,4135001,INV04,9415.418,9132.956,10.969,744451.933
2026-08-30 08:00:00,4135001,INV01,9378.825,9097.46,13.371,654814.547
2026-08-30 08:00:00,4135001,INV02,9041.77,8770.517,13.178,885291.292
2026-08-30 08:00:00,4135001,INV03,9403.995,9121.876,13.192,797774.714
2026-08-30 08:00:00,4135001,INV04,9644.343,9355.013,13.308,744454.272
2026-08-30 08:15:00,4135001,INV01,10722.377,10400.706,15.971,654817.147
2026-08-30 08:15:00,4135001,INV02,10705.592,10384.424,15.774,885293.888
2026-08-30 08:15:00,4135001,INV03,10491.015,10176.285,15.736,797777.259
2026-08-30 08:15:00,4135001,INV04,10092.235,9789.468,15.755,744456.719
2026-08-30 08:30:00,4135001,INV01,9060.442,8788.628,18.169,654819.344
2026-08-30 08:30:00,4135001,INV02,9300.023,9021.023,18.029,885296.143
2026-08-30 08:30:00,4135001,INV03,9024.451,8753.717,17.925,797779.447
2026-08-30 08:30:00,4135001,INV04,9241.513,8964.267,17.996,744458.96
2026-08-30 08:45:00,4135001,INV01,13347.025,12946.614,21.405,654822.581
2026-08-30 08:45:00,4135001,INV02,13246.115,12848.732,21.242,885299.355
2026-08-30 08:45:00,4135001,INV03,13420.442,13017.829,21.179,797782.701
2026-08-30 08:45:00,4135001,INV04,14210.179,13783.874,21.442,744462.406
2026-08-30 09:00:00,4135001,INV01,11384.035,11042.514,24.166,654825.341
2026-08-30 09:00:00,4135001,INV02,11662.427,11312.554,24.07,885302.183
2026-08-30 09:00:00,4135001,INV03,11495.801,11150.927,23.967,797785.489
2026-08-30 09:00:00,4135001,INV04,2144.131,2079.807,21.962,744462.926
2026-08-30 09:15:00,4135001,INV01,14115.194,13691.738,27.589,654828.764
2026-08-30 09:15:00,4135001,INV02,6476.557,6282.26,25.64,885303.754
2026-08-30 09:15:00,4135001,INV03,14535.166,14099.111,27.492,797789.014
2026-08-30 09:15:00,4135001,INV04,14035.422,13614.36,25.366,744466.33
2026-08-30 09:30:00,4135001,INV01,15639.91,15170.713,31.381,654832.557
2026-08-30 09:30:00,4135001,INV02,15199.229,14743.252,29.326,885307.44
2026-08-30 09:30:00,4135001,INV03,15372.245,14911.077,31.22,797792.742
2026-08-30 09:30:00,4135001,INV04,15540.979,15074.75,29.134,744470.098
2026-08-30 09:45:00,4135001,INV01,15963.683,15484.773,35.253,654836.428
2026-08-30 09:45:00,4135001,INV02,14942.455,14494.181,32.95,885311.063
2026-08-30 09:45:00,4135001,INV03,15287.738,14829.106,34.927,797796.449
2026-08-30 09:45:00,4135001,INV04,14915.541,14468.074,32.751,744473.715
2026-08-30 10:00:00,4135001,INV01,20299.719,19690.727,40.175,654841.351
2026-08-30 10:00:00,4135001,INV02,20877.804,20251.47,38.012,885316.126
2026-08-30 10:00:00,4135001,INV03,19830.38,19235.469,39.736,797801.258
2026-08-30 10:00:00,4135001,INV04,20337.93,19727.792,37.683,744478.647
2026-08-30 10:15:00,4135001,INV01,21600.686,20952.665,45.414,654846.589
2026-08-30 10:15:00,4135001,INV02,21090.585,20457.867,43.127,885321.241
2026-08-30 10:15:00,4135001,INV03,21408.649,20766.39,44.927,797806.449
2026-08-30 10:15:00,4135001,INV04,21750.526,21098.01,42.958,744483.922
2026-08-30 10:30:00,4135001,INV01,20396.291,19784.402,50.36,654851.535
2026-08-30 10:30:00,4135001,INV02,20529.42,19913.537,48.105,885326.219
2026-08-30 10:30:00,4135001,INV03,20622.639,20003.96,49.928,797811.45
2026-08-30 10:30:00,4135001,INV04,21414.669,20772.229,48.151,744489.115
2026-08-30 10:45:00,4135001,INV01,22345.271,21674.913,55.778,654856.954
2026-08-30 10:45:00,4135001,INV02,21883.393,21226.892,53.412,885331.526
2026-08-30 10:45:00,4135001,INV03,21442.491,20799.216,55.128,797816.65
2026-08-30 10:45:00,4135001,INV04,20872.965,20246.776,53.213,744494.177
2026-08-30 11:00:00,4135001,INV01,24396.601,23664.703,61.695,654862.87
2026-08-30 11:00:00,4135001,INV02,23207.158,22510.943,59.04,885337.153
2026-08-30 11:00:00,4135001,INV03,4542.496,4406.221,56.23,797817.752
2026-08-30 11:00:00,4135001,INV04,23105.465,22412.301,58.816,744499.78
2026-08-30 11:15:00,4135001,INV01,22069.748,21407.656,67.046,654868.222
2026-08-30 11:15:00,4135001,INV02,21592.62,20944.842,64.276,885342.39
2026-08-30 11:15:00,4135001,INV03,22422.7,21750.019,61.667,797823.189
2026-08-30 11:15:00,4135001,INV04,22219.526,21552.94,64.204,744505.168
2026-08-30 11:30:00,4135001,INV01,25610.385,24842.073,73.257,654874.433
2026-08-30 11:30:00,4135001,INV02,25617.778,24849.244,70.488,885348.602
2026-08-30 11:30:00,4135001,INV03,26431.534,25638.588,68.077,797829.599
2026-08-30 11:30:00,4135001,INV04,26494.068,25699.246,70.629,744511.593
2026-08-30 11:45:00,4135001,INV01,25971.084,25191.951,79.555,654880.73
2026-08-30 11:45:00,4135001,INV02,25874.573,25098.336,76.763,885354.877
2026-08-30 11:45:00,4135001,INV03,26846.872,26041.466,74.587,797836.109
2026-08-30 11:45:00,4135001,INV04,7645.847,7416.472,72.483,744513.447
2026-08-30 12:00:00,4135001,INV01,27986.808,27147.204,86.342,654887.517
2026-08-30 12:00:00,4135001,INV02,28090.741,27248.019,83.575,885361.689
2026-08-30 12:00:00,4135001,INV03,28415.33,27562.87,81.478,797843.0
2026-08-30 12:00:00,4135001,INV04,27309.702,26490.411,79.105,744520.069
2026-08-30 12:15:00,4135001,INV01,24950.032,24201.531,92.392,654893.568
2026-08-30 12:15:00,4135001,INV02,25306.058,24546.876,89.712,885367.825
2026-08-30 12:15:00,4135001,INV03,26083.964,25301.445,87.803,797849.325
2026-08-30 12:15:00,4135001,INV04,26528.303,25732.454,85.539,744526.503
2026-08-30 12:30:00,4135001,INV01,26045.539,25264.173,98.708,654899.884
2026-08-30 12:30:00,4135001,INV02,25367.829,24606.795,95.863,885373.977
2026-08-30 12:30:00,4135001,INV03,25803.288,25029.189,94.061,797855.583
2026-08-30 12:30:00,4135001,INV04,25131.42,24377.477,91.633,744532.597
2026-08-30 12:45:00,4135001,INV01,26706.912,25905.704,105.185,654906.36
2026-08-30 12:45:00,4135001,INV02,26947.206,26138.79,102.398,885380.512
2026-08-30 12:45:00,4135001,INV03,25502.566,24737.489,100.245,797861.767
2026-08-30 12:45:00,4135001,INV04,25713.163,24941.768,97.868,744538.832
2026-08-30 13:00:00,4135001,INV01,25645.073,24875.721,111.404,654912.579
2026-08-30 13:00:00,4135001,INV02,24887.905,24141.268,108.433,885386.547
2026-08-30 13:00:00,4135001,INV03,24458.196,23724.45,106.176,797867.698
2026-08-30 13:00:00,4135001,INV04,25293.713,24534.902,104.002,744544.966
2026-08-30 13:15:00,4135001,INV01,24222.893,23496.206,117.278,654918.453
2026-08-30 13:15:00,4135001,INV02,23483.115,22778.621,114.128,885392.242
2026-08-30 13:15:00,4135001,INV03,24203.427,23477.324,112.045,797873.567
2026-08-30 13:15:00,4135001,INV04,23378.528,22677.173,109.671,744550.635
2026-08-30 13:30:00,4135001,INV01,25087.585,24334.958,123.361,654924.537
2026-08-30 13:30:00,4135001,INV02,24618.857,23880.291,120.098,885398.212
2026-08-30 13:30:00,4135001,INV03,24755.98,24013.301,118.049,797879.571
2026-08-30 13:30:00,4135001,INV04,23908.889,23191.622,115.469,744556.433
2026-08-30 13:45:00,4135001,INV01,19063.412,18491.51,127.984,654929.16
2026-08-30 13:45:00,4135001,INV02,19982.236,19382.769,124.944,885403.057
2026-08-30 13:45:00,4135001,INV03,19962.5,19363.625,122.89,797884.412
2026-08-30 13:45:00,4135001,INV04,18942.55,18374.274,120.063,744561.027
2026-08-30 14:00:00,4135001,INV01,21890.996,21234.266,133.293,654934.468
2026-08-30 14:00:00,4135001,INV02,22050.127,21388.623,130.291,885408.405
2026-08-30 14:00:00,4135001,INV03,22733.324,22051.324,128.402,797889.925
2026-08-30 14:00:00,4135001,INV04,22246.559,21579.162,125.458,744566.422
2026-08-30 14:15:00,4135001,INV01,20338.773,19728.61,138.225,654939.4
2026-08-30 14:15:00,4135001,INV02,19522.998,18937.308,135.025,885413.139
2026-08-30 14:15:00,4135001,INV03,19454.746,18871.104,133.12,797894.642
2026-08-30 14:15:00,4135001,INV04,20770.06,20146.958,130.494,744571.458
2026-08-30 14:30:00,4135001,INV01,18825.463,18260.699,142.79,654943.966
2026-08-30 14:30:00,4135001,INV02,18493.824,17939.009,139.51,885417.624
2026-08-30 14:30:00,4135001,INV03,18751.865,18189.31,137.667,797899.19
2026-08-30 14:30:00,4135001,INV04,18762.379,18199.508,135.044,744576.008
2026-08-30 14:45:00,4135001,INV01,15093.547,14640.741,146.45,654947.626
2026-08-30 14:45:00,4135001,INV02,15875.239,15398.982,143.36,885421.473
2026-08-30 14:45:00,4135001,INV03,15105.721,14652.55,141.331,797902.853
2026-08-30 14:45:00,4135001,INV04,14982.25,14532.783,138.677,744579.641
2026-08-30 15:00:00,4135001,INV01,16926.439,16418.646,150.555,654951.73
2026-08-30 15:00:00,4135001,INV02,16791.403,16287.66,147.432,885425.545
2026-08-30 15:00:00,4135001,INV03,17053.092,16541.499,145.466,797906.988
2026-08-30 15:00:00,4135001,INV04,16589.485,16091.8,142.7,744583.664
2026-08-30 15:15:00,4135001,INV01,16363.075,15872.183,154.523,654955.699
2026-08-30 15:15:00,4135001,INV02,16164.859,15679.913,151.352,885429.465
2026-08-30 15:15:00,4135001,INV03,15778.948,15305.58,149.292,797910.815
2026-08-30 15:15:00,4135001,INV04,15389.917,14928.219,146.432,744587.396
2026-08-30 15:30:00,4135001,INV01,12887.11,12500.497,157.648,654958.824
2026-08-30 15:30:00,4135001,INV02,12966.92,12577.912,154.496,885432.61
2026-08-30 15:30:00,4135001,INV03,13441.039,13037.808,152.552,797914.074
2026-08-30 15:30:00,4135001,INV04,12923.095,12535.403,149.566,744590.53
2026-08-30 15:45:00,4135001,INV01,12096.741,11733.839,160.582,654961.757
2026-08-30 15:45:00,4135001,INV02,11823.831,11469.116,157.363,885435.477
2026-08-30 15:45:00,4135001,INV03,12739.079,12356.906,155.641,797917.163
2026-08-30 15:45:00,4135001,INV04,12132.296,11768.327,152.508,744593.472
2026-08-30 16:00:00,4135001,INV01,10761.036,10438.205,163.191,654964.367
2026-08-30 16:00:00,4135001,INV02,10696.244,10375.357,159.957,885438.071
2026-08-30 16:00:00,4135001,INV03,10081.759,9779.306,158.086,797919.608
2026-08-30 16:00:00,4135001,INV04,10010.894,9710.567,154.936,744595.9
2026-08-30 16:15:00,4135001,INV01,10138.406,9834.253,165.65,654966.825
2026-08-30 16:15:00,4135001,INV02,10023.852,9723.136,162.388,885440.502
2026-08-30 16:15:00,4135001,INV03,10275.842,9967.567,160.578,797922.1
2026-08-30 16:15:00,4135001,INV04,10344.91,10034.562,157.445,744598.409
2026-08-30 16:30:00,4135001,INV01,8138.552,7894.395,167.623,654968.799
2026-08-30 16:30:00,4135001,INV02,7782.324,7548.854,164.275,885442.389
2026-08-30 16:30:00,4135001,INV03,7878.593,7642.235,162.488,797924.01
2026-08-30 16:30:00,4135001,INV04,7943.199,7704.903,159.371,744600.335
2026-08-30 16:45:00,4135001,INV01,7292.558,7073.781,169.392,654970.567
2026-08-30 16:45:00,4135001,INV02,7401.39,7179.348,166.07,885444.184
2026-08-30 16:45:00,4135001,INV03,7143.451,6929.148,164.221,797925.743
2026-08-30 16:45:00,4135001,INV04,7437.571,7214.444,161.174,744602.138
2026-08-30 17:00:00,4135001,INV01,10115.989,9812.509,171.845,654973.02
2026-08-30 17:00:00,4135001,INV02,9869.596,9573.508,168.463,885446.577
2026-08-30 17:00:00,4135001,INV03,2040.328,1979.118,164.715,797926.238
2026-08-30 17:00:00,4135001,INV04,10144.277,9839.949,163.634,744604.598
2026-08-30 17:15:00,4135001,INV01,6608.742,6410.48,173.447,654974.623
2026-08-30 17:15:00,4135001,INV02,6950.239,6741.732,170.149,885448.262
2026-08-30 17:15:00,4135001,INV03,6876.21,6669.924,166.383,797927.905
2026-08-30 17:15:00,4135001,INV04,6789.982,6586.282,165.281,744606.245
2026-08-30 17:30:00,4135001,INV01,4659.717,4519.925,174.577,654975.753
2026-08-30 17:30:00,4135001,INV02,4742.825,4600.54,171.299,885449.413
2026-08-30 17:30:00,4135001,INV03,4717.637,4576.108,167.527,797929.049
2026-08-30 17:30:00,4135001,INV04,4482.009,4347.549,166.368,744607.332
2026-08-30 17:45:00,4135001,INV01,4092.533,3969.757,175.57,654976.745
2026-08-30 17:45:00,4135001,INV02,4392.076,4260.313,172.364,885450.478
2026-08-30 17:45:00,4135001,INV03,4066.449,3944.455,168.513,797930.035
2026-08-30 17:45:00,4135001,INV04,4193.739,4067.926,167.385,744608.349
2026-08-30 18:00:00,4135001,INV01,4394.996,4263.146,176.636,654977.811
2026-08-30 18:00:00,4135001,INV02,4277.914,4149.577,173.401,885451.515
2026-08-30 18:00:00,4135001,INV03,4572.014,4434.853,169.622,797931.144
2026-08-30 18:00:00,4135001,INV04,4283.899,4155.382,168.424,744609.388
2026-08-30 18:15:00,4135001,INV01,3648.394,3538.942,177.52,654978.696
2026-08-30 18:15:00,4135001,INV02,3426.497,3323.702,174.232,885452.346
2026-08-30 18:15:00,4135001,INV03,3462.427,3358.555,170.461,797931.984
2026-08-30 18:15:00,4135001,INV04,557.051,540.34,168.559,744609.523
2026-08-30 18:30:00,4135001,INV01,2286.43,2217.837,178.075,654979.25
2026-08-30 18:30:00,4135001,INV02,2215.475,2149.01,174.77,885452.883
2026-08-30 18:30:00,4135001,INV03,2244.283,2176.955,171.006,797932.528
2026-08-30 18:30:00,4135001,INV04,2307.231,2238.014,169.118,744610.082
2026-08-30 18:45:00,4135001,INV01,0.0,0.0,178.075,654979.25
2026-08-30 18:45:00,4135001,INV02,0.0,0.0,174.77,885452.883
2026-08-30 18:45:00,4135001,INV03,0.0,0.0,171.006,797932.528
2026-08-30 18:45:00,4135001,INV04,17.95,17.411,169.123,744610.087
2026-08-30 19:00:00,4135001,INV01,0.0,0.0,178.075,654979.25
2026-08-30 19:00:00,4135001,INV02,10.787,10.463,174.772,885452.886
2026-08-30 19:00:00,4135001,INV03,0.0,0.0,171.006,797932.528
2026-08-30 19:00:00,4135001,INV04,14.398,13.966,169.126,744610.09
2026-08-30 19:15:00,4135001,INV01,0.0,0.0,178.075,654979.25
2026-08-30 19:15:00,4135001,INV02,4.848,4.702,174.773,885452.887
2026-08-30 19:15:00,4135001,INV03,12.663,12.283,171.009,797932.531
2026-08-30 19:15:00,4135001,INV04,0.0,0.0,169.126,744610.09
2026-08-30 19:30:00,4135001,INV01,0.0,0.0,178.075,654979.25
2026-08-30 19:30:00,4135001,INV02,16.114,15.631,174.777,885452.891
2026-08-30 19:30:00,4135001,INV03,0.0,0.0,171.009,797932.531
2026-08-30 19:30:00,4135001,INV04,0.0,0.0,169.126,744610.09
2026-08-30 19:45:00,4135001,INV01,2.184,2.118,178.075,654979.251
2026-08-30 19:45:00,4135001,INV02,0.0,0.0,174.777,885452.891
2026-08-30 19:45:00,4135001,INV03,0.633,0.614,171.009,797932.531
2026-08-30 19:45:00,4135001,INV04,0.0,0.0,169.126,744610.09
2026-08-30 20:00:00,4135001,INV01,41.019,39.789,178.085,654979.261
2026-08-30 20:00:00,4135001,INV02,0.0,0.0,174.777,885452.891
2026-08-30 20:00:00,4135001,INV03,5.385,5.224,171.01,797932.532
2026-08-30 20:00:00,4135001,INV04,1.785,1.731,169.127,744610.091
2026-08-30 20:15:00,4135001,INV01,0.0,0.0,178.085,654979.261
2026-08-30 20:15:00,4135001,INV02,5.628,5.459,174.779,885452.892
2026-08-30 20:15:00,4135001,INV03,0.0,0.0,171.01,797932.532
2026-08-30 20:15:00,4135001,INV04,0.0,0.0,169.127,744610.091
2026-08-30 20:30:00,4135001,INV01,3.03,2.939,178.086,654979.262
2026-08-30 20:30:00,4135001,INV02,0.0,0.0,174.779,885452.892
2026-08-30 20:30:00,4135001,INV03,3.2,3.104,171.011,797932.533
2026-08-30 20:30:00,4135001,INV04,9.346,9.065,169.129,744610.093
2026-08-30 20:45:00,4135001,INV01,0.0,0.0,178.086,654979.262
2026-08-30 20:45:00,4135001,INV02,0.0,0.0,174.779,885452.892
2026-08-30 20:45:00,4135001,INV03,10.347,10.037,171.013,797932.536
2026-08-30 20:45:00,4135001,INV04,5.119,4.966,169.13,744610.094
2026-08-30 21:00:00,4135001,INV01,19.294,18.715,178.091,654979.266
2026-08-30 21:00:00,4135001,INV02,0.0,0.0,174.779,885452.892
2026-08-30 21:00:00,4135001,INV03,6.137,5.953,171.015,797932.537
2026-08-30 21:00:00,4135001,INV04,0.0,0.0,169.13,744610.094
2026-08-30 21:15:00,4135001,INV01,0.0,0.0,178.091,654979.266
2026-08-30 21:15:00,4135001,INV02,11.542,11.195,174.782,885452.895
2026-08-30 21:15:00,4135001,INV03,15.134,14.68,171.019,797932.541
2026-08-30 21:15:00,4135001,INV04,5.113,4.96,169.131,744610.095
2026-08-30 21:30:00,4135001,INV01,6.32,6.131,178.092,654979.268
2026-08-30 21:30:00,4135001,INV02,9.676,9.386,174.784,885452.897
2026-08-30 21:30:00,4135001,INV03,9.65,9.36,171.021,797932.543
2026-08-30 21:30:00,4135001,INV04,0.0,0.0,169.131,744610.095
2026-08-30 21:45:00,4135001,INV01,0.0,0.0,178.092,654979.268
2026-08-30 21:45:00,4135001,INV02,7.145,6.93,174.786,885452.899
2026-08-30 21:45:00,4135001,INV03,0.964,0.935,171.021,797932.543
2026-08-30 21:45:00,4135001,INV04,0.0,0.0,169.131,744610.095
2026-08-30 22:00:00,4135001,INV01,0.0,0.0,178.092,654979.268
2026-08-30 22:00:00,4135001,INV02,0.0,0.0,174.786,885452.899
2026-08-30 22:00:00,4135001,INV03,0.0,0.0,171.021,797932.543
2026-08-30 22:00:00,4135001,INV04,0.698,0.677,169.132,744610.096
2026-08-30 22:15:00,4135001,INV01,0.0,0.0,178.092,654979.268
2026-08-30 22:15:00,4135001,INV02,0.0,0.0,174.786,885452.899
2026-08-30 22:15:00,4135001,INV03,0.0,0.0,171.021,797932.543
2026-08-30 22:15:00,4135001,INV04,0.0,0.0,169.132,744610.096
2026-08-30 22:30:00,4135001,INV01,0.0,0.0,178.092,654979.268
2026-08-30 22:30:00,4135001,INV02,0.514,0.498,174.786,885452.899
2026-08-30 22:30:00,4135001,INV03,0.0,0.0,171.021,797932.543
2026-08-30 22:30:00,4135001,INV04,0.0,0.0,169.132,744610.096
2026-08-30 22:45:00,4135001,INV01,0.0,0.0,178.092,654979.268
2026-08-30 22:45:00,4135001,INV02,16.458,15.964,174.79,885452.903
2026-08-30 22:45:00,4135001,INV03,0.0,0.0,171.021,797932.543
2026-08-30 22:45:00,4135001,INV04,3.94,3.822,169.133,744610.096
2026-08-30 23:00:00,4135001,INV01,7.391,7.169,178.094,654979.27
2026-08-30 23:00:00,4135001,INV02,10.548,10.232,174.792,885452.906
2026-08-30 23:00:00,4135001,INV03,13.417,13.015,171.024,797932.547
2026-08-30 23:00:00,4135001,INV04,0.0,0.0,169.133,744610.096
2026-08-30 23:15:00,4135001,INV01,0.0,0.0,178.094,654979.27
2026-08-30 23:15:00,4135001,INV02,2.704,2.623,174.793,885452.907
2026-08-30 23:15:00,4135001,INV03,0.0,0.0,171.024,797932.547
2026-08-30 23:15:00,4135001,INV04,11.384,11.042,169.135,744610.099
2026-08-30 23:30:00,4135001,INV01,12.359,11.988,178.097,654979.273
2026-08-30 23:30:00,4135001,INV02,11.083,10.751,174.796,885452.909
2026-08-30 23:30:00,4135001,INV03,0.0,0.0,171.024,797932.547
2026-08-30 23:30:00,4135001,INV04,0.0,0.0,169.135,744610.099
2026-08-30 23:45:00,4135001,INV01,26.028,25.247,178.103,654979.279
2026-08-30 23:45:00,4135001,INV02,15.46,14.996,174.799,885452.913
2026-08-30 23:45:00,4135001,INV03,3.191,3.095,171.025,797932.547
2026-08-30 23:45:00,4135001,INV04,0.0,0.0,169.135,744610.099
